{
"type": "FeatureCollection",
"name": "Land_Bank_Property_2025",
"features": [
{ "type": "Feature", "properties": { "Name": "Surfside/Weweeder/TON", "Acres": 39.2262, "Address": "Surfside", "Area": 1708687.63546, "FID": 0, "Field_1": "Surfside/Weweeder/TON", "Hunting": null, "Name2": "Surfside/Weweeder/TON", "Owner": "NLB", "Perimeter": 17104.615308, "Seller_Nam": null }, "geometry": { "type": "MultiPolygon", "coordinates": [ [ [ [ -70.0998436, 41.2439143, 0.0 ], [ -70.0998436, 41.2439133, 0.0 ], [ -70.0998421, 41.2439143, 0.0 ], [ -70.0998436, 41.2439143, 0.0 ] ] ], [ [ [ -70.0998436, 41.2439143, 0.0 ], [ -70.0998431, 41.2439726, 0.0 ], [ -70.1002527, 41.2439737, 0.0 ], [ -70.1002325, 41.2440345, 0.0 ], [ -70.0999713, 41.2447535, 0.0 ], [ -70.0996209, 41.2447027, 0.0 ], [ -70.0996793, 41.2446663, 0.0 ], [ -70.0987889, 41.2445552, 0.0 ], [ -70.0983847, 41.2445047, 0.0 ], [ -70.0984117, 41.2443552, 0.0 ], [ -70.0983459, 41.2443488, 0.0 ], [ -70.0983215, 41.2445622, 0.0 ], [ -70.097739, 41.2445195, 0.0 ], [ -70.0976983, 41.2447854, 0.0 ], [ -70.0975956, 41.2451882, 0.0 ], [ -70.0973928, 41.2459837, 0.0 ], [ -70.0973854, 41.2460129, 0.0 ], [ -70.0973543, 41.2460385, 0.0 ], [ -70.0973409, 41.2460685, 0.0 ], [ -70.0973406, 41.2461136, 0.0 ], [ -70.0973554, 41.246149, 0.0 ], [ -70.0973475, 41.2461812, 0.0 ], [ -70.0972855, 41.246439, 0.0 ], [ -70.0971852, 41.2468549, 0.0 ], [ -70.0971657, 41.2469754, 0.0 ], [ -70.0971167, 41.2471657, 0.0 ], [ -70.0971418, 41.2471661, 0.0 ], [ -70.0971276, 41.2471961, 0.0 ], [ -70.0971158, 41.2472631, 0.0 ], [ -70.0971295, 41.2473383, 0.0 ], [ -70.0971099, 41.2474133, 0.0 ], [ -70.0971146, 41.247467, 0.0 ], [ -70.097109, 41.2475586, 0.0 ], [ -70.0971197, 41.2475938, 0.0 ], [ -70.0971464, 41.2476129, 0.0 ], [ -70.0971837, 41.2476089, 0.0 ], [ -70.0972289, 41.2475792, 0.0 ], [ -70.0973322, 41.2474892, 0.0 ], [ -70.0973797, 41.2474465, 0.0 ], [ -70.0974087, 41.2473929, 0.0 ], [ -70.0974756, 41.2472966, 0.0 ], [ -70.0975139, 41.2472073, 0.0 ], [ -70.0976044, 41.2471289, 0.0 ], [ -70.0976621, 41.2470576, 0.0 ], [ -70.0977528, 41.2469471, 0.0 ], [ -70.0977673, 41.2468756, 0.0 ], [ -70.0977772, 41.2468255, 0.0 ], [ -70.0978152, 41.2467828, 0.0 ], [ -70.0978915, 41.2467151, 0.0 ], [ -70.0979533, 41.2466402, 0.0 ], [ -70.0979823, 41.2465831, 0.0 ], [ -70.097997, 41.2464794, 0.0 ], [ -70.0980091, 41.2464416, 0.0 ], [ -70.0980357, 41.2463966, 0.0 ], [ -70.0981033, 41.2461914, 0.0 ], [ -70.0981568, 41.2461465, 0.0 ], [ -70.0982166, 41.2461116, 0.0 ], [ -70.0983238, 41.2459767, 0.0 ], [ -70.0983443, 41.2458866, 0.0 ], [ -70.0983912, 41.2457966, 0.0 ], [ -70.0984449, 41.2457116, 0.0 ], [ -70.0985652, 41.2455918, 0.0 ], [ -70.0987116, 41.2455171, 0.0 ], [ -70.0987851, 41.2454673, 0.0 ], [ -70.098825, 41.2454023, 0.0 ], [ -70.0988923, 41.2452472, 0.0 ], [ -70.0989397, 41.2451622, 0.0 ], [ -70.0989793, 41.2451373, 0.0 ], [ -70.0990195, 41.2451174, 0.0 ], [ -70.0990728, 41.2450875, 0.0 ], [ -70.0990994, 41.2450576, 0.0 ], [ -70.0991259, 41.2450276, 0.0 ], [ -70.099153, 41.2449876, 0.0 ], [ -70.0992065, 41.2449377, 0.0 ], [ -70.09926, 41.2448828, 0.0 ], [ -70.099333, 41.2448379, 0.0 ], [ -70.0994841, 41.2447993, 0.0 ], [ -70.0991321, 41.2451328, 0.0 ], [ -70.0989251, 41.2453175, 0.0 ], [ -70.0988571, 41.2455125, 0.0 ], [ -70.0988307, 41.2455877, 0.0 ], [ -70.0988122, 41.2456381, 0.0 ], [ -70.0985317, 41.2464565, 0.0 ], [ -70.0983624, 41.246933, 0.0 ], [ -70.0983218, 41.247034, 0.0 ], [ -70.0978495, 41.2483019, 0.0 ], [ -70.0978047, 41.2484106, 0.0 ], [ -70.0975795, 41.2490375, 0.0 ], [ -70.0974588, 41.2493732, 0.0 ], [ -70.0974876, 41.2497143, 0.0 ], [ -70.097071, 41.2496799, 0.0 ], [ -70.0969805, 41.2496725, 0.0 ], [ -70.0969739, 41.2497937, 0.0 ], [ -70.0968531, 41.24978, 0.0 ], [ -70.096964, 41.2512431, 0.0 ], [ -70.097069, 41.2526564, 0.0 ], [ -70.0971172, 41.2533097, 0.0 ], [ -70.0971655, 41.2539593, 0.0 ], [ -70.0972104, 41.2545648, 0.0 ], [ -70.0972494, 41.2550951, 0.0 ], [ -70.0972944, 41.2557006, 0.0 ], [ -70.0973401, 41.2563173, 0.0 ], [ -70.0973989, 41.25711, 0.0 ], [ -70.0974219, 41.2574253, 0.0 ], [ -70.0974616, 41.2579168, 0.0 ], [ -70.0975581, 41.2590914, 0.0 ], [ -70.0977085, 41.258799, 0.0 ], [ -70.097662, 41.2582287, 0.0 ], [ -70.0976273, 41.2578089, 0.0 ], [ -70.0975956, 41.2574223, 0.0 ], [ -70.0975316, 41.2566652, 0.0 ], [ -70.0974535, 41.2556903, 0.0 ], [ -70.0974542, 41.2555756, 0.0 ], [ -70.0972873, 41.2533732, 0.0 ], [ -70.0974145, 41.2533103, 0.0 ], [ -70.097396, 41.2530739, 0.0 ], [ -70.0974977, 41.2527998, 0.0 ], [ -70.0976789, 41.2523114, 0.0 ], [ -70.0978606, 41.2518215, 0.0 ], [ -70.0980445, 41.2513259, 0.0 ], [ -70.0982243, 41.2508414, 0.0 ], [ -70.0984416, 41.250255, 0.0 ], [ -70.0985215, 41.2500478, 0.0 ], [ -70.0985713, 41.2499293, 0.0 ], [ -70.0986772, 41.2496426, 0.0 ], [ -70.0988986, 41.2490421, 0.0 ], [ -70.0991108, 41.248466, 0.0 ], [ -70.0993252, 41.2478842, 0.0 ], [ -70.0995439, 41.2472909, 0.0 ], [ -70.0995837, 41.2471687, 0.0 ], [ -70.0997703, 41.2466939, 0.0 ], [ -70.099854, 41.2464499, 0.0 ], [ -70.1004409, 41.2448595, 0.0 ], [ -70.1004717, 41.2448657, 0.0 ], [ -70.1006123, 41.2448937, 0.0 ], [ -70.1016318, 41.245097, 0.0 ], [ -70.1027216, 41.2453143, 0.0 ], [ -70.102676, 41.2454445, 0.0 ], [ -70.1027781, 41.2454751, 0.0 ], [ -70.1027969, 41.2454808, 0.0 ], [ -70.1028693, 41.2452864, 0.0 ], [ -70.1020417, 41.2451079, 0.0 ], [ -70.1025179, 41.2442355, 0.0 ], [ -70.1025518, 41.2441284, 0.0 ], [ -70.1029125, 41.243482, 0.0 ], [ -70.1029442, 41.2434248, 0.0 ], [ -70.1028826, 41.2433141, 0.0 ], [ -70.1025432, 41.2434413, 0.0 ], [ -70.1002218, 41.2439195, 0.0 ], [ -70.0998436, 41.2439143, 0.0 ] ] ] ] } },
{ "type": "Feature", "properties": { "Name": "Poor", "Acres": 0.031556, "Address": "Surfside", "Area": 1374.588228, "FID": 1, "Field_1": "Poor", "Hunting": null, "Name2": "Poor", "Owner": "NLB", "Perimeter": 286.805406, "Seller_Nam": null }, "geometry": { "type": "Polygon", "coordinates": [ [ [ -70.0671317, 41.244314, 0.0 ], [ -70.067194, 41.2443187, 0.0 ], [ -70.0676133, 41.2443516, 0.0 ], [ -70.0676218, 41.2443019, 0.0 ], [ -70.0676199, 41.2443021, 0.0 ], [ -70.0675856, 41.2443034, 0.0 ], [ -70.0675575, 41.2443048, 0.0 ], [ -70.0675235, 41.2443063, 0.0 ], [ -70.0675124, 41.244307, 0.0 ], [ -70.0674806, 41.2443046, 0.0 ], [ -70.0674539, 41.2443027, 0.0 ], [ -70.0674324, 41.2443002, 0.0 ], [ -70.0674047, 41.2443019, 0.0 ], [ -70.0673789, 41.2443028, 0.0 ], [ -70.0673526, 41.2443045, 0.0 ], [ -70.067326, 41.2443048, 0.0 ], [ -70.0672935, 41.2443041, 0.0 ], [ -70.0672635, 41.244303, 0.0 ], [ -70.0672388, 41.2443018, 0.0 ], [ -70.0671317, 41.244314, 0.0 ] ] ] } },
{ "type": "Feature", "properties": { "Name": "Woodworth", "Acres": 0.593447, "Address": "64 Nobadeer Av", "Area": 21744.43772, "FID": 2, "Field_1": "Woodworth", "Hunting": null, "Name2": "Woodworth", "Owner": "NLB", "Perimeter": 620.348797, "Seller_Nam": null }, "geometry": { "type": "Polygon", "coordinates": [ [ [ -70.0790121, 41.2458157, 0.0 ], [ -70.0798849, 41.2458912, 0.0 ], [ -70.0799231, 41.2455936, 0.0 ], [ -70.0790494, 41.2455285, 0.0 ], [ -70.0790121, 41.2458157, 0.0 ] ] ] } },
{ "type": "Feature", "properties": { "Name": "Madequecham", "Acres": 47.3908, "Address": "Off Old South Rd", "Area": 2064335.7860300001, "FID": 3, "Field_1": "Madequecham", "Hunting": null, "Name2": "Madequecham", "Owner": "NLB", "Perimeter": 6020.105392, "Seller_Nam": null }, "geometry": { "type": "Polygon", "coordinates": [ [ [ -70.0447558, 41.2533142, 0.0 ], [ -70.044947, 41.2549017, 0.0 ], [ -70.0452178, 41.2571458, 0.0 ], [ -70.0458867, 41.2570833, 0.0 ], [ -70.0459212, 41.2570801, 0.0 ], [ -70.0459167, 41.2570117, 0.0 ], [ -70.0476638, 41.2569787, 0.0 ], [ -70.0495151, 41.2569436, 0.0 ], [ -70.0494644, 41.25622, 0.0 ], [ -70.0494615, 41.2561785, 0.0 ], [ -70.0494149, 41.2555673, 0.0 ], [ -70.0493494, 41.2547069, 0.0 ], [ -70.0493259, 41.2543533, 0.0 ], [ -70.0491971, 41.2533903, 0.0 ], [ -70.0491495, 41.2530409, 0.0 ], [ -70.0490048, 41.2529889, 0.0 ], [ -70.0483489, 41.2527858, 0.0 ], [ -70.0459497, 41.2520426, 0.0 ], [ -70.0459089, 41.25203, 0.0 ], [ -70.0449468, 41.2517319, 0.0 ], [ -70.044774, 41.2516707, 0.0 ], [ -70.0447215, 41.2516346, 0.0 ], [ -70.0445565, 41.2516327, 0.0 ], [ -70.0447558, 41.2533142, 0.0 ] ] ] } },
{ "type": "Feature", "properties": { "Name": "Ferreira/Open Land Fund", "Acres": 32.353802, "Address": "70, 100 Miacomet Rd", "Area": 1409327.7033200001, "FID": 4, "Field_1": "Ferreira/Open Land Fund", "Hunting": null, "Name2": "Ferreira/Open Land Fund", "Owner": "NLB", "Perimeter": 6988.449933, "Seller_Nam": null }, "geometry": { "type": "Polygon", "coordinates": [ [ [ -70.1059873, 41.2559939, 0.0 ], [ -70.1078154, 41.2565273, 0.0 ], [ -70.1078162, 41.2565266, 0.0 ], [ -70.1097088, 41.255023, 0.0 ], [ -70.1107262, 41.2542762, 0.0 ], [ -70.1087827, 41.2537092, 0.0 ], [ -70.1091075, 41.2534036, 0.0 ], [ -70.1094426, 41.2530882, 0.0 ], [ -70.1097731, 41.2527774, 0.0 ], [ -70.1118686, 41.2533971, 0.0 ], [ -70.1119308, 41.2533637, 0.0 ], [ -70.1071782, 41.2519781, 0.0 ], [ -70.1071707, 41.2519929, 0.0 ], [ -70.1069448, 41.2524429, 0.0 ], [ -70.1066528, 41.2529551, 0.0 ], [ -70.1065946, 41.2530708, 0.0 ], [ -70.1063494, 41.2535452, 0.0 ], [ -70.1062768, 41.2536858, 0.0 ], [ -70.1059519, 41.2543142, 0.0 ], [ -70.1058954, 41.2544236, 0.0 ], [ -70.1056084, 41.2549788, 0.0 ], [ -70.1052554, 41.2556617, 0.0 ], [ -70.1051696, 41.2558277, 0.0 ], [ -70.1051531, 41.2558594, 0.0 ], [ -70.1047755, 41.25659, 0.0 ], [ -70.1051131, 41.2566885, 0.0 ], [ -70.1055502, 41.2563412, 0.0 ], [ -70.1059873, 41.2559939, 0.0 ] ] ] } },
{ "type": "Feature", "properties": { "Name": "Madequecham Gun Club", "Acres": 0.257364, "Address": "16 Shadbush Rd", "Area": 11210.734422, "FID": 5, "Field_1": "Madequecham Gun Club", "Hunting": null, "Name2": "Madequecham Gun Club", "Owner": "NLB", "Perimeter": 427.2606, "Seller_Nam": null }, "geometry": { "type": "Polygon", "coordinates": [ [ [ -70.0459626, 41.2576985, 0.0 ], [ -70.0459851, 41.2580323, 0.0 ], [ -70.0463239, 41.2580243, 0.0 ], [ -70.0463181, 41.2579457, 0.0 ], [ -70.0462946, 41.257693, 0.0 ], [ -70.0459626, 41.2576985, 0.0 ] ] ] } },
{ "type": "Feature", "properties": { "Name": "Sandpiper Close", "Acres": 30.2215, "Address": "50 Tom Nevers Rd", "Area": 1316445.4783699999, "FID": 6, "Field_1": "Sandpiper Close", "Hunting": null, "Name2": "Sandpiper Close", "Owner": "NLB", "Perimeter": 11700.502495000001, "Seller_Nam": null }, "geometry": { "type": "MultiPolygon", "coordinates": [ [ [ [ -70.0020564, 41.2532707, 0.0 ], [ -70.0020653, 41.2533029, 0.0 ], [ -70.0020796, 41.2533339, 0.0 ], [ -70.0020998, 41.2533632, 0.0 ], [ -70.0021246, 41.2533903, 0.0 ], [ -70.0021535, 41.2534147, 0.0 ], [ -70.002187, 41.2534359, 0.0 ], [ -70.0022242, 41.2534539, 0.0 ], [ -70.00235, 41.2535171, 0.0 ], [ -70.0023744, 41.2535437, 0.0 ], [ -70.0025658, 41.2535465, 0.0 ], [ -70.0025793, 41.2532541, 0.0 ], [ -70.002053, 41.2532426, 0.0 ], [ -70.0020564, 41.2532707, 0.0 ] ] ], [ [ [ -70.0011866, 41.253888, 0.0 ], [ -70.0011465, 41.253901, 0.0 ], [ -70.0011087, 41.2539171, 0.0 ], [ -70.0010317, 41.253993, 0.0 ], [ -70.001016, 41.2540238, 0.0 ], [ -70.001004, 41.2540554, 0.0 ], [ -70.0009946, 41.2540876, 0.0 ], [ -70.0009924, 41.2541005, 0.0 ], [ -70.001003, 41.2541245, 0.0 ], [ -70.0010079, 41.2541495, 0.0 ], [ -70.001007, 41.2541747, 0.0 ], [ -70.0010003, 41.2541995, 0.0 ], [ -70.000988, 41.254223, 0.0 ], [ -70.0009705, 41.2542445, 0.0 ], [ -70.0010079, 41.2545718, 0.0 ], [ -70.0011683, 41.2547391, 0.0 ], [ -70.0014284, 41.2546755, 0.0 ], [ -70.0011079, 41.2539627, 0.0 ], [ -70.0017315, 41.2539614, 0.0 ], [ -70.0026422, 41.2539595, 0.0 ], [ -70.0025613, 41.2539, 0.0 ], [ -70.0025246, 41.2538831, 0.0 ], [ -70.0024832, 41.2538837, 0.0 ], [ -70.00244, 41.2538797, 0.0 ], [ -70.0023987, 41.2538688, 0.0 ], [ -70.0023616, 41.2538517, 0.0 ], [ -70.0023299, 41.2538291, 0.0 ], [ -70.0023051, 41.2538019, 0.0 ], [ -70.002289, 41.2537715, 0.0 ], [ -70.0022811, 41.2537392, 0.0 ], [ -70.0022827, 41.2537063, 0.0 ], [ -70.0022866, 41.2536727, 0.0 ], [ -70.0021053, 41.2535955, 0.0 ], [ -70.0020626, 41.2535905, 0.0 ], [ -70.0020199, 41.2535962, 0.0 ], [ -70.0019879, 41.2536087, 0.0 ], [ -70.001912, 41.2536675, 0.0 ], [ -70.0018864, 41.2536941, 0.0 ], [ -70.001858, 41.253719, 0.0 ], [ -70.0018269, 41.2537422, 0.0 ], [ -70.0017936, 41.2537635, 0.0 ], [ -70.0017584, 41.2537827, 0.0 ], [ -70.001721, 41.2537998, 0.0 ], [ -70.0016818, 41.2538146, 0.0 ], [ -70.0016417, 41.253827, 0.0 ], [ -70.0015998, 41.253837, 0.0 ], [ -70.0015575, 41.2538445, 0.0 ], [ -70.0015161, 41.2538493, 0.0 ], [ -70.0014298, 41.2538599, 0.0 ], [ -70.001409, 41.2538625, 0.0 ], [ -70.0013569, 41.2538662, 0.0 ], [ -70.0013145, 41.2538683, 0.0 ], [ -70.0012713, 41.2538715, 0.0 ], [ -70.0012285, 41.2538781, 0.0 ], [ -70.0011866, 41.253888, 0.0 ] ] ], [ [ [ -69.9978872, 41.2567797, 0.0 ], [ -69.9978877, 41.2567816, 0.0 ], [ -69.9978934, 41.2568087, 0.0 ], [ -69.9978977, 41.256836, 0.0 ], [ -69.9979011, 41.2568633, 0.0 ], [ -69.9979032, 41.2568907, 0.0 ], [ -69.9979043, 41.2569181, 0.0 ], [ -69.9979041, 41.2569456, 0.0 ], [ -69.997903, 41.256973, 0.0 ], [ -69.997901, 41.2570004, 0.0 ], [ -69.9978917, 41.2570283, 0.0 ], [ -69.9978337, 41.257183, 0.0 ], [ -69.9977705, 41.257356, 0.0 ], [ -69.9977234, 41.2575067, 0.0 ], [ -69.9977101, 41.2575322, 0.0 ], [ -69.9977003, 41.2575587, 0.0 ], [ -69.9976946, 41.2575858, 0.0 ], [ -69.9976926, 41.2576132, 0.0 ], [ -69.9976947, 41.2576405, 0.0 ], [ -69.9977004, 41.2576676, 0.0 ], [ -69.9977375, 41.2578109, 0.0 ], [ -69.9977445, 41.2578379, 0.0 ], [ -69.9977525, 41.2578646, 0.0 ], [ -69.9977619, 41.2578911, 0.0 ], [ -69.9977916, 41.2579207, 0.0 ], [ -69.9980057, 41.2572231, 0.0 ], [ -69.9980686, 41.2570184, 0.0 ], [ -69.9981603, 41.2567417, 0.0 ], [ -69.9978633, 41.2566951, 0.0 ], [ -69.9978872, 41.2567797, 0.0 ] ] ], [ [ [ -69.9964469, 41.2570217, 0.0 ], [ -69.9965405, 41.257561, 0.0 ], [ -69.9969061, 41.2579647, 0.0 ], [ -69.9970181, 41.2575392, 0.0 ], [ -69.9970472, 41.2574104, 0.0 ], [ -69.9970679, 41.2572622, 0.0 ], [ -69.9970826, 41.2571924, 0.0 ], [ -69.9971271, 41.2570115, 0.0 ], [ -69.9971577, 41.2568779, 0.0 ], [ -69.9976509, 41.2570044, 0.0 ], [ -69.9977862, 41.2570364, 0.0 ], [ -69.9977949, 41.2569773, 0.0 ], [ -69.9977965, 41.2569179, 0.0 ], [ -69.9977909, 41.2568586, 0.0 ], [ -69.9977783, 41.2567999, 0.0 ], [ -69.9977587, 41.2567424, 0.0 ], [ -69.9977323, 41.2566864, 0.0 ], [ -69.9976831, 41.2566214, 0.0 ], [ -69.997626, 41.2565603, 0.0 ], [ -69.9975616, 41.2565034, 0.0 ], [ -69.9974998, 41.2565431, 0.0 ], [ -69.9974278, 41.2564966, 0.0 ], [ -69.9974546, 41.2564667, 0.0 ], [ -69.9974928, 41.2564275, 0.0 ], [ -69.9974317, 41.2563643, 0.0 ], [ -69.9974973, 41.2562875, 0.0 ], [ -69.9975129, 41.2562107, 0.0 ], [ -69.997563, 41.2560859, 0.0 ], [ -69.9976464, 41.2558129, 0.0 ], [ -69.9983364, 41.2559543, 0.0 ], [ -69.9983899, 41.2559653, 0.0 ], [ -69.998557, 41.255402, 0.0 ], [ -69.9996527, 41.255026, 0.0 ], [ -70.000274, 41.2548154, 0.0 ], [ -70.0001299, 41.2546632, 0.0 ], [ -70.000053, 41.2545819, 0.0 ], [ -69.9997441, 41.2541835, 0.0 ], [ -70.0001149, 41.2535469, 0.0 ], [ -70.0006419, 41.2533904, 0.0 ], [ -70.0010596, 41.2532663, 0.0 ], [ -70.0013033, 41.2536999, 0.0 ], [ -70.0013098, 41.2537115, 0.0 ], [ -70.0014008, 41.2537058, 0.0 ], [ -70.0014262, 41.2537042, 0.0 ], [ -70.0014699, 41.2537043, 0.0 ], [ -70.0015136, 41.2537008, 0.0 ], [ -70.0015559, 41.2536939, 0.0 ], [ -70.0015973, 41.2536835, 0.0 ], [ -70.001637, 41.2536698, 0.0 ], [ -70.0016744, 41.253653, 0.0 ], [ -70.0017095, 41.2536332, 0.0 ], [ -70.0017411, 41.2536106, 0.0 ], [ -70.0017695, 41.2535857, 0.0 ], [ -70.0017942, 41.2535585, 0.0 ], [ -70.0018149, 41.2535295, 0.0 ], [ -70.0018315, 41.253499, 0.0 ], [ -70.0018431, 41.2534674, 0.0 ], [ -70.0018506, 41.2534349, 0.0 ], [ -70.0018705, 41.2533951, 0.0 ], [ -70.0018635, 41.2533515, 0.0 ], [ -70.0018462, 41.2533051, 0.0 ], [ -70.0018464, 41.2532669, 0.0 ], [ -70.0018619, 41.253204, 0.0 ], [ -70.0013373, 41.2532686, 0.0 ], [ -70.0011698, 41.2528188, 0.0 ], [ -70.0010878, 41.2525995, 0.0 ], [ -70.0015944, 41.252451, 0.0 ], [ -70.002241, 41.2522613, 0.0 ], [ -69.9993783, 41.2499069, 0.0 ], [ -69.9990613, 41.2501019, 0.0 ], [ -69.9990894, 41.2507688, 0.0 ], [ -69.9991109, 41.2512744, 0.0 ], [ -69.9991325, 41.2517801, 0.0 ], [ -69.9991537, 41.2522825, 0.0 ], [ -69.9991768, 41.2528207, 0.0 ], [ -69.9991976, 41.2533109, 0.0 ], [ -69.9990405, 41.2535218, 0.0 ], [ -69.9986795, 41.2540063, 0.0 ], [ -69.9983548, 41.2544424, 0.0 ], [ -69.9979841, 41.2549404, 0.0 ], [ -69.9977356, 41.255274, 0.0 ], [ -69.997587, 41.2553218, 0.0 ], [ -69.9972517, 41.2554199, 0.0 ], [ -69.9965464, 41.2556232, 0.0 ], [ -69.9962033, 41.255722, 0.0 ], [ -69.9962116, 41.2557669, 0.0 ], [ -69.9964469, 41.2570217, 0.0 ] ] ] ] } },
{ "type": "Feature", "properties": { "Name": "Myrick", "Acres": 7.12115, "Address": "15 S Shore Rd", "Area": 310196.08257199998, "FID": 7, "Field_1": "Myrick", "Hunting": null, "Name2": "Myrick", "Owner": "NLB", "Perimeter": 4075.882356, "Seller_Nam": null }, "geometry": { "type": "Polygon", "coordinates": [ [ [ -70.098956, 41.2567354, 0.0 ], [ -70.0988759, 41.2568933, 0.0 ], [ -70.1013714, 41.2576186, 0.0 ], [ -70.1031254, 41.2581284, 0.0 ], [ -70.1051618, 41.2587203, 0.0 ], [ -70.1054983, 41.2583338, 0.0 ], [ -70.0990931, 41.2564651, 0.0 ], [ -70.098956, 41.2567354, 0.0 ] ] ] } },
{ "type": "Feature", "properties": { "Name": "Reis", "Acres": 4.47682, "Address": "80 Miacomet Av", "Area": 195009.641309, "FID": 8, "Field_1": "Reis", "Hunting": null, "Name2": "Reis", "Owner": "NLB", "Perimeter": 1894.803378, "Seller_Nam": null }, "geometry": { "type": "Polygon", "coordinates": [ [ [ -70.1072813, 41.2576586, 0.0 ], [ -70.1071815, 41.2576982, 0.0 ], [ -70.1070883, 41.2577679, 0.0 ], [ -70.1069883, 41.2579224, 0.0 ], [ -70.1069285, 41.2579521, 0.0 ], [ -70.1069083, 41.257992, 0.0 ], [ -70.1068683, 41.2580668, 0.0 ], [ -70.1068282, 41.2581566, 0.0 ], [ -70.1066881, 41.2582522, 0.0 ], [ -70.1066469, 41.2582891, 0.0 ], [ -70.1065995, 41.2583112, 0.0 ], [ -70.1065107, 41.2583375, 0.0 ], [ -70.1064137, 41.2583639, 0.0 ], [ -70.1063011, 41.2584124, 0.0 ], [ -70.1062124, 41.2584944, 0.0 ], [ -70.1061057, 41.2586229, 0.0 ], [ -70.1060135, 41.2587671, 0.0 ], [ -70.1059513, 41.2588292, 0.0 ], [ -70.1058312, 41.2589147, 0.0 ], [ -70.1068181, 41.2594653, 0.0 ], [ -70.1081709, 41.2580506, 0.0 ], [ -70.1073632, 41.2576384, 0.0 ], [ -70.1072813, 41.2576586, 0.0 ] ] ] } },
{ "type": "Feature", "properties": { "Name": "Madequecham Gun Club", "Acres": 20.818701, "Address": "Hinsdale Rd", "Area": 906858.74233399995, "FID": 9, "Field_1": "Madequecham Gun Club", "Hunting": null, "Name2": "Madequecham Gun Club", "Owner": "NLB", "Perimeter": 4949.498332, "Seller_Nam": null }, "geometry": { "type": "Polygon", "coordinates": [ [ [ -70.0380901, 41.2570491, 0.0 ], [ -70.0387461, 41.2594439, 0.0 ], [ -70.0387377, 41.2595349, 0.0 ], [ -70.0440412, 41.2606868, 0.0 ], [ -70.0440713, 41.2605991, 0.0 ], [ -70.0430941, 41.2603848, 0.0 ], [ -70.042407, 41.2598936, 0.0 ], [ -70.0418223, 41.2591647, 0.0 ], [ -70.0416381, 41.2585532, 0.0 ], [ -70.0417922, 41.2575841, 0.0 ], [ -70.0417931, 41.2575782, 0.0 ], [ -70.0412065, 41.2574908, 0.0 ], [ -70.0408727, 41.2574424, 0.0 ], [ -70.0407088, 41.2574186, 0.0 ], [ -70.039612, 41.2572596, 0.0 ], [ -70.0392459, 41.2572065, 0.0 ], [ -70.0382188, 41.2570372, 0.0 ], [ -70.0380901, 41.2570491, 0.0 ] ] ] } },
{ "type": "Feature", "properties": { "Name": "Madequecham Gun Club", "Acres": 1.07393, "Address": "Off Old South Rd", "Area": 46780.02667, "FID": 10, "Field_1": "Madequecham Gun Club", "Hunting": null, "Name2": "Madequecham Gun Club", "Owner": "NLB", "Perimeter": 866.535866, "Seller_Nam": null }, "geometry": { "type": "Polygon", "coordinates": [ [ [ -70.0461073, 41.2598465, 0.0 ], [ -70.0461494, 41.2604717, 0.0 ], [ -70.0469009, 41.260424, 0.0 ], [ -70.046842, 41.2597988, 0.0 ], [ -70.0461073, 41.2598465, 0.0 ] ] ] } },
{ "type": "Feature", "properties": { "Name": "Low Beach", "Acres": 0.104462, "Address": "8 Ocean Av", "Area": 4550.340207, "FID": 11, "Field_1": "Low Beach", "Hunting": null, "Name2": "Low Beach", "Owner": "NLB", "Perimeter": 308.443565, "Seller_Nam": null }, "geometry": { "type": "Polygon", "coordinates": [ [ [ -69.9639695, 41.2604266, 0.0 ], [ -69.9638909, 41.2605902, 0.0 ], [ -69.9639575, 41.2606098, 0.0 ], [ -69.964026, 41.2606281, 0.0 ], [ -69.9641111, 41.2604525, 0.0 ], [ -69.9641704, 41.2603258, 0.0 ], [ -69.9640324, 41.2603001, 0.0 ], [ -69.9639695, 41.2604266, 0.0 ] ] ] } },
{ "type": "Feature", "properties": { "Name": "Miller Lane/TON", "Acres": 1.64686, "Address": "Miller Ln", "Area": 71736.834676, "FID": 12, "Field_1": "Miller Lane/TON", "Hunting": null, "Name2": "Miller Lane/TON", "Owner": "NLB", "Perimeter": 2107.378774, "Seller_Nam": null }, "geometry": { "type": "Polygon", "coordinates": [ [ [ -70.0702608, 41.26029, 0.0 ], [ -70.0702354, 41.2603263, 0.0 ], [ -70.0704653, 41.2604503, 0.0 ], [ -70.070423, 41.260495, 0.0 ], [ -70.0707876, 41.2606918, 0.0 ], [ -70.0713437, 41.2609918, 0.0 ], [ -70.071556, 41.2611064, 0.0 ], [ -70.0719103, 41.2612976, 0.0 ], [ -70.0719281, 41.2613072, 0.0 ], [ -70.0721953, 41.2614512, 0.0 ], [ -70.0724851, 41.2616075, 0.0 ], [ -70.0730774, 41.2619268, 0.0 ], [ -70.0732361, 41.2617593, 0.0 ], [ -70.072994, 41.2616287, 0.0 ], [ -70.0727074, 41.2614742, 0.0 ], [ -70.0724136, 41.2613158, 0.0 ], [ -70.0721379, 41.2611672, 0.0 ], [ -70.0719935, 41.2610893, 0.0 ], [ -70.071864, 41.2610195, 0.0 ], [ -70.0717146, 41.260939, 0.0 ], [ -70.0715963, 41.2608751, 0.0 ], [ -70.0715601, 41.2608556, 0.0 ], [ -70.0712577, 41.2606926, 0.0 ], [ -70.0709578, 41.2605309, 0.0 ], [ -70.0706807, 41.2603815, 0.0 ], [ -70.07039, 41.2602247, 0.0 ], [ -70.0703294, 41.2601921, 0.0 ], [ -70.0702608, 41.26029, 0.0 ] ] ] } },
{ "type": "Feature", "properties": { "Name": "Siaconset", "Acres": 3.92701, "Address": "2, 4, 6, 8, 10 Bluefish Ln, 2, 4, 6 Bass Ln, Off Bluefish Ln", "Area": 171060.01177099999, "FID": 13, "Field_1": "Siaconset", "Hunting": null, "Name2": "Siaconset", "Owner": "NLB", "Perimeter": 2492.249076, "Seller_Nam": null }, "geometry": { "type": "MultiPolygon", "coordinates": [ [ [ [ -69.9714392, 41.2612894, 0.0 ], [ -69.971447, 41.2615009, 0.0 ], [ -69.9714514, 41.2616853, 0.0 ], [ -69.9714605, 41.2618577, 0.0 ], [ -69.9714672, 41.2620429, 0.0 ], [ -69.9725605, 41.2620644, 0.0 ], [ -69.9725799, 41.2620205, 0.0 ], [ -69.972591, 41.2619944, 0.0 ], [ -69.9725944, 41.2619671, 0.0 ], [ -69.9725892, 41.26194, 0.0 ], [ -69.9725547, 41.261814, 0.0 ], [ -69.9724978, 41.2616063, 0.0 ], [ -69.9724496, 41.2614315, 0.0 ], [ -69.9723962, 41.2612354, 0.0 ], [ -69.9723383, 41.2610249, 0.0 ], [ -69.9722036, 41.260532, 0.0 ], [ -69.9721911, 41.2605063, 0.0 ], [ -69.9721686, 41.260485, 0.0 ], [ -69.9721382, 41.2604704, 0.0 ], [ -69.9721028, 41.2604641, 0.0 ], [ -69.9720669, 41.2604666, 0.0 ], [ -69.9718226, 41.2604804, 0.0 ], [ -69.9714383, 41.2605021, 0.0 ], [ -69.9710575, 41.2605237, 0.0 ], [ -69.971227, 41.2610966, 0.0 ], [ -69.9714317, 41.2610849, 0.0 ], [ -69.9714392, 41.2612894, 0.0 ] ] ], [ [ [ -69.9727492, 41.2620021, 0.0 ], [ -69.9727544, 41.2620291, 0.0 ], [ -69.9727714, 41.2620701, 0.0 ], [ -69.9728345, 41.2620718, 0.0 ], [ -69.9725329, 41.2611946, 0.0 ], [ -69.9727492, 41.2620021, 0.0 ] ] ] ] } },
{ "type": "Feature", "properties": { "Name": "Siasconset", "Acres": 17.986799, "Address": "315 R Milestone Rd", "Area": 726881.49306600005, "FID": 14, "Field_1": "Siasconset", "Hunting": null, "Name2": "Siasconset", "Owner": "NLB", "Perimeter": 4102.151517, "Seller_Nam": null }, "geometry": { "type": "Polygon", "coordinates": [ [ [ -69.9759368, 41.2572901, 0.0 ], [ -69.9738666, 41.2576074, 0.0 ], [ -69.9750766, 41.262076, 0.0 ], [ -69.9752032, 41.262091, 0.0 ], [ -69.9751052, 41.2617231, 0.0 ], [ -69.9757017, 41.2607605, 0.0 ], [ -69.9760276, 41.2607606, 0.0 ], [ -69.9769052, 41.2607566, 0.0 ], [ -69.9769236, 41.2607566, 0.0 ], [ -69.9763269, 41.2586335, 0.0 ], [ -69.9759497, 41.2572911, 0.0 ], [ -69.9759489, 41.2572883, 0.0 ], [ -69.9759368, 41.2572901, 0.0 ] ] ] } },
{ "type": "Feature", "properties": { "Name": "Hemingway/Dog Park", "Acres": 1.15576, "Address": "69 R Surfside Rd", "Area": 50344.72443, "FID": 15, "Field_1": "Hemingway/Dog Park", "Hunting": null, "Name2": "Hemingway/Dog Park", "Owner": "NLB", "Perimeter": 1303.334418, "Seller_Nam": null }, "geometry": { "type": "Polygon", "coordinates": [ [ [ -70.1014219, 41.2631515, 0.0 ], [ -70.101568, 41.2632343, 0.0 ], [ -70.1013496, 41.2634538, 0.0 ], [ -70.1014339, 41.2635015, 0.0 ], [ -70.1014951, 41.2635361, 0.0 ], [ -70.1016068, 41.2634241, 0.0 ], [ -70.101821, 41.2632094, 0.0 ], [ -70.102039, 41.262991, 0.0 ], [ -70.1021489, 41.2628808, 0.0 ], [ -70.1022476, 41.2627818, 0.0 ], [ -70.1023629, 41.2626663, 0.0 ], [ -70.1024596, 41.2625694, 0.0 ], [ -70.1027018, 41.2623266, 0.0 ], [ -70.1024076, 41.2621625, 0.0 ], [ -70.1014219, 41.2631515, 0.0 ] ] ] } },
{ "type": "Feature", "properties": { "Name": "Jensen/Head of Plains", "Acres": 9.65389, "Address": "Head of Plains", "Area": 420521.60069499997, "FID": 16, "Field_1": "Jensen/Head of Plains", "Hunting": null, "Name2": "Jensen/Head of Plains", "Owner": "NLB", "Perimeter": 3002.334777, "Seller_Nam": null }, "geometry": { "type": "Polygon", "coordinates": [ [ [ -70.1749349, 41.2627034, 0.0 ], [ -70.1752809, 41.2631504, 0.0 ], [ -70.1769593, 41.2653095, 0.0 ], [ -70.1775237, 41.2649248, 0.0 ], [ -70.1779986, 41.2646012, 0.0 ], [ -70.1775622, 41.2640337, 0.0 ], [ -70.1769021, 41.2631854, 0.0 ], [ -70.1759294, 41.2619358, 0.0 ], [ -70.1749349, 41.2627034, 0.0 ] ] ] } },
{ "type": "Feature", "properties": { "Name": "Backus/Dias", "Acres": 12.395, "Address": "5, 9 Backus Ln, 64 Surfside Rd, 3, 7 Pilot Whale Dr", "Area": 539925.84618200001, "FID": 17, "Field_1": "Backus/Dias", "Hunting": null, "Name2": "Backus/Dias", "Owner": "NLB", "Perimeter": 6650.13623, "Seller_Nam": null }, "geometry": { "type": "Polygon", "coordinates": [ [ [ -70.0969782, 41.2667174, 0.0 ], [ -70.096665, 41.26694, 0.0 ], [ -70.0965299, 41.2670969, 0.0 ], [ -70.0962519, 41.2674196, 0.0 ], [ -70.0959844, 41.2677301, 0.0 ], [ -70.0959259, 41.2677996, 0.0 ], [ -70.0958209, 41.2679245, 0.0 ], [ -70.0956584, 41.2681178, 0.0 ], [ -70.0955837, 41.2682129, 0.0 ], [ -70.0953891, 41.2684782, 0.0 ], [ -70.0953698, 41.2685094, 0.0 ], [ -70.0952741, 41.2687062, 0.0 ], [ -70.0952684, 41.2688117, 0.0 ], [ -70.0952513, 41.2688557, 0.0 ], [ -70.0952209, 41.2689246, 0.0 ], [ -70.0956017, 41.2691105, 0.0 ], [ -70.0960929, 41.2686395, 0.0 ], [ -70.0965622, 41.2683353, 0.0 ], [ -70.0966481, 41.2682796, 0.0 ], [ -70.0966672, 41.2682672, 0.0 ], [ -70.0963597, 41.267993, 0.0 ], [ -70.0975691, 41.2667643, 0.0 ], [ -70.0972757, 41.2665119, 0.0 ], [ -70.0972717, 41.2665102, 0.0 ], [ -70.0969782, 41.2667174, 0.0 ] ] ] } },
{ "type": "Feature", "properties": { "Name": "Hinsdale", "Acres": 16.775101, "Address": "50 Old South Rd, 31 R, 41 Milestone Rd, Hinsdale Rd", "Area": 3035165.3498800001, "FID": 18, "Field_1": "Hinsdale", "Hunting": null, "Name2": "Hinsdale", "Owner": "NLB", "Perimeter": 13272.656456000001, "Seller_Nam": null }, "geometry": { "type": "MultiPolygon", "coordinates": [ [ [ [ -70.0689015, 41.2661416, 0.0 ], [ -70.0688005, 41.2664317, 0.0 ], [ -70.0695063, 41.2665423, 0.0 ], [ -70.0702185, 41.2666539, 0.0 ], [ -70.0708031, 41.2667455, 0.0 ], [ -70.0713918, 41.2668378, 0.0 ], [ -70.07205, 41.2669409, 0.0 ], [ -70.072349, 41.2661278, 0.0 ], [ -70.0717846, 41.2660173, 0.0 ], [ -70.069134, 41.2654984, 0.0 ], [ -70.0689015, 41.2661416, 0.0 ] ] ], [ [ [ -70.0765616, 41.2664909, 0.0 ], [ -70.0763872, 41.2668389, 0.0 ], [ -70.0782668, 41.2673072, 0.0 ], [ -70.0784368, 41.2669034, 0.0 ], [ -70.0785938, 41.2665296, 0.0 ], [ -70.0786182, 41.2664713, 0.0 ], [ -70.0786614, 41.2664817, 0.0 ], [ -70.0786849, 41.2664237, 0.0 ], [ -70.0788434, 41.2660294, 0.0 ], [ -70.0788543, 41.2660079, 0.0 ], [ -70.0790524, 41.2656137, 0.0 ], [ -70.0790527, 41.2656131, 0.0 ], [ -70.0790796, 41.2655597, 0.0 ], [ -70.0792642, 41.2651901, 0.0 ], [ -70.0781285, 41.2645687, 0.0 ], [ -70.0780841, 41.2645444, 0.0 ], [ -70.0780873, 41.264551, 0.0 ], [ -70.0780886, 41.2645536, 0.0 ], [ -70.07809, 41.2645561, 0.0 ], [ -70.0780913, 41.2645587, 0.0 ], [ -70.0780927, 41.2645613, 0.0 ], [ -70.0780936, 41.2645639, 0.0 ], [ -70.0780949, 41.2645665, 0.0 ], [ -70.0780958, 41.2645691, 0.0 ], [ -70.0780967, 41.2645718, 0.0 ], [ -70.0780976, 41.2645744, 0.0 ], [ -70.0780985, 41.2645771, 0.0 ], [ -70.0780994, 41.2645798, 0.0 ], [ -70.0780998, 41.2645825, 0.0 ], [ -70.0781002, 41.2645852, 0.0 ], [ -70.0781011, 41.2645879, 0.0 ], [ -70.0781016, 41.2645907, 0.0 ], [ -70.078102, 41.2645934, 0.0 ], [ -70.078102, 41.2645961, 0.0 ], [ -70.0781024, 41.2645988, 0.0 ], [ -70.0781024, 41.2646016, 0.0 ], [ -70.0781028, 41.2646043, 0.0 ], [ -70.0781028, 41.2646071, 0.0 ], [ -70.0781028, 41.2646098, 0.0 ], [ -70.0781028, 41.2646181, 0.0 ], [ -70.0779375, 41.2649367, 0.0 ], [ -70.0777317, 41.2653346, 0.0 ], [ -70.0772248, 41.2651845, 0.0 ], [ -70.0770825, 41.2654618, 0.0 ], [ -70.0770539, 41.2655242, 0.0 ], [ -70.0769448, 41.2657346, 0.0 ], [ -70.0768536, 41.2659121, 0.0 ], [ -70.0766919, 41.2662304, 0.0 ], [ -70.0765616, 41.2664909, 0.0 ] ] ] ] } },
{ "type": "Feature", "properties": { "Name": "Miller/Larrabee", "Acres": 0.691222, "Address": "107, 109 Hummock Pond Rd", "Area": 30109.513692, "FID": 19, "Field_1": "Miller/Larrabee", "Hunting": null, "Name2": "Miller/Larrabee", "Owner": "NLB", "Perimeter": 706.446744, "Seller_Nam": null }, "geometry": { "type": "Polygon", "coordinates": [ [ [ -70.1240604, 41.2691446, 0.0 ], [ -70.1240221, 41.269155, 0.0 ], [ -70.1239884, 41.2691657, 0.0 ], [ -70.1239556, 41.2691777, 0.0 ], [ -70.1239242, 41.2691911, 0.0 ], [ -70.1238932, 41.2692057, 0.0 ], [ -70.1238635, 41.2692216, 0.0 ], [ -70.1238352, 41.2692387, 0.0 ], [ -70.1238078, 41.2692569, 0.0 ], [ -70.1237818, 41.2692762, 0.0 ], [ -70.1237576, 41.2692965, 0.0 ], [ -70.1237347, 41.2693177, 0.0 ], [ -70.1237132, 41.2693399, 0.0 ], [ -70.1236935, 41.269363, 0.0 ], [ -70.1236752, 41.2693867, 0.0 ], [ -70.1236587, 41.2694113, 0.0 ], [ -70.1236445, 41.2694364, 0.0 ], [ -70.1236316, 41.2694621, 0.0 ], [ -70.1236205, 41.2694883, 0.0 ], [ -70.1236117, 41.2695148, 0.0 ], [ -70.1236043, 41.2695417, 0.0 ], [ -70.1235991, 41.2695689, 0.0 ], [ -70.1235963, 41.2695962, 0.0 ], [ -70.1235947, 41.2696237, 0.0 ], [ -70.1235955, 41.2696511, 0.0 ], [ -70.1235981, 41.2696785, 0.0 ], [ -70.1243259, 41.2696245, 0.0 ], [ -70.1242526, 41.2690861, 0.0 ], [ -70.1240604, 41.2691446, 0.0 ] ] ] } },
{ "type": "Feature", "properties": { "Name": "Milestone Road", "Acres": 77.574501, "Address": "1 Tetawkimmo Dr, Milestone", "Area": 3379132.7263799999, "FID": 20, "Field_1": "Milestone Road", "Hunting": null, "Name2": "Milestone Road", "Owner": "NLB", "Perimeter": 15130.387934, "Seller_Nam": null }, "geometry": { "type": "MultiPolygon", "coordinates": [ [ [ [ -70.0453244, 41.2709495, 0.0 ], [ -70.0442543, 41.2707163, 0.0 ], [ -70.0423881, 41.2693551, 0.0 ], [ -70.0412503, 41.2685213, 0.0 ], [ -70.0408935, 41.2682498, 0.0 ], [ -70.0411572, 41.267991, 0.0 ], [ -70.0424498, 41.2668448, 0.0 ], [ -70.0416671, 41.2667318, 0.0 ], [ -70.041139, 41.2671514, 0.0 ], [ -70.0404858, 41.2676442, 0.0 ], [ -70.0404839, 41.268176, 0.0 ], [ -70.0404961, 41.2685037, 0.0 ], [ -70.0404907, 41.2688218, 0.0 ], [ -70.041232, 41.2693868, 0.0 ], [ -70.0424146, 41.2702454, 0.0 ], [ -70.0435546, 41.2710815, 0.0 ], [ -70.0445513, 41.2709675, 0.0 ], [ -70.0448128, 41.2709564, 0.0 ], [ -70.0453244, 41.2709495, 0.0 ] ] ], [ [ [ -70.0453244, 41.2709495, 0.0 ], [ -70.0455912, 41.2709678, 0.0 ], [ -70.0472256, 41.2710815, 0.0 ], [ -70.0477845, 41.2708106, 0.0 ], [ -70.0490026, 41.2702233, 0.0 ], [ -70.0498414, 41.2707106, 0.0 ], [ -70.0509014, 41.2706932, 0.0 ], [ -70.0511875, 41.27069, 0.0 ], [ -70.0519774, 41.2700779, 0.0 ], [ -70.0528112, 41.2700389, 0.0 ], [ -70.0532686, 41.271102, 0.0 ], [ -70.0538253, 41.27242, 0.0 ], [ -70.054476, 41.2739525, 0.0 ], [ -70.0545968, 41.2742452, 0.0 ], [ -70.0546949, 41.2739943, 0.0 ], [ -70.0553141, 41.2724162, 0.0 ], [ -70.0554992, 41.2719441, 0.0 ], [ -70.0566294, 41.2721856, 0.0 ], [ -70.0566749, 41.2721102, 0.0 ], [ -70.0567962, 41.2719189, 0.0 ], [ -70.0569001, 41.2717538, 0.0 ], [ -70.0570146, 41.2715766, 0.0 ], [ -70.0570878, 41.2714422, 0.0 ], [ -70.0571441, 41.2713087, 0.0 ], [ -70.0571768, 41.2711818, 0.0 ], [ -70.0571976, 41.2710682, 0.0 ], [ -70.0572039, 41.2709489, 0.0 ], [ -70.0572059, 41.2708484, 0.0 ], [ -70.0571997, 41.2707567, 0.0 ], [ -70.0571868, 41.270656, 0.0 ], [ -70.0571634, 41.2705458, 0.0 ], [ -70.057133, 41.2704044, 0.0 ], [ -70.0570968, 41.2702478, 0.0 ], [ -70.0570636, 41.2701091, 0.0 ], [ -70.0570445, 41.26998, 0.0 ], [ -70.0570372, 41.269846, 0.0 ], [ -70.0570389, 41.2697291, 0.0 ], [ -70.0570538, 41.2696158, 0.0 ], [ -70.0570809, 41.2695004, 0.0 ], [ -70.0571282, 41.2693057, 0.0 ], [ -70.0571408, 41.2692514, 0.0 ], [ -70.0571753, 41.2690652, 0.0 ], [ -70.0571808, 41.268988, 0.0 ], [ -70.0567074, 41.2689195, 0.0 ], [ -70.0563036, 41.2688612, 0.0 ], [ -70.0561981, 41.2688459, 0.0 ], [ -70.0551484, 41.2686937, 0.0 ], [ -70.0545425, 41.2686122, 0.0 ], [ -70.0545538, 41.2686075, 0.0 ], [ -70.0541528, 41.2685494, 0.0 ], [ -70.0539619, 41.2685217, 0.0 ], [ -70.0523185, 41.2682834, 0.0 ], [ -70.0521268, 41.2682537, 0.0 ], [ -70.0500863, 41.2679549, 0.0 ], [ -70.0493896, 41.26785, 0.0 ], [ -70.0485678, 41.268464, 0.0 ], [ -70.0478592, 41.2690166, 0.0 ], [ -70.046875, 41.2697689, 0.0 ], [ -70.0457724, 41.2706074, 0.0 ], [ -70.0457011, 41.2706605, 0.0 ], [ -70.0453244, 41.2709495, 0.0 ] ] ] ] } },
{ "type": "Feature", "properties": { "Name": "Milestone Road", "Acres": 32.9095, "Address": "2 Tetawkimmo Dr, Milestone Rd", "Area": 1433532.5395200001, "FID": 21, "Field_1": "Milestone Road", "Hunting": null, "Name2": "Milestone Road", "Owner": "NLB", "Perimeter": 9452.736402, "Seller_Nam": null }, "geometry": { "type": "Polygon", "coordinates": [ [ [ -70.057412, 41.2732196, 0.0 ], [ -70.0572742, 41.2736267, 0.0 ], [ -70.0573364, 41.2736421, 0.0 ], [ -70.0574589, 41.27367, 0.0 ], [ -70.0575058, 41.2736035, 0.0 ], [ -70.0575439, 41.273549, 0.0 ], [ -70.0576359, 41.2734514, 0.0 ], [ -70.0577301, 41.2733779, 0.0 ], [ -70.057821, 41.2733181, 0.0 ], [ -70.0579661, 41.2732509, 0.0 ], [ -70.0581323, 41.2732104, 0.0 ], [ -70.0582839, 41.2731863, 0.0 ], [ -70.0584171, 41.2731884, 0.0 ], [ -70.0584544, 41.2731913, 0.0 ], [ -70.0584917, 41.2731947, 0.0 ], [ -70.0585598, 41.2732022, 0.0 ], [ -70.0586016, 41.2732096, 0.0 ], [ -70.0586429, 41.2732187, 0.0 ], [ -70.0586774, 41.2732278, 0.0 ], [ -70.0587242, 41.2732428, 0.0 ], [ -70.0587695, 41.2732597, 0.0 ], [ -70.058804, 41.273274, 0.0 ], [ -70.0594619, 41.2728135, 0.0 ], [ -70.0599497, 41.2733715, 0.0 ], [ -70.0611616, 41.2736384, 0.0 ], [ -70.0616316, 41.2723772, 0.0 ], [ -70.0617988, 41.2719199, 0.0 ], [ -70.0618118, 41.2718851, 0.0 ], [ -70.0618229, 41.2718554, 0.0 ], [ -70.0622169, 41.2708092, 0.0 ], [ -70.0626022, 41.2697621, 0.0 ], [ -70.0620403, 41.2696734, 0.0 ], [ -70.0617173, 41.2696281, 0.0 ], [ -70.0615824, 41.2696092, 0.0 ], [ -70.0607284, 41.2694894, 0.0 ], [ -70.0604649, 41.2694569, 0.0 ], [ -70.0596218, 41.2693357, 0.0 ], [ -70.0585324, 41.2691765, 0.0 ], [ -70.057881, 41.2690814, 0.0 ], [ -70.0574427, 41.2690174, 0.0 ], [ -70.0572446, 41.2689887, 0.0 ], [ -70.0572375, 41.2690399, 0.0 ], [ -70.0572213, 41.2691406, 0.0 ], [ -70.0571856, 41.2693134, 0.0 ], [ -70.0571537, 41.2694516, 0.0 ], [ -70.0571206, 41.2695829, 0.0 ], [ -70.0570995, 41.2696789, 0.0 ], [ -70.057095, 41.2697925, 0.0 ], [ -70.0570987, 41.2699305, 0.0 ], [ -70.0571095, 41.2700061, 0.0 ], [ -70.0571394, 41.2701527, 0.0 ], [ -70.0571752, 41.2703118, 0.0 ], [ -70.0572052, 41.2704464, 0.0 ], [ -70.0572303, 41.2705675, 0.0 ], [ -70.0572365, 41.2705974, 0.0 ], [ -70.0572553, 41.270698, 0.0 ], [ -70.0572655, 41.2708034, 0.0 ], [ -70.0572634, 41.2709217, 0.0 ], [ -70.0572598, 41.27104, 0.0 ], [ -70.0572422, 41.2711565, 0.0 ], [ -70.0572183, 41.2712599, 0.0 ], [ -70.0571835, 41.2713674, 0.0 ], [ -70.0571383, 41.271458, 0.0 ], [ -70.0570968, 41.2715424, 0.0 ], [ -70.0570127, 41.2716793, 0.0 ], [ -70.0569249, 41.2718181, 0.0 ], [ -70.0568316, 41.2719629, 0.0 ], [ -70.0567374, 41.272114, 0.0 ], [ -70.0566528, 41.2722482, 0.0 ], [ -70.0565917, 41.2723449, 0.0 ], [ -70.0565199, 41.2724582, 0.0 ], [ -70.0564744, 41.2725368, 0.0 ], [ -70.0564407, 41.2726119, 0.0 ], [ -70.0564156, 41.27269, 0.0 ], [ -70.0563991, 41.2727734, 0.0 ], [ -70.0563959, 41.2728532, 0.0 ], [ -70.0564039, 41.272943, 0.0 ], [ -70.0564257, 41.2730183, 0.0 ], [ -70.0564596, 41.2731046, 0.0 ], [ -70.0565226, 41.2732121, 0.0 ], [ -70.0565681, 41.2732683, 0.0 ], [ -70.0566323, 41.2733318, 0.0 ], [ -70.0569466, 41.2729839, 0.0 ], [ -70.057412, 41.2732196, 0.0 ] ], [ [ -70.0600461, 41.2705355, 0.0 ], [ -70.0602078, 41.2705656, 0.0 ], [ -70.0605448, 41.2717793, 0.0 ], [ -70.0605559, 41.2718182, 0.0 ], [ -70.0606486, 41.2721531, 0.0 ], [ -70.0575924, 41.272297, 0.0 ], [ -70.0575187, 41.2700084, 0.0 ], [ -70.0600461, 41.2705355, 0.0 ] ] ] } },
{ "type": "Feature", "properties": { "Name": "Trimpi", "Acres": 8.41276, "Address": "41, 45 Cato Ln", "Area": 366458.22484899999, "FID": 22, "Field_1": "Trimpi", "Hunting": false, "Name2": "Trimpi", "Owner": "NLB", "Perimeter": 2547.434732, "Seller_Nam": null }, "geometry": { "type": "Polygon", "coordinates": [ [ [ -70.1075056, 41.2700452, 0.0 ], [ -70.1066555, 41.270235, 0.0 ], [ -70.1065813, 41.2703274, 0.0 ], [ -70.106469, 41.2713815, 0.0 ], [ -70.1064543, 41.2714115, 0.0 ], [ -70.106187, 41.2718666, 0.0 ], [ -70.1063546, 41.271837, 0.0 ], [ -70.1068131, 41.2717561, 0.0 ], [ -70.1072916, 41.2716717, 0.0 ], [ -70.1078907, 41.271566, 0.0 ], [ -70.1089714, 41.2713665, 0.0 ], [ -70.1089012, 41.2711682, 0.0 ], [ -70.1088262, 41.2709435, 0.0 ], [ -70.1087897, 41.2707286, 0.0 ], [ -70.1087537, 41.2705154, 0.0 ], [ -70.1087186, 41.2703085, 0.0 ], [ -70.1086812, 41.270089, 0.0 ], [ -70.1086417, 41.269857, 0.0 ], [ -70.1086307, 41.2698045, 0.0 ], [ -70.1075056, 41.2700452, 0.0 ] ] ] } },
{ "type": "Feature", "properties": { "Name": "FAA/Munson", "Acres": 157.08, "Address": "7 Massasoit Bridge Rd", "Area": 6842375.7423799997, "FID": 23, "Field_1": "FAA/Munson", "Hunting": null, "Name2": "FAA/Munson", "Owner": "NLB", "Perimeter": 20634.917379, "Seller_Nam": null }, "geometry": { "type": "MultiPolygon", "coordinates": [ [ [ [ -70.1845314, 41.2703212, 0.0 ], [ -70.1847031, 41.2702659, 0.0 ], [ -70.1846537, 41.2702213, 0.0 ], [ -70.1839045, 41.2695467, 0.0 ], [ -70.1848665, 41.268827, 0.0 ], [ -70.1849641, 41.2687542, 0.0 ], [ -70.185086, 41.2686588, 0.0 ], [ -70.1848159, 41.2684566, 0.0 ], [ -70.184661, 41.26834, 0.0 ], [ -70.184261, 41.2680382, 0.0 ], [ -70.1827773, 41.2669186, 0.0 ], [ -70.1820248, 41.2663546, 0.0 ], [ -70.1815727, 41.2660097, 0.0 ], [ -70.1812221, 41.2657461, 0.0 ], [ -70.1806159, 41.2652909, 0.0 ], [ -70.1802557, 41.2650291, 0.0 ], [ -70.1799069, 41.2647678, 0.0 ], [ -70.1792493, 41.265267, 0.0 ], [ -70.1791087, 41.2653737, 0.0 ], [ -70.1789855, 41.2654671, 0.0 ], [ -70.1789052, 41.2655279, 0.0 ], [ -70.1784182, 41.2658973, 0.0 ], [ -70.1777779, 41.266377, 0.0 ], [ -70.1765868, 41.2672694, 0.0 ], [ -70.1764755, 41.2673423, 0.0 ], [ -70.1757491, 41.2663972, 0.0 ], [ -70.1749657, 41.2669305, 0.0 ], [ -70.1757475, 41.2678948, 0.0 ], [ -70.1754121, 41.2681495, 0.0 ], [ -70.1751894, 41.2683163, 0.0 ], [ -70.1747873, 41.2686172, 0.0 ], [ -70.1763619, 41.2698122, 0.0 ], [ -70.1784666, 41.2714177, 0.0 ], [ -70.1784915, 41.2714363, 0.0 ], [ -70.1785166, 41.2714099, 0.0 ], [ -70.1787397, 41.2713544, 0.0 ], [ -70.178847, 41.271361, 0.0 ], [ -70.1792845, 41.2714307, 0.0 ], [ -70.1796471, 41.2714815, 0.0 ], [ -70.1799607, 41.2715322, 0.0 ], [ -70.1800352, 41.2715449, 0.0 ], [ -70.1802578, 41.2715767, 0.0 ], [ -70.1805797, 41.2715962, 0.0 ], [ -70.1810969, 41.2716365, 0.0 ], [ -70.1835674, 41.2718287, 0.0 ], [ -70.1852813, 41.2720064, 0.0 ], [ -70.1851997, 41.2709206, 0.0 ], [ -70.1845314, 41.2703212, 0.0 ], [ -70.1830832, 41.2707879, 0.0 ], [ -70.1829702, 41.2708244, 0.0 ], [ -70.1816099, 41.2712626, 0.0 ], [ -70.182701, 41.2704467, 0.0 ], [ -70.1827941, 41.2703771, 0.0 ], [ -70.1837753, 41.2696431, 0.0 ], [ -70.1845314, 41.2703212, 0.0 ] ] ], [ [ [ -70.1854767, 41.2723102, 0.0 ], [ -70.1854179, 41.2723412, 0.0 ], [ -70.1853527, 41.2723855, 0.0 ], [ -70.1853052, 41.272421, 0.0 ], [ -70.1852578, 41.272452, 0.0 ], [ -70.1852222, 41.2724786, 0.0 ], [ -70.1851575, 41.2725096, 0.0 ], [ -70.1850864, 41.2725361, 0.0 ], [ -70.1850272, 41.2725626, 0.0 ], [ -70.1849801, 41.2726115, 0.0 ], [ -70.1849386, 41.2726381, 0.0 ], [ -70.1849325, 41.2726781, 0.0 ], [ -70.1849264, 41.2727048, 0.0 ], [ -70.184938, 41.2727493, 0.0 ], [ -70.1849614, 41.2728072, 0.0 ], [ -70.1849965, 41.2728785, 0.0 ], [ -70.1850663, 41.2730323, 0.0 ], [ -70.1851073, 41.2730991, 0.0 ], [ -70.1851424, 41.2731838, 0.0 ], [ -70.1851599, 41.2732372, 0.0 ], [ -70.1851656, 41.2732773, 0.0 ], [ -70.1851594, 41.2733262, 0.0 ], [ -70.1851415, 41.2733707, 0.0 ], [ -70.1851176, 41.2734284, 0.0 ], [ -70.1850773, 41.2734824, 0.0 ], [ -70.1857606, 41.2731258, 0.0 ], [ -70.1856433, 41.2723789, 0.0 ], [ -70.1855505, 41.2722931, 0.0 ], [ -70.1854767, 41.2723102, 0.0 ] ] ], [ [ [ -70.1753152, 41.2732777, 0.0 ], [ -70.1774564, 41.2769968, 0.0 ], [ -70.1775576, 41.2769496, 0.0 ], [ -70.1776702, 41.276897, 0.0 ], [ -70.1777828, 41.2768391, 0.0 ], [ -70.1779231, 41.276776, 0.0 ], [ -70.1780357, 41.2767287, 0.0 ], [ -70.1781551, 41.2766867, 0.0 ], [ -70.1782886, 41.2766289, 0.0 ], [ -70.1783729, 41.2765868, 0.0 ], [ -70.1784291, 41.2765447, 0.0 ], [ -70.1784717, 41.2764654, 0.0 ], [ -70.1785144, 41.2763968, 0.0 ], [ -70.1785634, 41.2763229, 0.0 ], [ -70.178641, 41.2762649, 0.0 ], [ -70.1787186, 41.2762016, 0.0 ], [ -70.1788521, 41.2761438, 0.0 ], [ -70.1789574, 41.2760965, 0.0 ], [ -70.179035, 41.2760332, 0.0 ], [ -70.1791196, 41.2759382, 0.0 ], [ -70.1791905, 41.2758667, 0.0 ], [ -70.1792607, 41.2758272, 0.0 ], [ -70.1793487, 41.2757745, 0.0 ], [ -70.179454, 41.2757219, 0.0 ], [ -70.1796559, 41.2756365, 0.0 ], [ -70.1797704, 41.2755575, 0.0 ], [ -70.1798758, 41.2754982, 0.0 ], [ -70.1799465, 41.2754456, 0.0 ], [ -70.1800342, 41.2753664, 0.0 ], [ -70.1801049, 41.2753137, 0.0 ], [ -70.1801666, 41.275261, 0.0 ], [ -70.1802455, 41.2752215, 0.0 ], [ -70.1803156, 41.2751953, 0.0 ], [ -70.1803858, 41.275169, 0.0 ], [ -70.1804473, 41.2751427, 0.0 ], [ -70.1805265, 41.2751231, 0.0 ], [ -70.1806143, 41.2751101, 0.0 ], [ -70.1807373, 41.2750774, 0.0 ], [ -70.1808247, 41.2750512, 0.0 ], [ -70.1809303, 41.275025, 0.0 ], [ -70.1810177, 41.2750187, 0.0 ], [ -70.1810882, 41.2750123, 0.0 ], [ -70.1811496, 41.2750124, 0.0 ], [ -70.1811849, 41.2749596, 0.0 ], [ -70.1811851, 41.2749133, 0.0 ], [ -70.181194, 41.2748538, 0.0 ], [ -70.1811942, 41.2748075, 0.0 ], [ -70.1812031, 41.2747547, 0.0 ], [ -70.1812299, 41.274682, 0.0 ], [ -70.1812917, 41.2745896, 0.0 ], [ -70.1813358, 41.2745037, 0.0 ], [ -70.1813713, 41.2744046, 0.0 ], [ -70.1813895, 41.2743121, 0.0 ], [ -70.1814249, 41.2742328, 0.0 ], [ -70.1814956, 41.2740809, 0.0 ], [ -70.1815667, 41.2739621, 0.0 ], [ -70.1816024, 41.2738233, 0.0 ], [ -70.1816554, 41.2736846, 0.0 ], [ -70.1817085, 41.2735988, 0.0 ], [ -70.181779, 41.2734998, 0.0 ], [ -70.1819289, 41.2733547, 0.0 ], [ -70.1820429, 41.2732955, 0.0 ], [ -70.1821136, 41.2732494, 0.0 ], [ -70.1821659, 41.2732495, 0.0 ], [ -70.1822623, 41.2732498, 0.0 ], [ -70.1823328, 41.2732301, 0.0 ], [ -70.1823719, 41.2731512, 0.0 ], [ -70.1823948, 41.2731232, 0.0 ], [ -70.1824222, 41.2730976, 0.0 ], [ -70.1824537, 41.2730748, 0.0 ], [ -70.1824883, 41.2730551, 0.0 ], [ -70.1825266, 41.2730389, 0.0 ], [ -70.1827196, 41.2729998, 0.0 ], [ -70.1828599, 41.2729538, 0.0 ], [ -70.1828881, 41.2729376, 0.0 ], [ -70.1829246, 41.2729192, 0.0 ], [ -70.1829624, 41.2729028, 0.0 ], [ -70.1830016, 41.2728883, 0.0 ], [ -70.1830421, 41.2728759, 0.0 ], [ -70.1830836, 41.2728656, 0.0 ], [ -70.1831254, 41.2728573, 0.0 ], [ -70.1831687, 41.2728513, 0.0 ], [ -70.1832119, 41.2728475, 0.0 ], [ -70.1832555, 41.2728459, 0.0 ], [ -70.1832992, 41.2728465, 0.0 ], [ -70.1833424, 41.2728494, 0.0 ], [ -70.1834565, 41.2728563, 0.0 ], [ -70.1835615, 41.2728566, 0.0 ], [ -70.1836757, 41.2728503, 0.0 ], [ -70.1837987, 41.2728109, 0.0 ], [ -70.1838774, 41.2727913, 0.0 ], [ -70.1839653, 41.2727651, 0.0 ], [ -70.1840531, 41.2727587, 0.0 ], [ -70.1841409, 41.272759, 0.0 ], [ -70.1842723, 41.2727461, 0.0 ], [ -70.1843688, 41.2727265, 0.0 ], [ -70.1844828, 41.2726673, 0.0 ], [ -70.1845622, 41.272608, 0.0 ], [ -70.1846853, 41.2725356, 0.0 ], [ -70.1848349, 41.2724567, 0.0 ], [ -70.1850018, 41.2723579, 0.0 ], [ -70.1852387, 41.2722594, 0.0 ], [ -70.1854251, 41.272177, 0.0 ], [ -70.1853943, 41.2721457, 0.0 ], [ -70.1831127, 41.2719272, 0.0 ], [ -70.1809363, 41.2717538, 0.0 ], [ -70.1809258, 41.271753, 0.0 ], [ -70.1802986, 41.2717076, 0.0 ], [ -70.1800427, 41.271682, 0.0 ], [ -70.1797868, 41.2716501, 0.0 ], [ -70.1793993, 41.2715805, 0.0 ], [ -70.1790526, 41.2715297, 0.0 ], [ -70.1788136, 41.2714854, 0.0 ], [ -70.1787641, 41.2714853, 0.0 ], [ -70.1786161, 41.2715294, 0.0 ], [ -70.1792599, 41.272011, 0.0 ], [ -70.1782838, 41.2723238, 0.0 ], [ -70.1753152, 41.2732777, 0.0 ] ] ] ] } },
{ "type": "Feature", "properties": { "Name": "Trimpi", "Acres": 6.71691, "Address": "40 Cato Ln", "Area": 292587.28180699999, "FID": 24, "Field_1": "Trimpi", "Hunting": false, "Name2": "Trimpi", "Owner": "NLB", "Perimeter": 2543.628017, "Seller_Nam": null }, "geometry": { "type": "Polygon", "coordinates": [ [ [ -70.1045966, 41.2698115, 0.0 ], [ -70.104455, 41.270047, 0.0 ], [ -70.1042246, 41.2704019, 0.0 ], [ -70.1040722, 41.2706368, 0.0 ], [ -70.1038583, 41.2709664, 0.0 ], [ -70.1038399, 41.2709945, 0.0 ], [ -70.1037633, 41.2711127, 0.0 ], [ -70.1039949, 41.2711515, 0.0 ], [ -70.1039302, 41.2714078, 0.0 ], [ -70.1041798, 41.2714797, 0.0 ], [ -70.1044638, 41.2715615, 0.0 ], [ -70.1045103, 41.2715749, 0.0 ], [ -70.1045552, 41.2715878, 0.0 ], [ -70.1046365, 41.2716111, 0.0 ], [ -70.1048389, 41.2716695, 0.0 ], [ -70.1048812, 41.2716817, 0.0 ], [ -70.1052084, 41.2717759, 0.0 ], [ -70.105587, 41.271885, 0.0 ], [ -70.1060433, 41.2717795, 0.0 ], [ -70.1060788, 41.2717684, 0.0 ], [ -70.1061112, 41.2717528, 0.0 ], [ -70.1061395, 41.2717332, 0.0 ], [ -70.1061548, 41.2717182, 0.0 ], [ -70.1063401, 41.2713327, 0.0 ], [ -70.106353, 41.2712209, 0.0 ], [ -70.1052375, 41.2710246, 0.0 ], [ -70.1056489, 41.2700509, 0.0 ], [ -70.1056006, 41.2700369, 0.0 ], [ -70.1046304, 41.2697565, 0.0 ], [ -70.1045966, 41.2698115, 0.0 ] ] ] } },
{ "type": "Feature", "properties": { "Name": "Milestone Crossing/Blueberry Pasture", "Acres": 135.06, "Address": "45, 71 Polpis Rd, 66, 70, 74 Milestone Rd, Tawpoot Rd, 20 Kelley Rd, Pout Pond Rd", "Area": 5883195.1017000005, "FID": 25, "Field_1": "Milestone Crossing/Blueberry Pasture", "Hunting": null, "Name2": "Milestone Crossing/Blueberry Pasture", "Owner": "NLB", "Perimeter": 19297.097895, "Seller_Nam": null }, "geometry": { "type": "Polygon", "coordinates": [ [ [ -70.0641243, 41.2798283, 0.0 ], [ -70.0641535, 41.279892, 0.0 ], [ -70.0642032, 41.2800065, 0.0 ], [ -70.0642108, 41.280086, 0.0 ], [ -70.0643282, 41.2802929, 0.0 ], [ -70.0644667, 41.2805148, 0.0 ], [ -70.0645109, 41.2805793, 0.0 ], [ -70.0645902, 41.2806876, 0.0 ], [ -70.0648328, 41.2808569, 0.0 ], [ -70.0649884, 41.280921, 0.0 ], [ -70.0646621, 41.2812288, 0.0 ], [ -70.0647264, 41.2812634, 0.0 ], [ -70.0648278, 41.2813468, 0.0 ], [ -70.0648572, 41.2813628, 0.0 ], [ -70.0648908, 41.2813737, 0.0 ], [ -70.0649262, 41.281379, 0.0 ], [ -70.0649862, 41.2813919, 0.0 ], [ -70.0650091, 41.2813691, 0.0 ], [ -70.0650961, 41.2812826, 0.0 ], [ -70.0654207, 41.2809485, 0.0 ], [ -70.0654538, 41.2809016, 0.0 ], [ -70.0647866, 41.2802224, 0.0 ], [ -70.0642707, 41.2797023, 0.0 ], [ -70.064271, 41.2792398, 0.0 ], [ -70.0642786, 41.2789965, 0.0 ], [ -70.0642919, 41.2785613, 0.0 ], [ -70.0643058, 41.2781245, 0.0 ], [ -70.0643191, 41.2776885, 0.0 ], [ -70.0648903, 41.2776907, 0.0 ], [ -70.0660371, 41.2762733, 0.0 ], [ -70.066187, 41.2762922, 0.0 ], [ -70.066132, 41.2763518, 0.0 ], [ -70.06503, 41.2776846, 0.0 ], [ -70.0651836, 41.2776226, 0.0 ], [ -70.0652219, 41.2776072, 0.0 ], [ -70.0657887, 41.2773793, 0.0 ], [ -70.0663555, 41.2771516, 0.0 ], [ -70.0666187, 41.2775133, 0.0 ], [ -70.0674459, 41.2771734, 0.0 ], [ -70.0674442, 41.2771682, 0.0 ], [ -70.067178, 41.2764194, 0.0 ], [ -70.0679314, 41.2765151, 0.0 ], [ -70.0682214, 41.2764932, 0.0 ], [ -70.0689224, 41.2764211, 0.0 ], [ -70.0692603, 41.2770346, 0.0 ], [ -70.0697978, 41.2780098, 0.0 ], [ -70.0703665, 41.2777645, 0.0 ], [ -70.0706809, 41.277608, 0.0 ], [ -70.0710625, 41.2773885, 0.0 ], [ -70.0708601, 41.2762919, 0.0 ], [ -70.0702323, 41.2763231, 0.0 ], [ -70.0698824, 41.2763469, 0.0 ], [ -70.0694065, 41.2763836, 0.0 ], [ -70.0692004, 41.2750922, 0.0 ], [ -70.0691842, 41.2749894, 0.0 ], [ -70.0691659, 41.2748752, 0.0 ], [ -70.069382, 41.2743018, 0.0 ], [ -70.0693945, 41.2742687, 0.0 ], [ -70.0700712, 41.2724726, 0.0 ], [ -70.066693, 41.2721231, 0.0 ], [ -70.066876, 41.2716256, 0.0 ], [ -70.0672733, 41.2705383, 0.0 ], [ -70.0673445, 41.2704318, 0.0 ], [ -70.0664434, 41.2703032, 0.0 ], [ -70.0663679, 41.270413, 0.0 ], [ -70.0662062, 41.2706561, 0.0 ], [ -70.0670134, 41.2707881, 0.0 ], [ -70.0669027, 41.2710838, 0.0 ], [ -70.0667828, 41.2714052, 0.0 ], [ -70.0666509, 41.2717594, 0.0 ], [ -70.0665291, 41.2720844, 0.0 ], [ -70.0663273, 41.2726264, 0.0 ], [ -70.0660983, 41.2725912, 0.0 ], [ -70.0652116, 41.2724552, 0.0 ], [ -70.0651276, 41.2724432, 0.0 ], [ -70.0650885, 41.2724376, 0.0 ], [ -70.0646719, 41.2723741, 0.0 ], [ -70.0647803, 41.2720169, 0.0 ], [ -70.0650356, 41.2717164, 0.0 ], [ -70.0646549, 41.2715911, 0.0 ], [ -70.0648807, 41.2713399, 0.0 ], [ -70.0649827, 41.2711219, 0.0 ], [ -70.0651423, 41.2708422, 0.0 ], [ -70.0652114, 41.2707104, 0.0 ], [ -70.0655245, 41.2705408, 0.0 ], [ -70.0656966, 41.2705675, 0.0 ], [ -70.066075, 41.2706261, 0.0 ], [ -70.0662289, 41.2703938, 0.0 ], [ -70.0663054, 41.2702788, 0.0 ], [ -70.0642886, 41.2699984, 0.0 ], [ -70.0642363, 41.2701182, 0.0 ], [ -70.0636718, 41.2717232, 0.0 ], [ -70.0636315, 41.2718375, 0.0 ], [ -70.0635054, 41.2721962, 0.0 ], [ -70.0629367, 41.2721027, 0.0 ], [ -70.0626138, 41.2720448, 0.0 ], [ -70.0622058, 41.2719847, 0.0 ], [ -70.0619151, 41.2719369, 0.0 ], [ -70.061647, 41.2726642, 0.0 ], [ -70.0611674, 41.2739305, 0.0 ], [ -70.0607665, 41.2749802, 0.0 ], [ -70.0606822, 41.275215, 0.0 ], [ -70.0603973, 41.2759978, 0.0 ], [ -70.0598417, 41.2775215, 0.0 ], [ -70.0593379, 41.2788611, 0.0 ], [ -70.0592102, 41.2791914, 0.0 ], [ -70.0597166, 41.2794921, 0.0 ], [ -70.0598012, 41.2794911, 0.0 ], [ -70.0601633, 41.2794838, 0.0 ], [ -70.0608346, 41.2794748, 0.0 ], [ -70.0624196, 41.2794536, 0.0 ], [ -70.0625858, 41.2794856, 0.0 ], [ -70.0627612, 41.2789606, 0.0 ], [ -70.0635405, 41.2794687, 0.0 ], [ -70.0635764, 41.2794693, 0.0 ], [ -70.0636123, 41.2794735, 0.0 ], [ -70.0636473, 41.2794814, 0.0 ], [ -70.0636804, 41.2794926, 0.0 ], [ -70.0637113, 41.2795072, 0.0 ], [ -70.0637389, 41.2795247, 0.0 ], [ -70.0637638, 41.2795449, 0.0 ], [ -70.0637845, 41.2795674, 0.0 ], [ -70.0638012, 41.2795918, 0.0 ], [ -70.0638133, 41.2796176, 0.0 ], [ -70.0638167, 41.2796557, 0.0 ], [ -70.0639149, 41.2796561, 0.0 ], [ -70.0641243, 41.2798283, 0.0 ] ] ] } },
{ "type": "Feature", "properties": { "Name": "Aurora Way/Wynn", "Acres": 4.55302, "Address": "17 Aurora Wy", "Area": 198328.783673, "FID": 26, "Field_1": "Aurora Way/Wynn", "Hunting": null, "Name2": "Aurora Way/Wynn", "Owner": "NLB", "Perimeter": 2085.863309, "Seller_Nam": null }, "geometry": { "type": "Polygon", "coordinates": [ [ [ -70.1194907, 41.2726561, 0.0 ], [ -70.1195224, 41.2727338, 0.0 ], [ -70.1195347, 41.2727318, 0.0 ], [ -70.1195409, 41.272731, 0.0 ], [ -70.1195472, 41.2727303, 0.0 ], [ -70.1195597, 41.2727293, 0.0 ], [ -70.1195213, 41.2726392, 0.0 ], [ -70.1193923, 41.2724448, 0.0 ], [ -70.1194586, 41.2723735, 0.0 ], [ -70.1197693, 41.2722606, 0.0 ], [ -70.1200333, 41.272238, 0.0 ], [ -70.1199921, 41.2716526, 0.0 ], [ -70.1203832, 41.2710988, 0.0 ], [ -70.1198752, 41.2709581, 0.0 ], [ -70.119399, 41.2708243, 0.0 ], [ -70.118599, 41.2709307, 0.0 ], [ -70.1188875, 41.2721468, 0.0 ], [ -70.1189769, 41.2725243, 0.0 ], [ -70.1191687, 41.2724903, 0.0 ], [ -70.1193568, 41.2724568, 0.0 ], [ -70.1194907, 41.2726561, 0.0 ] ] ] } },
{ "type": "Feature", "properties": { "Name": "Soverino", "Acres": 0.403436, "Address": "21, 23 Tennessee Av", "Area": 17573.62333, "FID": 27, "Field_1": "Soverino", "Hunting": null, "Name2": "Soverino", "Owner": "NLB", "Perimeter": 610.935817, "Seller_Nam": null }, "geometry": { "type": "Polygon", "coordinates": [ [ [ -70.1943873, 41.2754523, 0.0 ], [ -70.1946112, 41.2753321, 0.0 ], [ -70.1948277, 41.2752158, 0.0 ], [ -70.1946576, 41.2750435, 0.0 ], [ -70.1944428, 41.2751572, 0.0 ], [ -70.1942745, 41.2749825, 0.0 ], [ -70.1940507, 41.2750998, 0.0 ], [ -70.1943873, 41.2754523, 0.0 ] ] ] } },
{ "type": "Feature", "properties": { "Name": "Keane/16 East Creek Road", "Acres": 0.301856, "Address": "16 E Creek Rd", "Area": 13148.801166, "FID": 28, "Field_1": "Keane/16 East Creek Road", "Hunting": null, "Name2": "Keane/16 East Creek Road", "Owner": "NLB", "Perimeter": 492.331964, "Seller_Nam": null }, "geometry": { "type": "Polygon", "coordinates": [ [ [ -70.0896793, 41.2750807, 0.0 ], [ -70.0898695, 41.275244, 0.0 ], [ -70.0903289, 41.2749512, 0.0 ], [ -70.090156, 41.2747827, 0.0 ], [ -70.0896793, 41.2750807, 0.0 ] ] ] } },
{ "type": "Feature", "properties": { "Name": "Severns", "Acres": 2.12968, "Address": "9 Vesper Ln", "Area": 92768.65353, "FID": 29, "Field_1": "Severns", "Hunting": null, "Name2": "Severns", "Owner": "NLB", "Perimeter": 1488.773212, "Seller_Nam": null }, "geometry": { "type": "Polygon", "coordinates": [ [ [ -70.1020774, 41.2752571, 0.0 ], [ -70.1028505, 41.2753357, 0.0 ], [ -70.1027474, 41.2759154, 0.0 ], [ -70.1031538, 41.2758515, 0.0 ], [ -70.1033309, 41.2747784, 0.0 ], [ -70.1021603, 41.2746367, 0.0 ], [ -70.1020774, 41.2752571, 0.0 ] ] ] } },
{ "type": "Feature", "properties": { "Name": "Nicholachi", "Acres": 6.77347, "Address": "63 Millbrook Rd, 25 Burnt Swamp Rd", "Area": 295051.001773, "FID": 30, "Field_1": "Nicholachi", "Hunting": null, "Name2": "Nicholachi", "Owner": "NLB", "Perimeter": 6057.734837, "Seller_Nam": null }, "geometry": { "type": "Polygon", "coordinates": [ [ [ -70.1245408, 41.2776604, 0.0 ], [ -70.1239374, 41.2777947, 0.0 ], [ -70.1229899, 41.2780056, 0.0 ], [ -70.1230668, 41.2780637, 0.0 ], [ -70.1231868, 41.2781494, 0.0 ], [ -70.1232329, 41.2780538, 0.0 ], [ -70.1236325, 41.2779927, 0.0 ], [ -70.1242904, 41.2778626, 0.0 ], [ -70.1254321, 41.2774146, 0.0 ], [ -70.1260742, 41.2775122, 0.0 ], [ -70.1268879, 41.2773993, 0.0 ], [ -70.1269744, 41.2776253, 0.0 ], [ -70.1270278, 41.2776658, 0.0 ], [ -70.127062, 41.2776513, 0.0 ], [ -70.1271496, 41.2776075, 0.0 ], [ -70.1272864, 41.2775418, 0.0 ], [ -70.1274181, 41.2774908, 0.0 ], [ -70.1274768, 41.2774763, 0.0 ], [ -70.1275642, 41.2774766, 0.0 ], [ -70.1276423, 41.2774842, 0.0 ], [ -70.1277251, 41.2774881, 0.0 ], [ -70.1277977, 41.2775067, 0.0 ], [ -70.1279049, 41.2775401, 0.0 ], [ -70.1279924, 41.2775735, 0.0 ], [ -70.1280601, 41.2775847, 0.0 ], [ -70.1281284, 41.2775776, 0.0 ], [ -70.1281772, 41.2775557, 0.0 ], [ -70.1281923, 41.2775301, 0.0 ], [ -70.1282071, 41.2774897, 0.0 ], [ -70.128217, 41.2774346, 0.0 ], [ -70.128237, 41.2773576, 0.0 ], [ -70.1282956, 41.277288, 0.0 ], [ -70.1283937, 41.2772332, 0.0 ], [ -70.128441, 41.2772247, 0.0 ], [ -70.1284861, 41.2772123, 0.0 ], [ -70.1285384, 41.277207, 0.0 ], [ -70.1285862, 41.2772036, 0.0 ], [ -70.1286339, 41.2772074, 0.0 ], [ -70.1287025, 41.2772255, 0.0 ], [ -70.1289993, 41.2774168, 0.0 ], [ -70.1290605, 41.2774385, 0.0 ], [ -70.1289171, 41.2771569, 0.0 ], [ -70.1284475, 41.277041, 0.0 ], [ -70.1283544, 41.2770114, 0.0 ], [ -70.127246, 41.2766482, 0.0 ], [ -70.126948, 41.2772269, 0.0 ], [ -70.1261935, 41.277325, 0.0 ], [ -70.1260383, 41.2773473, 0.0 ], [ -70.1254498, 41.2772628, 0.0 ], [ -70.1253814, 41.277303, 0.0 ], [ -70.125265, 41.2773716, 0.0 ], [ -70.124694, 41.2775873, 0.0 ], [ -70.1249578, 41.2771064, 0.0 ], [ -70.1251227, 41.2770463, 0.0 ], [ -70.1252599, 41.2768383, 0.0 ], [ -70.1253544, 41.2766882, 0.0 ], [ -70.1255983, 41.2767408, 0.0 ], [ -70.1259683, 41.2762295, 0.0 ], [ -70.125982, 41.2762102, 0.0 ], [ -70.1257015, 41.2761229, 0.0 ], [ -70.1258705, 41.2759032, 0.0 ], [ -70.1248471, 41.2757871, 0.0 ], [ -70.1245858, 41.2757574, 0.0 ], [ -70.1243418, 41.2757297, 0.0 ], [ -70.1243432, 41.2758747, 0.0 ], [ -70.1243472, 41.276214, 0.0 ], [ -70.1243826, 41.2762156, 0.0 ], [ -70.1243847, 41.2764845, 0.0 ], [ -70.125122, 41.2767827, 0.0 ], [ -70.1249386, 41.2770445, 0.0 ], [ -70.1249002, 41.2770746, 0.0 ], [ -70.1245408, 41.2776604, 0.0 ] ] ] } },
{ "type": "Feature", "properties": { "Name": "Long Pond/Jeremys Cove", "Acres": 0.382755, "Address": "Jeremys Cove", "Area": 16672.724071000001, "FID": 31, "Field_1": "Long Pond/Jeremys Cove", "Hunting": null, "Name2": "Long Pond/Jeremys Cove", "Owner": "NLB", "Perimeter": 524.438532, "Seller_Nam": null }, "geometry": { "type": "Polygon", "coordinates": [ [ [ -70.1766586, 41.2772169, 0.0 ], [ -70.1767537, 41.2772011, 0.0 ], [ -70.1766073, 41.2769248, 0.0 ], [ -70.1761634, 41.2768401, 0.0 ], [ -70.1761449, 41.277169, 0.0 ], [ -70.1762031, 41.2771839, 0.0 ], [ -70.1762872, 41.2771894, 0.0 ], [ -70.176378, 41.2772108, 0.0 ], [ -70.1765326, 41.2772112, 0.0 ], [ -70.1766586, 41.2772169, 0.0 ] ] ] } },
{ "type": "Feature", "properties": { "Name": "Egan", "Acres": 0.484194, "Address": "15, 17, 19 Mill Hill Ln", "Area": 21091.414407, "FID": 32, "Field_1": "Egan", "Hunting": null, "Name2": "Egan", "Owner": "NLB", "Perimeter": 705.61422, "Seller_Nam": null }, "geometry": { "type": "Polygon", "coordinates": [ [ [ -70.1044017, 41.2774284, 0.0 ], [ -70.1044347, 41.277449, 0.0 ], [ -70.1045172, 41.2775004, 0.0 ], [ -70.1046622, 41.2775908, 0.0 ], [ -70.1048298, 41.2776951, 0.0 ], [ -70.1048684, 41.2776232, 0.0 ], [ -70.1049429, 41.2774862, 0.0 ], [ -70.1049715, 41.2774338, 0.0 ], [ -70.1050156, 41.2773517, 0.0 ], [ -70.1050538, 41.277281, 0.0 ], [ -70.1048369, 41.2772678, 0.0 ], [ -70.1046469, 41.2772563, 0.0 ], [ -70.1045319, 41.2772494, 0.0 ], [ -70.1040691, 41.2772214, 0.0 ], [ -70.1044017, 41.2774284, 0.0 ] ] ] } },
{ "type": "Feature", "properties": { "Name": "Long Pond", "Acres": 3.18997, "Address": "200, 202, 204, 206, 208, 210 Madaket Rd", "Area": 138954.42559500001, "FID": 33, "Field_1": "Long Pond", "Hunting": null, "Name2": "Long Pond", "Owner": "NLB", "Perimeter": 1912.692694, "Seller_Nam": null }, "geometry": { "type": "Polygon", "coordinates": [ [ [ -70.1767442, 41.279205, 0.0 ], [ -70.1766673, 41.2792316, 0.0 ], [ -70.1765801, 41.2792939, 0.0 ], [ -70.1764924, 41.2793626, 0.0 ], [ -70.176418, 41.2794282, 0.0 ], [ -70.1763263, 41.2794904, 0.0 ], [ -70.1763088, 41.2795219, 0.0 ], [ -70.1762515, 41.279625, 0.0 ], [ -70.1762253, 41.279671, 0.0 ], [ -70.1761986, 41.2797343, 0.0 ], [ -70.1761364, 41.2798042, 0.0 ], [ -70.1760961, 41.2798607, 0.0 ], [ -70.1760339, 41.2799339, 0.0 ], [ -70.1759933, 41.2799627, 0.0 ], [ -70.1762823, 41.280098, 0.0 ], [ -70.1766827, 41.2798756, 0.0 ], [ -70.1768082, 41.2797928, 0.0 ], [ -70.1772521, 41.2796885, 0.0 ], [ -70.177437, 41.27963, 0.0 ], [ -70.1776192, 41.2795771, 0.0 ], [ -70.1779567, 41.2794792, 0.0 ], [ -70.178301, 41.2793792, 0.0 ], [ -70.1783556, 41.2793582, 0.0 ], [ -70.1778678, 41.2786031, 0.0 ], [ -70.1777676, 41.2784484, 0.0 ], [ -70.1776736, 41.2785012, 0.0 ], [ -70.1776299, 41.2785143, 0.0 ], [ -70.1775774, 41.2785503, 0.0 ], [ -70.177529, 41.2785929, 0.0 ], [ -70.1774983, 41.2786421, 0.0 ], [ -70.1775157, 41.2787145, 0.0 ], [ -70.1775326, 41.2787803, 0.0 ], [ -70.1775348, 41.2788113, 0.0 ], [ -70.1775533, 41.2788403, 0.0 ], [ -70.1775187, 41.278925, 0.0 ], [ -70.177466, 41.2790037, 0.0 ], [ -70.1773438, 41.2790823, 0.0 ], [ -70.1772855, 41.2790968, 0.0 ], [ -70.1772259, 41.2791115, 0.0 ], [ -70.1770487, 41.2791697, 0.0 ], [ -70.1769813, 41.2791897, 0.0 ], [ -70.1768898, 41.2792027, 0.0 ], [ -70.1768202, 41.2791992, 0.0 ], [ -70.1767442, 41.279205, 0.0 ] ] ] } },
{ "type": "Feature", "properties": { "Name": "Berlyn", "Acres": 0.114407, "Address": "50 Union St", "Area": 4983.541061, "FID": 34, "Field_1": "Berlyn", "Hunting": null, "Name2": "Berlyn", "Owner": "NLB", "Perimeter": 280.734296, "Seller_Nam": null }, "geometry": { "type": "Polygon", "coordinates": [ [ [ -70.0945858, 41.2792351, 0.0 ], [ -70.0945375, 41.2792629, 0.0 ], [ -70.0946812, 41.2793999, 0.0 ], [ -70.0947977, 41.2793242, 0.0 ], [ -70.0948529, 41.2792874, 0.0 ], [ -70.094874, 41.2792651, 0.0 ], [ -70.0948806, 41.2792254, 0.0 ], [ -70.0948458, 41.2791877, 0.0 ], [ -70.0948033, 41.2791472, 0.0 ], [ -70.0947807, 41.2791238, 0.0 ], [ -70.0945858, 41.2792351, 0.0 ] ] ] } },
{ "type": "Feature", "properties": { "Name": "Saratoga Lane", "Acres": 0.790813, "Address": "5 Saratoga Ln", "Area": 34447.69433, "FID": 35, "Field_1": "Saratoga Lane", "Hunting": null, "Name2": "Saratoga Lane", "Owner": "NLB", "Perimeter": 922.209481, "Seller_Nam": null }, "geometry": { "type": "Polygon", "coordinates": [ [ [ -70.1073097, 41.2795688, 0.0 ], [ -70.1078168, 41.279795, 0.0 ], [ -70.10783, 41.2797995, 0.0 ], [ -70.1079935, 41.2795322, 0.0 ], [ -70.1082531, 41.2796167, 0.0 ], [ -70.1082356, 41.2796561, 0.0 ], [ -70.1083669, 41.2796757, 0.0 ], [ -70.1085321, 41.2795761, 0.0 ], [ -70.1084271, 41.2794226, 0.0 ], [ -70.108273, 41.2791807, 0.0 ], [ -70.1081031, 41.2792321, 0.0 ], [ -70.1078669, 41.2793284, 0.0 ], [ -70.1076999, 41.2794, 0.0 ], [ -70.1076608, 41.2794167, 0.0 ], [ -70.1075791, 41.2794522, 0.0 ], [ -70.1075218, 41.2794771, 0.0 ], [ -70.1074483, 41.2795091, 0.0 ], [ -70.1073097, 41.2795688, 0.0 ] ] ] } },
{ "type": "Feature", "properties": { "Name": "Long Pond", "Acres": 12.0149, "Address": "192, 194, 195, 196 Madaket Rd", "Area": 523366.802088, "FID": 36, "Field_1": "Long Pond", "Hunting": null, "Name2": "Long Pond", "Owner": "NLB", "Perimeter": 4068.609882, "Seller_Nam": null }, "geometry": { "type": "MultiPolygon", "coordinates": [ [ [ [ -70.1756604, 41.28032, 0.0 ], [ -70.175663, 41.280348, 0.0 ], [ -70.1756668, 41.280408, 0.0 ], [ -70.1756625, 41.2805382, 0.0 ], [ -70.1756486, 41.280598, 0.0 ], [ -70.175626, 41.2806713, 0.0 ], [ -70.175608, 41.280718, 0.0 ], [ -70.1756254, 41.2807747, 0.0 ], [ -70.1756385, 41.2808048, 0.0 ], [ -70.1756561, 41.2808282, 0.0 ], [ -70.1757, 41.2808649, 0.0 ], [ -70.1757308, 41.2808984, 0.0 ], [ -70.1757529, 41.2809418, 0.0 ], [ -70.1757613, 41.2809885, 0.0 ], [ -70.175792, 41.2810353, 0.0 ], [ -70.1758227, 41.2810654, 0.0 ], [ -70.1758671, 41.2811155, 0.0 ], [ -70.1758887, 41.2811456, 0.0 ], [ -70.1758799, 41.2811889, 0.0 ], [ -70.1758443, 41.2812155, 0.0 ], [ -70.175791, 41.2812387, 0.0 ], [ -70.1757867, 41.2812687, 0.0 ], [ -70.1758216, 41.2813021, 0.0 ], [ -70.17591, 41.281349, 0.0 ], [ -70.1759804, 41.2813692, 0.0 ], [ -70.1760422, 41.2813728, 0.0 ], [ -70.1760869, 41.2813562, 0.0 ], [ -70.1761311, 41.2813363, 0.0 ], [ -70.1761753, 41.2813231, 0.0 ], [ -70.1762458, 41.2813133, 0.0 ], [ -70.1763445, 41.2813136, 0.0 ], [ -70.1762162, 41.2808767, 0.0 ], [ -70.1761387, 41.2806261, 0.0 ], [ -70.1762332, 41.2802909, 0.0 ], [ -70.1759289, 41.2801954, 0.0 ], [ -70.1756604, 41.28032, 0.0 ] ] ], [ [ [ -70.1765141, 41.2813296, 0.0 ], [ -70.1765555, 41.2813187, 0.0 ], [ -70.1766206, 41.2813166, 0.0 ], [ -70.1766651, 41.2813212, 0.0 ], [ -70.1767497, 41.281327, 0.0 ], [ -70.1768089, 41.2813048, 0.0 ], [ -70.1768595, 41.2812848, 0.0 ], [ -70.1769219, 41.2812693, 0.0 ], [ -70.1769573, 41.2812717, 0.0 ], [ -70.177011, 41.2812718, 0.0 ], [ -70.1770615, 41.2812697, 0.0 ], [ -70.1771325, 41.2812588, 0.0 ], [ -70.1772217, 41.28125, 0.0 ], [ -70.1773045, 41.2812391, 0.0 ], [ -70.1774086, 41.2812416, 0.0 ], [ -70.1774559, 41.2812462, 0.0 ], [ -70.1775242, 41.281233, 0.0 ], [ -70.1776639, 41.2812132, 0.0 ], [ -70.1778819, 41.2811814, 0.0 ], [ -70.1779797, 41.2811683, 0.0 ], [ -70.1780808, 41.2811573, 0.0 ], [ -70.1781581, 41.2811486, 0.0 ], [ -70.1782586, 41.2811422, 0.0 ], [ -70.1783242, 41.2811267, 0.0 ], [ -70.1783866, 41.2811157, 0.0 ], [ -70.1784694, 41.281107, 0.0 ], [ -70.178544, 41.2810938, 0.0 ], [ -70.1786091, 41.2810805, 0.0 ], [ -70.178707, 41.2810606, 0.0 ], [ -70.1787844, 41.2810519, 0.0 ], [ -70.1788972, 41.2810388, 0.0 ], [ -70.1790337, 41.281037, 0.0 ], [ -70.1791001, 41.2810271, 0.0 ], [ -70.1791925, 41.281005, 0.0 ], [ -70.1792844, 41.2809963, 0.0 ], [ -70.1793377, 41.2809919, 0.0 ], [ -70.1794328, 41.280981, 0.0 ], [ -70.1794892, 41.2809812, 0.0 ], [ -70.1795515, 41.2809769, 0.0 ], [ -70.179587, 41.280968, 0.0 ], [ -70.1796553, 41.2809481, 0.0 ], [ -70.1797177, 41.2809415, 0.0 ], [ -70.1797859, 41.2809462, 0.0 ], [ -70.1798245, 41.2809508, 0.0 ], [ -70.1798572, 41.280962, 0.0 ], [ -70.1798927, 41.2809621, 0.0 ], [ -70.1799342, 41.2809354, 0.0 ], [ -70.1799343, 41.2809086, 0.0 ], [ -70.1799464, 41.2808505, 0.0 ], [ -70.1799761, 41.2808281, 0.0 ], [ -70.1800089, 41.2808126, 0.0 ], [ -70.1800536, 41.2807903, 0.0 ], [ -70.1801041, 41.2807815, 0.0 ], [ -70.1801566, 41.2807504, 0.0 ], [ -70.179977, 41.280088, 0.0 ], [ -70.17989, 41.2796542, 0.0 ], [ -70.179692, 41.2796858, 0.0 ], [ -70.179134, 41.2797688, 0.0 ], [ -70.1788855, 41.2798059, 0.0 ], [ -70.1784395, 41.2798723, 0.0 ], [ -70.1778306, 41.2799629, 0.0 ], [ -70.1776685, 41.2797162, 0.0 ], [ -70.177037, 41.2798709, 0.0 ], [ -70.1768716, 41.2799361, 0.0 ], [ -70.1764516, 41.2801682, 0.0 ], [ -70.1763157, 41.2806141, 0.0 ], [ -70.1765141, 41.2813296, 0.0 ] ] ] ] } },
{ "type": "Feature", "properties": { "Name": "Peterson", "Acres": 11.2898, "Address": "46, 48, 50, 52, 54, 56 Madaket Rd, 4 Tulip Ln, 19, 21 Dukes Rd", "Area": 491780.26402, "FID": 37, "Field_1": "Peterson", "Hunting": null, "Name2": "Peterson", "Owner": "NLB", "Perimeter": 4398.660986, "Seller_Nam": null }, "geometry": { "type": "Polygon", "coordinates": [ [ [ -70.1158983, 41.281013, 0.0 ], [ -70.116251, 41.281052, 0.0 ], [ -70.1166169, 41.2810957, 0.0 ], [ -70.1166206, 41.2816912, 0.0 ], [ -70.1170819, 41.2817529, 0.0 ], [ -70.1174523, 41.2818025, 0.0 ], [ -70.1174877, 41.2818073, 0.0 ], [ -70.1176777, 41.2818233, 0.0 ], [ -70.1177304, 41.2818284, 0.0 ], [ -70.1182345, 41.2818771, 0.0 ], [ -70.11839, 41.2818922, 0.0 ], [ -70.118632, 41.2819567, 0.0 ], [ -70.1195965, 41.2822137, 0.0 ], [ -70.1197339, 41.2818864, 0.0 ], [ -70.1197635, 41.2814922, 0.0 ], [ -70.1196696, 41.2812973, 0.0 ], [ -70.1195214, 41.281133, 0.0 ], [ -70.1190234, 41.2809637, 0.0 ], [ -70.1189876, 41.2809494, 0.0 ], [ -70.1189563, 41.2809355, 0.0 ], [ -70.1189259, 41.2809205, 0.0 ], [ -70.1188965, 41.2809046, 0.0 ], [ -70.1188674, 41.2808878, 0.0 ], [ -70.1188398, 41.2808701, 0.0 ], [ -70.1188131, 41.2808515, 0.0 ], [ -70.1187873, 41.2808321, 0.0 ], [ -70.1187601, 41.280804, 0.0 ], [ -70.1185628, 41.2805685, 0.0 ], [ -70.1182033, 41.2801403, 0.0 ], [ -70.1180342, 41.2800527, 0.0 ], [ -70.1179577, 41.2800653, 0.0 ], [ -70.1173745, 41.2801614, 0.0 ], [ -70.1175005, 41.2806293, 0.0 ], [ -70.1171005, 41.2806755, 0.0 ], [ -70.117034, 41.2802174, 0.0 ], [ -70.1169587, 41.2801065, 0.0 ], [ -70.1166364, 41.2802441, 0.0 ], [ -70.116361, 41.2797527, 0.0 ], [ -70.1160463, 41.2799031, 0.0 ], [ -70.1157217, 41.2800365, 0.0 ], [ -70.1159817, 41.2805238, 0.0 ], [ -70.1163063, 41.2803851, 0.0 ], [ -70.1165721, 41.2802716, 0.0 ], [ -70.1166175, 41.2808322, 0.0 ], [ -70.1159329, 41.2806174, 0.0 ], [ -70.1159599, 41.2806705, 0.0 ], [ -70.1158542, 41.28071, 0.0 ], [ -70.1158983, 41.281013, 0.0 ] ] ] } },
{ "type": "Feature", "properties": { "Name": "Moors End Farm", "Acres": 20.899099, "Address": "56, 64, 66, 68 Polpis Rd, 5 Juniper Hill", "Area": 910362.19037500001, "FID": 38, "Field_1": "Moors End Farm", "Hunting": null, "Name2": "Moors End Farm", "Owner": "NLB", "Perimeter": 5004.078954, "Seller_Nam": null }, "geometry": { "type": "Polygon", "coordinates": [ [ [ -70.0671201, 41.2820057, 0.0 ], [ -70.0677055, 41.2823463, 0.0 ], [ -70.0678495, 41.2822294, 0.0 ], [ -70.0685233, 41.281368, 0.0 ], [ -70.0689741, 41.280792, 0.0 ], [ -70.0690906, 41.2806431, 0.0 ], [ -70.0694045, 41.280775, 0.0 ], [ -70.0702273, 41.2801322, 0.0 ], [ -70.0709925, 41.2801012, 0.0 ], [ -70.0709917, 41.2800738, 0.0 ], [ -70.0709933, 41.2800464, 0.0 ], [ -70.070998, 41.2800191, 0.0 ], [ -70.0710055, 41.2799923, 0.0 ], [ -70.0710156, 41.2799659, 0.0 ], [ -70.0710285, 41.2799403, 0.0 ], [ -70.0710442, 41.2799155, 0.0 ], [ -70.0710621, 41.2798917, 0.0 ], [ -70.0710827, 41.2798691, 0.0 ], [ -70.0711088, 41.2798453, 0.0 ], [ -70.0700537, 41.279413, 0.0 ], [ -70.0699377, 41.2795624, 0.0 ], [ -70.0696334, 41.2799547, 0.0 ], [ -70.0686665, 41.2786797, 0.0 ], [ -70.0682018, 41.2788823, 0.0 ], [ -70.0680554, 41.2789462, 0.0 ], [ -70.0677348, 41.279086, 0.0 ], [ -70.0674661, 41.2792092, 0.0 ], [ -70.0673589, 41.2792648, 0.0 ], [ -70.067179, 41.2793607, 0.0 ], [ -70.0671561, 41.279394, 0.0 ], [ -70.0669009, 41.2795342, 0.0 ], [ -70.0666286, 41.279723, 0.0 ], [ -70.066448, 41.2798797, 0.0 ], [ -70.0664173, 41.2799125, 0.0 ], [ -70.0663321, 41.2800041, 0.0 ], [ -70.0662523, 41.2800961, 0.0 ], [ -70.0662087, 41.280161, 0.0 ], [ -70.0661178, 41.2802926, 0.0 ], [ -70.0660318, 41.2804178, 0.0 ], [ -70.0659428, 41.2805488, 0.0 ], [ -70.0658844, 41.280635, 0.0 ], [ -70.0657798, 41.2807889, 0.0 ], [ -70.0657297, 41.2808534, 0.0 ], [ -70.0656364, 41.2809736, 0.0 ], [ -70.0656168, 41.2809985, 0.0 ], [ -70.0655225, 41.2811105, 0.0 ], [ -70.0664497, 41.2816002, 0.0 ], [ -70.0665293, 41.2816453, 0.0 ], [ -70.0665415, 41.2816521, 0.0 ], [ -70.0665525, 41.2816581, 0.0 ], [ -70.06661, 41.2816895, 0.0 ], [ -70.0667161, 41.2817475, 0.0 ], [ -70.0670456, 41.2819279, 0.0 ], [ -70.066489, 41.2823332, 0.0 ], [ -70.0666063, 41.2824014, 0.0 ], [ -70.0671201, 41.2820057, 0.0 ] ] ] } },
{ "type": "Feature", "properties": { "Name": "Main St, 106", "Acres": 0.048347, "Address": "106 Main St", "Area": 2106.003409, "FID": 39, "Field_1": "Main St, 106", "Hunting": null, "Name2": "Main St, 106", "Owner": "NLB", "Perimeter": 229.288941, "Seller_Nam": null }, "geometry": { "type": "Polygon", "coordinates": [ [ [ -70.1033642, 41.2809852, 0.0 ], [ -70.1034084, 41.2808919, 0.0 ], [ -70.1033359, 41.2807767, 0.0 ], [ -70.1033263, 41.2807795, 0.0 ], [ -70.1032798, 41.2807202, 0.0 ], [ -70.1032092, 41.2807448, 0.0 ], [ -70.1033642, 41.2809852, 0.0 ] ] ] } },
{ "type": "Feature", "properties": { "Name": "Long Pond/King of Crabs", "Acres": 0.332295, "Address": "Madaket Rd", "Area": 14474.695719, "FID": 40, "Field_1": "Long Pond/King of Crabs", "Hunting": null, "Name2": "Long Pond/King of Crabs", "Owner": "NLB", "Perimeter": 657.588918, "Seller_Nam": null }, "geometry": { "type": "Polygon", "coordinates": [ [ [ -70.1757101, 41.2815052, 0.0 ], [ -70.1757454, 41.281532, 0.0 ], [ -70.1757939, 41.2815554, 0.0 ], [ -70.1758865, 41.2815957, 0.0 ], [ -70.17605, 41.2816429, 0.0 ], [ -70.176213, 41.28169, 0.0 ], [ -70.1763147, 41.2817403, 0.0 ], [ -70.1763809, 41.2817805, 0.0 ], [ -70.1764025, 41.2818206, 0.0 ], [ -70.1764249, 41.2818812, 0.0 ], [ -70.1764764, 41.2818716, 0.0 ], [ -70.1763718, 41.2814107, 0.0 ], [ -70.1762631, 41.2814134, 0.0 ], [ -70.1762198, 41.2814174, 0.0 ], [ -70.1761775, 41.2814252, 0.0 ], [ -70.1761365, 41.2814367, 0.0 ], [ -70.1760978, 41.2814519, 0.0 ], [ -70.1760618, 41.2814704, 0.0 ], [ -70.1759402, 41.2815058, 0.0 ], [ -70.1758738, 41.2815057, 0.0 ], [ -70.1758252, 41.2814788, 0.0 ], [ -70.1757721, 41.2814587, 0.0 ], [ -70.1757326, 41.2814452, 0.0 ], [ -70.1756931, 41.2814484, 0.0 ], [ -70.1756884, 41.2814784, 0.0 ], [ -70.1757101, 41.2815052, 0.0 ] ] ] } },
{ "type": "Feature", "properties": { "Name": "Blueberry Pasture", "Acres": 0.605408, "Address": "2 Moors End Ln", "Area": 26371.453656999998, "FID": 41, "Field_1": "Blueberry Pasture", "Hunting": null, "Name2": "Blueberry Pasture", "Owner": "NLB", "Perimeter": 691.016454, "Seller_Nam": null }, "geometry": { "type": "Polygon", "coordinates": [ [ [ -70.0642727, 41.2815171, 0.0 ], [ -70.0638753, 41.2817695, 0.0 ], [ -70.0642034, 41.2819503, 0.0 ], [ -70.0646053, 41.2817021, 0.0 ], [ -70.0647584, 41.2815848, 0.0 ], [ -70.0648069, 41.2815478, 0.0 ], [ -70.0647853, 41.2815044, 0.0 ], [ -70.0647773, 41.2814777, 0.0 ], [ -70.0647616, 41.281453, 0.0 ], [ -70.0647385, 41.2814318, 0.0 ], [ -70.06471, 41.2814151, 0.0 ], [ -70.0645546, 41.2813254, 0.0 ], [ -70.0642727, 41.2815171, 0.0 ] ] ] } },
{ "type": "Feature", "properties": { "Name": "Walker", "Acres": 0.000652, "Address": "15 Commercial Wf", "Area": 28.386443, "FID": 42, "Field_1": "Walker", "Hunting": null, "Name2": "Walker", "Owner": "NLB", "Perimeter": 43.441658, "Seller_Nam": null }, "geometry": { "type": "Polygon", "coordinates": [ [ [ -70.095153, 41.2823853, 0.0 ], [ -70.0951682, 41.2823812, 0.0 ], [ -70.0951483, 41.2823651, 0.0 ], [ -70.0951376, 41.2823493, 0.0 ], [ -70.0951327, 41.2823381, 0.0 ], [ -70.0951315, 41.282337, 0.0 ], [ -70.0951298, 41.2823359, 0.0 ], [ -70.095153, 41.2823853, 0.0 ] ] ] } },
{ "type": "Feature", "properties": { "Name": "Petrel Landing", "Acres": 0.326626, "Address": "17 Commercial Wf", "Area": 14227.787736, "FID": 43, "Field_1": "Petrel Landing", "Hunting": null, "Name2": "Petrel Landing", "Owner": "NLB", "Perimeter": 492.055106, "Seller_Nam": null }, "geometry": { "type": "Polygon", "coordinates": [ [ [ -70.095122, 41.2823194, 0.0 ], [ -70.0950599, 41.2823617, 0.0 ], [ -70.0949569, 41.2823909, 0.0 ], [ -70.0950272, 41.2825684, 0.0 ], [ -70.095027, 41.2826023, 0.0 ], [ -70.095083, 41.2827406, 0.0 ], [ -70.0951718, 41.2827176, 0.0 ], [ -70.0952384, 41.2827004, 0.0 ], [ -70.0953258, 41.2826778, 0.0 ], [ -70.0953641, 41.282668, 0.0 ], [ -70.0954552, 41.2826445, 0.0 ], [ -70.0953206, 41.2823405, 0.0 ], [ -70.0952892, 41.2822691, 0.0 ], [ -70.0952608, 41.282305, 0.0 ], [ -70.0952172, 41.282304, 0.0 ], [ -70.095122, 41.2823194, 0.0 ] ] ] } },
{ "type": "Feature", "properties": { "Name": "Andrews/Cathcart", "Acres": 1.39839, "Address": "22 Cathcart Rd", "Area": 60913.51453, "FID": 44, "Field_1": "Andrews/Cathcart", "Hunting": null, "Name2": "Andrews/Cathcart", "Owner": "NLB", "Perimeter": 1060.023608, "Seller_Nam": null }, "geometry": { "type": "Polygon", "coordinates": [ [ [ -70.0780036, 41.2825241, 0.0 ], [ -70.077982, 41.282551, 0.0 ], [ -70.0786554, 41.2828581, 0.0 ], [ -70.0786902, 41.2828274, 0.0 ], [ -70.0786932, 41.2828206, 0.0 ], [ -70.0787052, 41.2827981, 0.0 ], [ -70.0787218, 41.2827748, 0.0 ], [ -70.0787361, 41.2827562, 0.0 ], [ -70.078753, 41.2827392, 0.0 ], [ -70.0787714, 41.2827229, 0.0 ], [ -70.0787913, 41.2827075, 0.0 ], [ -70.0788098, 41.2826916, 0.0 ], [ -70.0788346, 41.282672, 0.0 ], [ -70.078859, 41.2826542, 0.0 ], [ -70.0788792, 41.2826391, 0.0 ], [ -70.0789002, 41.2826239, 0.0 ], [ -70.0789206, 41.2826081, 0.0 ], [ -70.078929, 41.282602, 0.0 ], [ -70.0789519, 41.282584, 0.0 ], [ -70.0789554, 41.2825822, 0.0 ], [ -70.0789624, 41.2825768, 0.0 ], [ -70.0789842, 41.2825596, 0.0 ], [ -70.0790055, 41.2825442, 0.0 ], [ -70.0788797, 41.2824317, 0.0 ], [ -70.0787481, 41.2823146, 0.0 ], [ -70.0782045, 41.2818353, 0.0 ], [ -70.0777508, 41.2824404, 0.0 ], [ -70.0778252, 41.2824749, 0.0 ], [ -70.077854, 41.2824427, 0.0 ], [ -70.0780036, 41.2825241, 0.0 ] ] ] } },
{ "type": "Feature", "properties": { "Name": "Maxcy's Pond", "Acres": 5.24263, "Address": "111, 113 Madaket Rd", "Area": 228368.16336000001, "FID": 45, "Field_1": "Maxcy's Pond", "Hunting": null, "Name2": "Maxcy's Pond", "Owner": "NLB", "Perimeter": 2135.938955, "Seller_Nam": null }, "geometry": { "type": "Polygon", "coordinates": [ [ [ -70.1323145, 41.284088, 0.0 ], [ -70.1329969, 41.2840045, 0.0 ], [ -70.1339444, 41.2838886, 0.0 ], [ -70.1347316, 41.2839101, 0.0 ], [ -70.1346453, 41.2837296, 0.0 ], [ -70.1346197, 41.2836672, 0.0 ], [ -70.1341458, 41.2835124, 0.0 ], [ -70.1336483, 41.2831824, 0.0 ], [ -70.1333822, 41.2830195, 0.0 ], [ -70.1331561, 41.2829029, 0.0 ], [ -70.133108, 41.2828829, 0.0 ], [ -70.1330565, 41.2828685, 0.0 ], [ -70.1330063, 41.2828604, 0.0 ], [ -70.132955, 41.2828576, 0.0 ], [ -70.1328977, 41.2828608, 0.0 ], [ -70.1323792, 41.2828895, 0.0 ], [ -70.1319446, 41.2829424, 0.0 ], [ -70.1317734, 41.2829644, 0.0 ], [ -70.1316929, 41.2829747, 0.0 ], [ -70.1316135, 41.2829772, 0.0 ], [ -70.1316759, 41.2830761, 0.0 ], [ -70.1323145, 41.284088, 0.0 ] ] ] } },
{ "type": "Feature", "properties": { "Name": "Dammin", "Acres": 3.38479, "Address": "45, 47 Grove Ln", "Area": 147441.02356900001, "FID": 46, "Field_1": "Dammin", "Hunting": null, "Name2": "Dammin", "Owner": "NLB", "Perimeter": 1743.068622, "Seller_Nam": null }, "geometry": { "type": "Polygon", "coordinates": [ [ [ -70.1154093, 41.283749, 0.0 ], [ -70.1153269, 41.2837618, 0.0 ], [ -70.1154646, 41.2840141, 0.0 ], [ -70.1155865, 41.2842375, 0.0 ], [ -70.1157129, 41.284469, 0.0 ], [ -70.1160995, 41.2851762, 0.0 ], [ -70.1169681, 41.2850323, 0.0 ], [ -70.1169267, 41.284794, 0.0 ], [ -70.1168484, 41.2843457, 0.0 ], [ -70.1168211, 41.2841895, 0.0 ], [ -70.1163179, 41.2841428, 0.0 ], [ -70.1164006, 41.2836183, 0.0 ], [ -70.1154093, 41.283749, 0.0 ] ] ] } },
{ "type": "Feature", "properties": { "Name": "Grove Lane", "Acres": 0.904815, "Address": "32 Grove Ln", "Area": 39413.582307999997, "FID": 47, "Field_1": "Grove Lane", "Hunting": null, "Name2": "Grove Lane", "Owner": "NLB", "Perimeter": 821.926229, "Seller_Nam": null }, "geometry": { "type": "Polygon", "coordinates": [ [ [ -70.1124118, 41.2838701, 0.0 ], [ -70.1123394, 41.2838837, 0.0 ], [ -70.1126427, 41.2845942, 0.0 ], [ -70.1131737, 41.2844036, 0.0 ], [ -70.1128603, 41.2837863, 0.0 ], [ -70.1124118, 41.2838701, 0.0 ] ] ] } },
{ "type": "Feature", "properties": { "Name": "Skating Pond", "Acres": 2.09397, "Address": "10 Grove Ln, 25 New Ln", "Area": 91213.066326, "FID": 48, "Field_1": "Skating Pond", "Hunting": null, "Name2": "Skating Pond", "Owner": "NLB", "Perimeter": 1211.775948, "Seller_Nam": null }, "geometry": { "type": "Polygon", "coordinates": [ [ [ -70.1080037, 41.2848066, 0.0 ], [ -70.1085479, 41.2848484, 0.0 ], [ -70.1091729, 41.2848966, 0.0 ], [ -70.1093694, 41.2841379, 0.0 ], [ -70.1091771, 41.284118, 0.0 ], [ -70.108964, 41.284096, 0.0 ], [ -70.1088008, 41.2840791, 0.0 ], [ -70.1087594, 41.2840748, 0.0 ], [ -70.1085667, 41.2840549, 0.0 ], [ -70.1083581, 41.2840333, 0.0 ], [ -70.1082367, 41.2840221, 0.0 ], [ -70.1080037, 41.2848066, 0.0 ] ] ] } },
{ "type": "Feature", "properties": { "Name": "Broad St, 22", "Acres": 0.074835, "Address": "22 Broad St", "Area": 3259.80505, "FID": 49, "Field_1": "Broad St, 22", "Hunting": null, "Name2": "Broad St, 22", "Owner": "NLB", "Perimeter": 235.904227, "Seller_Nam": null }, "geometry": { "type": "Polygon", "coordinates": [ [ [ -70.1000025, 41.2848337, 0.0 ], [ -70.1000487, 41.2850136, 0.0 ], [ -70.1000535, 41.2850336, 0.0 ], [ -70.1002129, 41.2850079, 0.0 ], [ -70.1002085, 41.2849904, 0.0 ], [ -70.1001577, 41.2848106, 0.0 ], [ -70.1000025, 41.2848337, 0.0 ] ] ] } },
{ "type": "Feature", "properties": { "Name": "Grove Lane", "Acres": 2.67352, "Address": "17, 19, 21 Grove Ln", "Area": 116458.07472, "FID": 50, "Field_1": "Grove Lane", "Hunting": null, "Name2": "Grove Lane", "Owner": "NLB", "Perimeter": 1952.496794, "Seller_Nam": null }, "geometry": { "type": "Polygon", "coordinates": [ [ [ -70.108931, 41.2860286, 0.0 ], [ -70.1093216, 41.2860543, 0.0 ], [ -70.1095203, 41.286058, 0.0 ], [ -70.1097514, 41.2860588, 0.0 ], [ -70.1100051, 41.2860597, 0.0 ], [ -70.1102089, 41.2860604, 0.0 ], [ -70.1104397, 41.2860317, 0.0 ], [ -70.1106413, 41.286005, 0.0 ], [ -70.1108425, 41.2859783, 0.0 ], [ -70.1110469, 41.2859513, 0.0 ], [ -70.1112804, 41.2859213, 0.0 ], [ -70.1110116, 41.2853768, 0.0 ], [ -70.1108135, 41.2849693, 0.0 ], [ -70.1102905, 41.2849675, 0.0 ], [ -70.1099666, 41.2849753, 0.0 ], [ -70.1099852, 41.285358, 0.0 ], [ -70.1100181, 41.2860288, 0.0 ], [ -70.1089496, 41.285973, 0.0 ], [ -70.108931, 41.2860286, 0.0 ] ] ] } },
{ "type": "Feature", "properties": { "Name": "Maxcy's Pond", "Acres": 7.19555, "Address": "212 Cliff Rd", "Area": 313436.696344, "FID": 51, "Field_1": "Maxcy's Pond", "Hunting": null, "Name2": "Maxcy's Pond", "Owner": "NLB", "Perimeter": 2851.44083, "Seller_Nam": null }, "geometry": { "type": "Polygon", "coordinates": [ [ [ -70.133902, 41.2871616, 0.0 ], [ -70.1337937, 41.2871801, 0.0 ], [ -70.1338129, 41.287396, 0.0 ], [ -70.1338151, 41.2874291, 0.0 ], [ -70.1342013, 41.2874283, 0.0 ], [ -70.1343241, 41.2874162, 0.0 ], [ -70.1343677, 41.2874097, 0.0 ], [ -70.1344108, 41.2874014, 0.0 ], [ -70.1344728, 41.2873857, 0.0 ], [ -70.1345328, 41.2873662, 0.0 ], [ -70.1345905, 41.287343, 0.0 ], [ -70.1346453, 41.2873162, 0.0 ], [ -70.1355855, 41.2869003, 0.0 ], [ -70.1356409, 41.2868717, 0.0 ], [ -70.1356947, 41.2868413, 0.0 ], [ -70.1357747, 41.2867909, 0.0 ], [ -70.1358502, 41.2867366, 0.0 ], [ -70.1359208, 41.2866788, 0.0 ], [ -70.1359863, 41.2866176, 0.0 ], [ -70.1364947, 41.286254, 0.0 ], [ -70.136606, 41.2861827, 0.0 ], [ -70.1367222, 41.286116, 0.0 ], [ -70.136843, 41.2860541, 0.0 ], [ -70.136968, 41.2859971, 0.0 ], [ -70.1370969, 41.2859453, 0.0 ], [ -70.1372293, 41.2858988, 0.0 ], [ -70.1373634, 41.2858568, 0.0 ], [ -70.1374957, 41.2858116, 0.0 ], [ -70.137477, 41.28541, 0.0 ], [ -70.1369037, 41.2854712, 0.0 ], [ -70.1368323, 41.2854779, 0.0 ], [ -70.1363536, 41.2855229, 0.0 ], [ -70.1362735, 41.2855288, 0.0 ], [ -70.1360854, 41.2855466, 0.0 ], [ -70.1359923, 41.2855571, 0.0 ], [ -70.1356173, 41.2855926, 0.0 ], [ -70.1355454, 41.2856041, 0.0 ], [ -70.1352138, 41.2856413, 0.0 ], [ -70.1352053, 41.2856583, 0.0 ], [ -70.135187, 41.2856821, 0.0 ], [ -70.1351655, 41.285704, 0.0 ], [ -70.1351404, 41.2857238, 0.0 ], [ -70.1351121, 41.2857412, 0.0 ], [ -70.1350815, 41.285756, 0.0 ], [ -70.1350487, 41.2857679, 0.0 ], [ -70.1349165, 41.2858192, 0.0 ], [ -70.1348175, 41.2858735, 0.0 ], [ -70.1346704, 41.2859954, 0.0 ], [ -70.1346539, 41.2860199, 0.0 ], [ -70.1346365, 41.286044, 0.0 ], [ -70.1346177, 41.2860676, 0.0 ], [ -70.1345984, 41.2860909, 0.0 ], [ -70.1345783, 41.2861137, 0.0 ], [ -70.1345573, 41.2861361, 0.0 ], [ -70.1345362, 41.2861585, 0.0 ], [ -70.1345202, 41.2861831, 0.0 ], [ -70.1345096, 41.2862093, 0.0 ], [ -70.1345049, 41.2862364, 0.0 ], [ -70.1345056, 41.2862638, 0.0 ], [ -70.1345127, 41.2862907, 0.0 ], [ -70.134523, 41.286317, 0.0 ], [ -70.1345334, 41.2863434, 0.0 ], [ -70.1345428, 41.2863699, 0.0 ], [ -70.1345522, 41.2863964, 0.0 ], [ -70.1345607, 41.2864231, 0.0 ], [ -70.1345678, 41.28645, 0.0 ], [ -70.1345731, 41.2864771, 0.0 ], [ -70.134577, 41.2865044, 0.0 ], [ -70.1345796, 41.2865318, 0.0 ], [ -70.1345804, 41.2865593, 0.0 ], [ -70.1345798, 41.2865867, 0.0 ], [ -70.1345773, 41.2866141, 0.0 ], [ -70.1345735, 41.2866414, 0.0 ], [ -70.1345684, 41.2866685, 0.0 ], [ -70.1345619, 41.2866955, 0.0 ], [ -70.134554, 41.2867223, 0.0 ], [ -70.1345456, 41.286749, 0.0 ], [ -70.1345359, 41.2867755, 0.0 ], [ -70.1345253, 41.2868018, 0.0 ], [ -70.1345138, 41.2868278, 0.0 ], [ -70.1345014, 41.2868536, 0.0 ], [ -70.1344881, 41.2868791, 0.0 ], [ -70.1344738, 41.2869043, 0.0 ], [ -70.1344582, 41.2869292, 0.0 ], [ -70.1344422, 41.2869537, 0.0 ], [ -70.1344247, 41.2869779, 0.0 ], [ -70.1344069, 41.2870018, 0.0 ], [ -70.1343881, 41.2870252, 0.0 ], [ -70.134368, 41.2870482, 0.0 ], [ -70.1343474, 41.2870708, 0.0 ], [ -70.1341655, 41.2871476, 0.0 ], [ -70.1341259, 41.2871375, 0.0 ], [ -70.1340896, 41.2871254, 0.0 ], [ -70.1340533, 41.2871224, 0.0 ], [ -70.1340178, 41.2871274, 0.0 ], [ -70.1339858, 41.28714, 0.0 ], [ -70.133902, 41.2871616, 0.0 ] ] ] } },
{ "type": "Feature", "properties": { "Name": "Jelleme", "Acres": 3.70172, "Address": "3 Pilgrim Rd", "Area": 161246.334951, "FID": 52, "Field_1": "Jelleme", "Hunting": null, "Name2": "Jelleme", "Owner": "NLB", "Perimeter": 1706.115642, "Seller_Nam": null }, "geometry": { "type": "Polygon", "coordinates": [ [ [ -70.1122115, 41.2883048, 0.0 ], [ -70.112215, 41.2883263, 0.0 ], [ -70.1122148, 41.2886453, 0.0 ], [ -70.1125838, 41.2890746, 0.0 ], [ -70.1129466, 41.2894965, 0.0 ], [ -70.1133197, 41.2899306, 0.0 ], [ -70.113428, 41.2899231, 0.0 ], [ -70.1135775, 41.2895667, 0.0 ], [ -70.1136696, 41.2893642, 0.0 ], [ -70.1136947, 41.2893089, 0.0 ], [ -70.1136843, 41.289101, 0.0 ], [ -70.1136738, 41.2889412, 0.0 ], [ -70.1136606, 41.2887392, 0.0 ], [ -70.1132856, 41.2882395, 0.0 ], [ -70.1126849, 41.2882179, 0.0 ], [ -70.1123019, 41.2881989, 0.0 ], [ -70.1121936, 41.2881935, 0.0 ], [ -70.1122115, 41.2883048, 0.0 ] ] ] } },
{ "type": "Feature", "properties": { "Name": "Eilert", "Acres": 12.2133, "Address": "0 Polpis Rd", "Area": 532007.46922099998, "FID": 53, "Field_1": "Eilert", "Hunting": null, "Name2": "Eilert", "Owner": "NLB", "Perimeter": 6626.544776, "Seller_Nam": null }, "geometry": { "type": "Polygon", "coordinates": [ [ [ -70.0409943, 41.2895628, 0.0 ], [ -70.0413816, 41.2903458, 0.0 ], [ -70.0414803, 41.2903425, 0.0 ], [ -70.0414916, 41.2903416, 0.0 ], [ -70.041507, 41.2903386, 0.0 ], [ -70.0415214, 41.2903336, 0.0 ], [ -70.0415344, 41.2903268, 0.0 ], [ -70.0415457, 41.2903184, 0.0 ], [ -70.0415548, 41.2903086, 0.0 ], [ -70.0415616, 41.2902978, 0.0 ], [ -70.0415658, 41.2902863, 0.0 ], [ -70.0415673, 41.2902744, 0.0 ], [ -70.041566, 41.2902624, 0.0 ], [ -70.0415634, 41.2902541, 0.0 ], [ -70.0409779, 41.2887945, 0.0 ], [ -70.0406372, 41.2886005, 0.0 ], [ -70.0399672, 41.2872706, 0.0 ], [ -70.0405564, 41.2870796, 0.0 ], [ -70.0409165, 41.2871189, 0.0 ], [ -70.0412489, 41.2882439, 0.0 ], [ -70.0411801, 41.2883372, 0.0 ], [ -70.0411916, 41.2883419, 0.0 ], [ -70.0412227, 41.2883585, 0.0 ], [ -70.0412495, 41.2883789, 0.0 ], [ -70.0412711, 41.2884025, 0.0 ], [ -70.041287, 41.2884286, 0.0 ], [ -70.0412967, 41.2884564, 0.0 ], [ -70.0412998, 41.288485, 0.0 ], [ -70.0412963, 41.2885136, 0.0 ], [ -70.0412862, 41.2885413, 0.0 ], [ -70.04127, 41.2885672, 0.0 ], [ -70.041248, 41.2885906, 0.0 ], [ -70.0412209, 41.2886108, 0.0 ], [ -70.0411896, 41.2886272, 0.0 ], [ -70.0411569, 41.2886386, 0.0 ], [ -70.0411432, 41.2886434, 0.0 ], [ -70.0411302, 41.2886502, 0.0 ], [ -70.0411189, 41.2886587, 0.0 ], [ -70.0411098, 41.2886684, 0.0 ], [ -70.041103, 41.2886792, 0.0 ], [ -70.0410988, 41.2886908, 0.0 ], [ -70.0410973, 41.2887027, 0.0 ], [ -70.0410986, 41.2887146, 0.0 ], [ -70.0411012, 41.2887229, 0.0 ], [ -70.0416216, 41.2900201, 0.0 ], [ -70.0417286, 41.2902828, 0.0 ], [ -70.0417301, 41.290286, 0.0 ], [ -70.0417367, 41.2902969, 0.0 ], [ -70.0417457, 41.2903067, 0.0 ], [ -70.0417569, 41.2903152, 0.0 ], [ -70.0417698, 41.2903222, 0.0 ], [ -70.0417841, 41.2903273, 0.0 ], [ -70.0417994, 41.2903304, 0.0 ], [ -70.0418152, 41.2903315, 0.0 ], [ -70.0418197, 41.2903315, 0.0 ], [ -70.0419162, 41.2903282, 0.0 ], [ -70.041593, 41.2895224, 0.0 ], [ -70.0422238, 41.2886282, 0.0 ], [ -70.0417228, 41.2871761, 0.0 ], [ -70.0402794, 41.2870055, 0.0 ], [ -70.0397053, 41.2869565, 0.0 ], [ -70.0398111, 41.2871705, 0.0 ], [ -70.038517, 41.2881518, 0.0 ], [ -70.039354, 41.2893258, 0.0 ], [ -70.0398727, 41.2891723, 0.0 ], [ -70.0406835, 41.2889345, 0.0 ], [ -70.0409943, 41.2895628, 0.0 ] ] ] } },
{ "type": "Feature", "properties": { "Name": "Rand / 141 Eel Point Road", "Acres": 13.3044, "Address": "141 Eel Pt Rd", "Area": 579536.81352500001, "FID": 54, "Field_1": "Rand / 141 Eel Point Road", "Hunting": null, "Name2": "Rand / 141 Eel Point Road", "Owner": "NLB", "Perimeter": 5582.700181, "Seller_Nam": null }, "geometry": { "type": "Polygon", "coordinates": [ [ [ -70.1872056, 41.2894016, 0.0 ], [ -70.1854388, 41.2898256, 0.0 ], [ -70.1853018, 41.2898563, 0.0 ], [ -70.1834263, 41.2902755, 0.0 ], [ -70.1822551, 41.2905373, 0.0 ], [ -70.1819423, 41.2906072, 0.0 ], [ -70.1795175, 41.2911498, 0.0 ], [ -70.1826651, 41.2907886, 0.0 ], [ -70.1868709, 41.2906378, 0.0 ], [ -70.1887248, 41.2905573, 0.0 ], [ -70.1882756, 41.2891915, 0.0 ], [ -70.1882613, 41.2891482, 0.0 ], [ -70.1872056, 41.2894016, 0.0 ] ] ] } },
{ "type": "Feature", "properties": { "Name": "North Beach Street", "Acres": 0.172533, "Address": null, "Area": 7515.487431, "FID": 55, "Field_1": "North Beach Street", "Hunting": null, "Name2": "North Beach Street", "Owner": "NLB", "Perimeter": 435.982688, "Seller_Nam": null }, "geometry": { "type": "Polygon", "coordinates": [ [ [ -70.1001798, 41.2905651, 0.0 ], [ -70.100186, 41.2908142, 0.0 ], [ -70.1001915, 41.2910404, 0.0 ], [ -70.100297, 41.2910436, 0.0 ], [ -70.1003407, 41.2908125, 0.0 ], [ -70.1003478, 41.290774, 0.0 ], [ -70.1003807, 41.2905989, 0.0 ], [ -70.1003836, 41.2905604, 0.0 ], [ -70.1001798, 41.2905651, 0.0 ] ] ] } },
{ "type": "Feature", "properties": { "Name": "North Beach Street", "Acres": 0.548544, "Address": "9 Galen Av", "Area": 23894.460036, "FID": 56, "Field_1": "North Beach Street", "Hunting": null, "Name2": "North Beach Street", "Owner": "NLB", "Perimeter": 685.976606, "Seller_Nam": null }, "geometry": { "type": "Polygon", "coordinates": [ [ [ -70.099815, 41.2905654, 0.0 ], [ -70.0996294, 41.2905687, 0.0 ], [ -70.099632, 41.2908242, 0.0 ], [ -70.099435, 41.2908276, 0.0 ], [ -70.0994326, 41.2910708, 0.0 ], [ -70.0996337, 41.291055, 0.0 ], [ -70.0998457, 41.2910538, 0.0 ], [ -70.1000308, 41.2910536, 0.0 ], [ -70.1000236, 41.2908174, 0.0 ], [ -70.1000157, 41.2905618, 0.0 ], [ -70.099815, 41.2905654, 0.0 ] ] ] } },
{ "type": "Feature", "properties": { "Name": "Open Land Fund", "Acres": 2.49114, "Address": "10 E Tristram Av", "Area": 108513.650989, "FID": 57, "Field_1": "Open Land Fund", "Hunting": null, "Name2": "Open Land Fund", "Owner": "NLB", "Perimeter": 1471.609632, "Seller_Nam": null }, "geometry": { "type": "Polygon", "coordinates": [ [ [ -70.1452081, 41.2910241, 0.0 ], [ -70.1450888, 41.2910511, 0.0 ], [ -70.1451428, 41.2911503, 0.0 ], [ -70.1452168, 41.2913463, 0.0 ], [ -70.1452623, 41.291434, 0.0 ], [ -70.1456626, 41.291936, 0.0 ], [ -70.1456907, 41.291937, 0.0 ], [ -70.1457226, 41.2919382, 0.0 ], [ -70.1458936, 41.2919444, 0.0 ], [ -70.1464096, 41.2919884, 0.0 ], [ -70.1462912, 41.2916707, 0.0 ], [ -70.1462639, 41.2915984, 0.0 ], [ -70.1462424, 41.2915407, 0.0 ], [ -70.1460397, 41.2910053, 0.0 ], [ -70.1459486, 41.2907628, 0.0 ], [ -70.1458163, 41.2907572, 0.0 ], [ -70.1449793, 41.2907139, 0.0 ], [ -70.1449832, 41.2907213, 0.0 ], [ -70.1451016, 41.2909446, 0.0 ], [ -70.1451265, 41.2909641, 0.0 ], [ -70.1451601, 41.2909744, 0.0 ], [ -70.1451961, 41.2909738, 0.0 ], [ -70.1452081, 41.2910241, 0.0 ] ] ] } },
{ "type": "Feature", "properties": { "Name": "Dionis Beach", "Acres": 3.20605, "Address": "9 Dionis Beach Rd", "Area": 139655.01390200001, "FID": 58, "Field_1": "Dionis Beach", "Hunting": null, "Name2": "Dionis Beach", "Owner": "NLB", "Perimeter": 1555.197216, "Seller_Nam": null }, "geometry": { "type": "Polygon", "coordinates": [ [ [ -70.1502989, 41.2918641, 0.0 ], [ -70.1504799, 41.2923793, 0.0 ], [ -70.1518734, 41.2925035, 0.0 ], [ -70.1514443, 41.2913366, 0.0 ], [ -70.1514075, 41.2912365, 0.0 ], [ -70.1513663, 41.2911244, 0.0 ], [ -70.1512819, 41.2910783, 0.0 ], [ -70.151228, 41.2910492, 0.0 ], [ -70.1511794, 41.2910227, 0.0 ], [ -70.1502989, 41.2918641, 0.0 ] ] ] } },
{ "type": "Feature", "properties": { "Name": "Dionis Beach", "Acres": 1.91413, "Address": "10 Dionis Beach Rd", "Area": 83378.989144000006, "FID": 59, "Field_1": "Dionis Beach", "Hunting": null, "Name2": "Dionis Beach", "Owner": "NLB", "Perimeter": 1217.526696, "Seller_Nam": null }, "geometry": { "type": "Polygon", "coordinates": [ [ [ -70.1516727, 41.2915027, 0.0 ], [ -70.1520105, 41.2923863, 0.0 ], [ -70.1520456, 41.2924479, 0.0 ], [ -70.1520809, 41.2924881, 0.0 ], [ -70.1521412, 41.2925204, 0.0 ], [ -70.1522048, 41.292534, 0.0 ], [ -70.1522457, 41.2925368, 0.0 ], [ -70.1522912, 41.2925398, 0.0 ], [ -70.1528096, 41.2925749, 0.0 ], [ -70.1527319, 41.2921234, 0.0 ], [ -70.1522687, 41.2913798, 0.0 ], [ -70.1516727, 41.2915027, 0.0 ] ] ] } },
{ "type": "Feature", "properties": { "Name": "Jefferson Street", "Acres": 0.311477, "Address": "Cobblestone Hill", "Area": 13567.877485000001, "FID": 60, "Field_1": "Jefferson Street", "Hunting": null, "Name2": "Jefferson Street", "Owner": "NLB", "Perimeter": 480.026125, "Seller_Nam": null }, "geometry": { "type": "Polygon", "coordinates": [ [ [ -70.1071402, 41.2924935, 0.0 ], [ -70.1070846, 41.2925074, 0.0 ], [ -70.1069756, 41.2925679, 0.0 ], [ -70.1068594, 41.2926728, 0.0 ], [ -70.1070381, 41.2927643, 0.0 ], [ -70.1072167, 41.2928599, 0.0 ], [ -70.1073402, 41.2927398, 0.0 ], [ -70.1075456, 41.2925536, 0.0 ], [ -70.1071807, 41.2924937, 0.0 ], [ -70.1071402, 41.2924935, 0.0 ] ] ] } },
{ "type": "Feature", "properties": { "Name": "Hallowell", "Acres": 1.93242, "Address": "2 Hallowell Ln", "Area": 84175.719180999993, "FID": 61, "Field_1": "Hallowell", "Hunting": null, "Name2": "Hallowell", "Owner": "NLB", "Perimeter": 1137.854332, "Seller_Nam": null }, "geometry": { "type": "Polygon", "coordinates": [ [ [ -70.1204348, 41.2928441, 0.0 ], [ -70.1205546, 41.2934961, 0.0 ], [ -70.1205673, 41.293512, 0.0 ], [ -70.1205833, 41.2935261, 0.0 ], [ -70.1206022, 41.293538, 0.0 ], [ -70.1206235, 41.2935473, 0.0 ], [ -70.1206465, 41.2935539, 0.0 ], [ -70.1206707, 41.2935574, 0.0 ], [ -70.1206953, 41.2935579, 0.0 ], [ -70.1216139, 41.2934808, 0.0 ], [ -70.1216287, 41.2934796, 0.0 ], [ -70.1216429, 41.2934766, 0.0 ], [ -70.1216563, 41.2934719, 0.0 ], [ -70.1216685, 41.2934657, 0.0 ], [ -70.1216793, 41.2934581, 0.0 ], [ -70.1216883, 41.2934492, 0.0 ], [ -70.1216953, 41.2934394, 0.0 ], [ -70.1217001, 41.2934289, 0.0 ], [ -70.1217027, 41.293418, 0.0 ], [ -70.1217028, 41.2934068, 0.0 ], [ -70.1217007, 41.2933958, 0.0 ], [ -70.1217005, 41.2933954, 0.0 ], [ -70.1214841, 41.2927035, 0.0 ], [ -70.1204348, 41.2928441, 0.0 ] ] ] } },
{ "type": "Feature", "properties": { "Name": "Jefferson Street", "Acres": 0.331921, "Address": "11 Jefferson Av", "Area": 14458.407841, "FID": 62, "Field_1": "Jefferson Street", "Hunting": null, "Name2": "Jefferson Street", "Owner": "NLB", "Perimeter": 485.621881, "Seller_Nam": null }, "geometry": { "type": "Polygon", "coordinates": [ [ [ -70.1064993, 41.2935128, 0.0 ], [ -70.1066135, 41.2936329, 0.0 ], [ -70.1067315, 41.2937522, 0.0 ], [ -70.1071268, 41.2935114, 0.0 ], [ -70.1069071, 41.2932925, 0.0 ], [ -70.1064993, 41.2935128, 0.0 ] ] ] } },
{ "type": "Feature", "properties": { "Name": "Quidnet/Land Council", "Acres": 22.0875, "Address": "10 Quidnet Rd", "Area": 962129.70659299998, "FID": 63, "Field_1": "Quidnet/Land Council", "Hunting": null, "Name2": "Quidnet/Land Council", "Owner": "NLB", "Perimeter": 3973.191363, "Seller_Nam": null }, "geometry": { "type": "Polygon", "coordinates": [ [ [ -69.9952113, 41.3001487, 0.0 ], [ -69.9954426, 41.3014791, 0.0 ], [ -69.9956034, 41.3024041, 0.0 ], [ -69.9956034, 41.3024043, 0.0 ], [ -69.9956366, 41.3025948, 0.0 ], [ -69.9981182, 41.3023129, 0.0 ], [ -69.9982803, 41.3022919, 0.0 ], [ -69.9984725, 41.3022603, 0.0 ], [ -69.9985386, 41.3022477, 0.0 ], [ -69.9991061, 41.3021353, 0.0 ], [ -69.9991501, 41.3021261, 0.0 ], [ -69.9992682, 41.3020962, 0.0 ], [ -69.9993828, 41.3020595, 0.0 ], [ -69.9994933, 41.3020163, 0.0 ], [ -69.999599, 41.3019667, 0.0 ], [ -69.9996388, 41.3019456, 0.0 ], [ -70.0002738, 41.3015996, 0.0 ], [ -70.0001093, 41.3006528, 0.0 ], [ -70.000101, 41.3006483, 0.0 ], [ -70.000062, 41.3006256, 0.0 ], [ -70.0000281, 41.3006049, 0.0 ], [ -69.9999946, 41.3005837, 0.0 ], [ -69.9999407, 41.3005454, 0.0 ], [ -69.9965506, 41.3000954, 0.0 ], [ -69.9964434, 41.3000812, 0.0 ], [ -69.9961219, 41.3000385, 0.0 ], [ -69.9952113, 41.3001487, 0.0 ] ] ] } },
{ "type": "Feature", "properties": { "Name": "Quidnet/Land Council", "Acres": 9.43857, "Address": "10 Quidnet Rd", "Area": 411142.63195200003, "FID": 64, "Field_1": "Quidnet/Land Council", "Hunting": null, "Name2": "Quidnet/Land Council", "Owner": "NLB", "Perimeter": 3602.323805, "Seller_Nam": null }, "geometry": { "type": "Polygon", "coordinates": [ [ [ -69.9986228, 41.3034189, 0.0 ], [ -69.9990356, 41.3033698, 0.0 ], [ -70.0005506, 41.3031894, 0.0 ], [ -70.0002911, 41.3016964, 0.0 ], [ -69.9997351, 41.3020087, 0.0 ], [ -69.9996886, 41.3020331, 0.0 ], [ -69.9995797, 41.3020841, 0.0 ], [ -69.9994659, 41.3021288, 0.0 ], [ -69.9993481, 41.302167, 0.0 ], [ -69.9992268, 41.3021984, 0.0 ], [ -69.9991662, 41.3022113, 0.0 ], [ -69.9985987, 41.3023236, 0.0 ], [ -69.9984187, 41.302356, 0.0 ], [ -69.9982232, 41.302384, 0.0 ], [ -69.9981669, 41.3023907, 0.0 ], [ -69.9956508, 41.3026765, 0.0 ], [ -69.9957588, 41.3032981, 0.0 ], [ -69.9985432, 41.302961, 0.0 ], [ -69.9986228, 41.3034189, 0.0 ] ] ] } },
{ "type": "Feature", "properties": { "Name": "Sesachacha/Hall", "Acres": 0.550928, "Address": "23Sesachacha Rd", "Area": 23998.349197, "FID": 65, "Field_1": "Sesachacha/Hall", "Hunting": null, "Name2": "Sesachacha/Hall", "Owner": "NLB", "Perimeter": 634.584535, "Seller_Nam": null }, "geometry": { "type": "Polygon", "coordinates": [ [ [ -69.9800094, 41.3037088, 0.0 ], [ -69.9803769, 41.3036085, 0.0 ], [ -69.980505, 41.3035735, 0.0 ], [ -69.9803553, 41.3031743, 0.0 ], [ -69.9802429, 41.303179, 0.0 ], [ -69.9801906, 41.3031787, 0.0 ], [ -69.9801229, 41.3031733, 0.0 ], [ -69.9799263, 41.3031724, 0.0 ], [ -69.9798636, 41.3031627, 0.0 ], [ -69.9800094, 41.3037088, 0.0 ] ] ] } },
{ "type": "Feature", "properties": { "Name": "Sousa", "Acres": 0.37844, "Address": "27 Sesachacha Rd", "Area": 16484.777562, "FID": 66, "Field_1": "Sousa", "Hunting": null, "Name2": "Sousa", "Owner": "NLB", "Perimeter": 791.18192, "Seller_Nam": null }, "geometry": { "type": "Polygon", "coordinates": [ [ [ -69.9792909, 41.3039047, 0.0 ], [ -69.97946, 41.3038586, 0.0 ], [ -69.979248, 41.3029986, 0.0 ], [ -69.9791101, 41.3029538, 0.0 ], [ -69.9790512, 41.302926, 0.0 ], [ -69.9792909, 41.3039047, 0.0 ] ] ] } },
{ "type": "Feature", "properties": { "Name": "Thorne", "Acres": 10.7766, "Address": "6 Medouie Creek Rd", "Area": 469428.88813899999, "FID": 67, "Field_1": "Thorne", "Hunting": null, "Name2": "Thorne", "Owner": "NLB", "Perimeter": 3084.210788, "Seller_Nam": null }, "geometry": { "type": "Polygon", "coordinates": [ [ [ -70.0081638, 41.3102322, 0.0 ], [ -70.0081811, 41.3103592, 0.0 ], [ -70.0082759, 41.3103359, 0.0 ], [ -70.0083173, 41.3103264, 0.0 ], [ -70.0083588, 41.3103153, 0.0 ], [ -70.008399, 41.3103029, 0.0 ], [ -70.0084386, 41.3102892, 0.0 ], [ -70.0084779, 41.3102742, 0.0 ], [ -70.0085158, 41.3102582, 0.0 ], [ -70.0085541, 41.3102425, 0.0 ], [ -70.0085929, 41.3102271, 0.0 ], [ -70.0086317, 41.310212, 0.0 ], [ -70.0086709, 41.3101972, 0.0 ], [ -70.0087102, 41.3101828, 0.0 ], [ -70.0087494, 41.3101687, 0.0 ], [ -70.0087891, 41.310155, 0.0 ], [ -70.0088292, 41.3101416, 0.0 ], [ -70.008868, 41.310129, 0.0 ], [ -70.0089081, 41.3101163, 0.0 ], [ -70.0089487, 41.3101038, 0.0 ], [ -70.0089893, 41.3100915, 0.0 ], [ -70.0090299, 41.3100794, 0.0 ], [ -70.0090705, 41.3100675, 0.0 ], [ -70.0091111, 41.3100558, 0.0 ], [ -70.0091521, 41.3100443, 0.0 ], [ -70.0091931, 41.310033, 0.0 ], [ -70.0092346, 41.310022, 0.0 ], [ -70.0092765, 41.3100123, 0.0 ], [ -70.0095112, 41.3099711, 0.0 ], [ -70.0095836, 41.309964, 0.0 ], [ -70.0097781, 41.3099374, 0.0 ], [ -70.0099557, 41.309912, 0.0 ], [ -70.0099295, 41.3082414, 0.0 ], [ -70.0092331, 41.3082424, 0.0 ], [ -70.009234, 41.308246, 0.0 ], [ -70.0092349, 41.3082516, 0.0 ], [ -70.0092357, 41.3082573, 0.0 ], [ -70.0092363, 41.308263, 0.0 ], [ -70.0092368, 41.3082688, 0.0 ], [ -70.0092372, 41.3082745, 0.0 ], [ -70.0092375, 41.3082802, 0.0 ], [ -70.0092376, 41.3082859, 0.0 ], [ -70.0092376, 41.3082922, 0.0 ], [ -70.0092361, 41.3083101, 0.0 ], [ -70.0092355, 41.3083145, 0.0 ], [ -70.0092348, 41.3083189, 0.0 ], [ -70.009234, 41.3083233, 0.0 ], [ -70.009233, 41.3083277, 0.0 ], [ -70.009232, 41.3083321, 0.0 ], [ -70.0092309, 41.3083364, 0.0 ], [ -70.0092297, 41.3083408, 0.0 ], [ -70.009228, 41.3083463, 0.0 ], [ -70.009227, 41.3083497, 0.0 ], [ -70.0092258, 41.3083531, 0.0 ], [ -70.0092246, 41.3083564, 0.0 ], [ -70.0092233, 41.3083598, 0.0 ], [ -70.0092219, 41.3083631, 0.0 ], [ -70.0092204, 41.3083664, 0.0 ], [ -70.0092189, 41.3083697, 0.0 ], [ -70.0092172, 41.3083729, 0.0 ], [ -70.0092155, 41.3083762, 0.0 ], [ -70.0092138, 41.3083794, 0.0 ], [ -70.0092113, 41.3083837, 0.0 ], [ -70.0091999, 41.3083993, 0.0 ], [ -70.0091843, 41.3084127, 0.0 ], [ -70.0091783, 41.3084206, 0.0 ], [ -70.0091678, 41.3084463, 0.0 ], [ -70.0091652, 41.3084521, 0.0 ], [ -70.0091625, 41.3084579, 0.0 ], [ -70.0091596, 41.3084636, 0.0 ], [ -70.0091567, 41.3084693, 0.0 ], [ -70.0091535, 41.308475, 0.0 ], [ -70.0091503, 41.3084806, 0.0 ], [ -70.0091469, 41.3084861, 0.0 ], [ -70.0091434, 41.3084917, 0.0 ], [ -70.0091397, 41.3084971, 0.0 ], [ -70.0091341, 41.3085052, 0.0 ], [ -70.0091221, 41.30852, 0.0 ], [ -70.0091158, 41.3085118, 0.0 ], [ -70.0091218, 41.3084939, 0.0 ], [ -70.0091233, 41.3084911, 0.0 ], [ -70.0091247, 41.3084883, 0.0 ], [ -70.0091263, 41.3084855, 0.0 ], [ -70.0091279, 41.3084827, 0.0 ], [ -70.0091296, 41.30848, 0.0 ], [ -70.0091315, 41.308477, 0.0 ], [ -70.0091364, 41.3084686, 0.0 ], [ -70.0091411, 41.3084602, 0.0 ], [ -70.0091453, 41.3084523, 0.0 ], [ -70.0091493, 41.3084443, 0.0 ], [ -70.0091531, 41.3084363, 0.0 ], [ -70.0091567, 41.3084283, 0.0 ], [ -70.009161, 41.3084183, 0.0 ], [ -70.0091628, 41.3084126, 0.0 ], [ -70.0091645, 41.3084068, 0.0 ], [ -70.0091672, 41.3083966, 0.0 ], [ -70.0091676, 41.3083941, 0.0 ], [ -70.0091682, 41.3083917, 0.0 ], [ -70.0091687, 41.3083892, 0.0 ], [ -70.0091694, 41.3083868, 0.0 ], [ -70.0091701, 41.3083844, 0.0 ], [ -70.0091708, 41.308382, 0.0 ], [ -70.0091716, 41.3083796, 0.0 ], [ -70.0091734, 41.3083748, 0.0 ], [ -70.0091831, 41.3083588, 0.0 ], [ -70.0091976, 41.3083458, 0.0 ], [ -70.0092016, 41.308338, 0.0 ], [ -70.0092032, 41.3083283, 0.0 ], [ -70.0092019, 41.3083111, 0.0 ], [ -70.009195, 41.3082951, 0.0 ], [ -70.0091802, 41.3082823, 0.0 ], [ -70.0091862, 41.3082567, 0.0 ], [ -70.0091851, 41.3082425, 0.0 ], [ -70.0075732, 41.3082447, 0.0 ], [ -70.0076004, 41.3083225, 0.0 ], [ -70.0074587, 41.3084702, 0.0 ], [ -70.0074801, 41.3086462, 0.0 ], [ -70.0075028, 41.3088377, 0.0 ], [ -70.0071664, 41.3088509, 0.0 ], [ -70.0072945, 41.3099127, 0.0 ], [ -70.0076917, 41.3099071, 0.0 ], [ -70.0081172, 41.3098954, 0.0 ], [ -70.0081638, 41.3102322, 0.0 ] ] ] } },
{ "type": "Feature", "properties": { "Name": "Muskeget", "Acres": 119.221, "Address": "Muskeget", "Area": 5193231.0234300001, "FID": 68, "Field_1": "Muskeget", "Hunting": null, "Name2": "Muskeget", "Owner": "NLB", "Perimeter": 22324.503611, "Seller_Nam": null }, "geometry": { "type": "Polygon", "coordinates": [ [ [ -70.3105489, 41.3396633, 0.0 ], [ -70.3108716, 41.3396638, 0.0 ], [ -70.3113638, 41.3396319, 0.0 ], [ -70.311687, 41.3396071, 0.0 ], [ -70.3118123, 41.3395745, 0.0 ], [ -70.3119185, 41.3395217, 0.0 ], [ -70.3119491, 41.3394983, 0.0 ], [ -70.3119778, 41.3394735, 0.0 ], [ -70.3120043, 41.3394473, 0.0 ], [ -70.3120285, 41.3394198, 0.0 ], [ -70.31205, 41.3393911, 0.0 ], [ -70.3120687, 41.3393614, 0.0 ], [ -70.3120852, 41.3393309, 0.0 ], [ -70.3120985, 41.3392995, 0.0 ], [ -70.312109, 41.3392676, 0.0 ], [ -70.3121169, 41.3392352, 0.0 ], [ -70.312122, 41.3392025, 0.0 ], [ -70.3121367, 41.3391371, 0.0 ], [ -70.3121562, 41.3390136, 0.0 ], [ -70.3121666, 41.3388755, 0.0 ], [ -70.3122006, 41.3387556, 0.0 ], [ -70.3122391, 41.3386794, 0.0 ], [ -70.3123072, 41.3385814, 0.0 ], [ -70.3123846, 41.3384289, 0.0 ], [ -70.3124478, 41.3382909, 0.0 ], [ -70.3125351, 41.3381529, 0.0 ], [ -70.3126174, 41.3380259, 0.0 ], [ -70.3126996, 41.3379315, 0.0 ], [ -70.3127818, 41.3378353, 0.0 ], [ -70.3128787, 41.3377155, 0.0 ], [ -70.3129464, 41.3375848, 0.0 ], [ -70.3129804, 41.3374831, 0.0 ], [ -70.3130289, 41.3373851, 0.0 ], [ -70.3130534, 41.3372652, 0.0 ], [ -70.3130732, 41.3371562, 0.0 ], [ -70.3130927, 41.3370218, 0.0 ], [ -70.3131364, 41.3368692, 0.0 ], [ -70.3131564, 41.3367275, 0.0 ], [ -70.3131422, 41.3365839, 0.0 ], [ -70.313152, 41.3365258, 0.0 ], [ -70.3131617, 41.3364604, 0.0 ], [ -70.3131574, 41.3363659, 0.0 ], [ -70.3131476, 41.3362896, 0.0 ], [ -70.3131383, 41.3362132, 0.0 ], [ -70.3131339, 41.3361442, 0.0 ], [ -70.3131101, 41.3360605, 0.0 ], [ -70.3130908, 41.3359551, 0.0 ], [ -70.313072, 41.3358352, 0.0 ], [ -70.3130532, 41.3357443, 0.0 ], [ -70.3130242, 41.3356715, 0.0 ], [ -70.3130194, 41.3356134, 0.0 ], [ -70.3130006, 41.3355189, 0.0 ], [ -70.3129673, 41.3353844, 0.0 ], [ -70.3129435, 41.3352516, 0.0 ], [ -70.312934, 41.3352189, 0.0 ], [ -70.3129147, 41.3351535, 0.0 ], [ -70.3129053, 41.335099, 0.0 ], [ -70.3128813, 41.3350335, 0.0 ], [ -70.3128719, 41.3350044, 0.0 ], [ -70.3128624, 41.3349608, 0.0 ], [ -70.3128575, 41.3349172, 0.0 ], [ -70.3128386, 41.3348699, 0.0 ], [ -70.3128096, 41.3347972, 0.0 ], [ -70.3127762, 41.3347135, 0.0 ], [ -70.3127477, 41.3346626, 0.0 ], [ -70.3127378, 41.3346153, 0.0 ], [ -70.3127188, 41.3345608, 0.0 ], [ -70.3126899, 41.3345062, 0.0 ], [ -70.3126373, 41.3344189, 0.0 ], [ -70.3126324, 41.3343826, 0.0 ], [ -70.3126039, 41.3343099, 0.0 ], [ -70.3125704, 41.3342444, 0.0 ], [ -70.3125175, 41.3341498, 0.0 ], [ -70.3124839, 41.3340989, 0.0 ], [ -70.3124308, 41.3340479, 0.0 ], [ -70.3123927, 41.3340115, 0.0 ], [ -70.3123732, 41.333986, 0.0 ], [ -70.3123492, 41.3339533, 0.0 ], [ -70.3123111, 41.3339096, 0.0 ], [ -70.3122916, 41.333866, 0.0 ], [ -70.3122676, 41.3338187, 0.0 ], [ -70.3122291, 41.3337532, 0.0 ], [ -70.3121765, 41.333695, 0.0 ], [ -70.3121284, 41.3336331, 0.0 ], [ -70.3120708, 41.3335712, 0.0 ], [ -70.3120418, 41.3335239, 0.0 ], [ -70.3119506, 41.3334293, 0.0 ], [ -70.3118689, 41.3333456, 0.0 ], [ -70.3116937, 41.3331904, 0.0 ], [ -70.311632, 41.3331232, 0.0 ], [ -70.3115226, 41.3330041, 0.0 ], [ -70.3113929, 41.332854, 0.0 ], [ -70.311229, 41.3327194, 0.0 ], [ -70.3110919, 41.3325797, 0.0 ], [ -70.3109552, 41.3324658, 0.0 ], [ -70.310757, 41.3322433, 0.0 ], [ -70.3106889, 41.332176, 0.0 ], [ -70.3106136, 41.3320931, 0.0 ], [ -70.3104975, 41.3319689, 0.0 ], [ -70.3104085, 41.3318964, 0.0 ], [ -70.3103404, 41.3318137, 0.0 ], [ -70.3102855, 41.3317464, 0.0 ], [ -70.3102311, 41.3316998, 0.0 ], [ -70.3101489, 41.3316377, 0.0 ], [ -70.3101008, 41.3315704, 0.0 ], [ -70.31006, 41.3315341, 0.0 ], [ -70.3100191, 41.3315134, 0.0 ], [ -70.3099709, 41.3314927, 0.0 ], [ -70.3099369, 41.3314255, 0.0 ], [ -70.309937, 41.3313944, 0.0 ], [ -70.3099098, 41.3313685, 0.0 ], [ -70.3098548, 41.3313478, 0.0 ], [ -70.3098071, 41.3313296, 0.0 ], [ -70.3097657, 41.3312985, 0.0 ], [ -70.3097386, 41.3312365, 0.0 ], [ -70.3096564, 41.331164, 0.0 ], [ -70.3096224, 41.3311123, 0.0 ], [ -70.3095607, 41.3310605, 0.0 ], [ -70.309479, 41.3309984, 0.0 ], [ -70.3093695, 41.3309258, 0.0 ], [ -70.309246, 41.3308223, 0.0 ], [ -70.3090548, 41.3306773, 0.0 ], [ -70.3088359, 41.3305116, 0.0 ], [ -70.3086307, 41.3303459, 0.0 ], [ -70.3084594, 41.3302319, 0.0 ], [ -70.3082405, 41.3300714, 0.0 ], [ -70.308042, 41.3299522, 0.0 ], [ -70.3078711, 41.3298692, 0.0 ], [ -70.3077276, 41.3297811, 0.0 ], [ -70.3076317, 41.3297086, 0.0 ], [ -70.3075428, 41.3296258, 0.0 ], [ -70.3072756, 41.3294858, 0.0 ], [ -70.3069867, 41.3293011, 0.0 ], [ -70.3069553, 41.3292783, 0.0 ], [ -70.3069235, 41.3292557, 0.0 ], [ -70.3068913, 41.3292333, 0.0 ], [ -70.3068595, 41.329211, 0.0 ], [ -70.3068268, 41.3291889, 0.0 ], [ -70.3067941, 41.3291671, 0.0 ], [ -70.3067614, 41.3291453, 0.0 ], [ -70.3067282, 41.3291238, 0.0 ], [ -70.3066951, 41.3291025, 0.0 ], [ -70.3066615, 41.3290813, 0.0 ], [ -70.3066278, 41.3290604, 0.0 ], [ -70.3065938, 41.3290396, 0.0 ], [ -70.3065597, 41.329019, 0.0 ], [ -70.3065256, 41.3289986, 0.0 ], [ -70.3064911, 41.3289784, 0.0 ], [ -70.3064561, 41.3289584, 0.0 ], [ -70.3064216, 41.3289386, 0.0 ], [ -70.3063861, 41.328919, 0.0 ], [ -70.3063512, 41.3288996, 0.0 ], [ -70.3063157, 41.3288804, 0.0 ], [ -70.3062798, 41.3288613, 0.0 ], [ -70.3062439, 41.3288425, 0.0 ], [ -70.306208, 41.3288239, 0.0 ], [ -70.3061717, 41.3288055, 0.0 ], [ -70.3061353, 41.3287872, 0.0 ], [ -70.306099, 41.3287693, 0.0 ], [ -70.3060621, 41.3287514, 0.0 ], [ -70.3060253, 41.3287339, 0.0 ], [ -70.3059881, 41.3287164, 0.0 ], [ -70.3059508, 41.3286993, 0.0 ], [ -70.3059135, 41.3286822, 0.0 ], [ -70.3058758, 41.3286651, 0.0 ], [ -70.3058385, 41.3286481, 0.0 ], [ -70.3058013, 41.3286311, 0.0 ], [ -70.3057635, 41.3286141, 0.0 ], [ -70.3057263, 41.3285972, 0.0 ], [ -70.305689, 41.3285803, 0.0 ], [ -70.3056513, 41.3285634, 0.0 ], [ -70.3056136, 41.3285466, 0.0 ], [ -70.3055763, 41.3285297, 0.0 ], [ -70.3055386, 41.3285129, 0.0 ], [ -70.3055008, 41.3284961, 0.0 ], [ -70.3054631, 41.3284795, 0.0 ], [ -70.3054254, 41.328463, 0.0 ], [ -70.3053877, 41.3284466, 0.0 ], [ -70.3053495, 41.3284304, 0.0 ], [ -70.3053113, 41.3284143, 0.0 ], [ -70.3052731, 41.3283984, 0.0 ], [ -70.3052349, 41.3283827, 0.0 ], [ -70.3051963, 41.3283671, 0.0 ], [ -70.3051577, 41.3283517, 0.0 ], [ -70.305119, 41.3283364, 0.0 ], [ -70.3050804, 41.3283213, 0.0 ], [ -70.3050413, 41.3283064, 0.0 ], [ -70.3050022, 41.3282916, 0.0 ], [ -70.3049631, 41.328277, 0.0 ], [ -70.3049235, 41.3282627, 0.0 ], [ -70.304884, 41.3282488, 0.0 ], [ -70.3048444, 41.328235, 0.0 ], [ -70.3048044, 41.3282216, 0.0 ], [ -70.3047644, 41.3282084, 0.0 ], [ -70.3047244, 41.3281955, 0.0 ], [ -70.3046839, 41.3281829, 0.0 ], [ -70.3046435, 41.3281706, 0.0 ], [ -70.3046025, 41.3281586, 0.0 ], [ -70.3045621, 41.3281468, 0.0 ], [ -70.3045207, 41.3281353, 0.0 ], [ -70.3044798, 41.3281239, 0.0 ], [ -70.3044388, 41.3281124, 0.0 ], [ -70.3043979, 41.3281009, 0.0 ], [ -70.304357, 41.3280894, 0.0 ], [ -70.3043161, 41.3280778, 0.0 ], [ -70.3042751, 41.3280663, 0.0 ], [ -70.3042342, 41.3280547, 0.0 ], [ -70.3041933, 41.3280431, 0.0 ], [ -70.3041528, 41.3280315, 0.0 ], [ -70.3041119, 41.3280199, 0.0 ], [ -70.304071, 41.3280082, 0.0 ], [ -70.30403, 41.3279965, 0.0 ], [ -70.3039891, 41.327985, 0.0 ], [ -70.3039482, 41.3279736, 0.0 ], [ -70.3039073, 41.3279624, 0.0 ], [ -70.3038659, 41.3279514, 0.0 ], [ -70.3038245, 41.3279405, 0.0 ], [ -70.3037831, 41.3279299, 0.0 ], [ -70.3037417, 41.3279195, 0.0 ], [ -70.3037004, 41.3279092, 0.0 ], [ -70.3036585, 41.3278991, 0.0 ], [ -70.3036171, 41.3278893, 0.0 ], [ -70.3035753, 41.3278796, 0.0 ], [ -70.3035334, 41.3278701, 0.0 ], [ -70.3034916, 41.3278608, 0.0 ], [ -70.3034498, 41.3278516, 0.0 ], [ -70.3034075, 41.3278427, 0.0 ], [ -70.3033652, 41.327834, 0.0 ], [ -70.3033233, 41.3278255, 0.0 ], [ -70.303281, 41.3278171, 0.0 ], [ -70.3032387, 41.3278086, 0.0 ], [ -70.3031964, 41.3278001, 0.0 ], [ -70.3031541, 41.3277915, 0.0 ], [ -70.3031123, 41.3277827, 0.0 ], [ -70.30307, 41.3277739, 0.0 ], [ -70.3030281, 41.327765, 0.0 ], [ -70.3029858, 41.3277559, 0.0 ], [ -70.302944, 41.3277468, 0.0 ], [ -70.3029022, 41.3277375, 0.0 ], [ -70.3028603, 41.3277282, 0.0 ], [ -70.3028185, 41.3277188, 0.0 ], [ -70.3027766, 41.3277092, 0.0 ], [ -70.3027348, 41.3276996, 0.0 ], [ -70.302693, 41.3276898, 0.0 ], [ -70.3026516, 41.32768, 0.0 ], [ -70.3026097, 41.3276701, 0.0 ], [ -70.3025679, 41.32766, 0.0 ], [ -70.3025265, 41.3276499, 0.0 ], [ -70.3024901, 41.327641, 0.0 ], [ -70.3019676, 41.3275246, 0.0 ], [ -70.3019271, 41.3275122, 0.0 ], [ -70.3018862, 41.3275007, 0.0 ], [ -70.3018448, 41.32749, 0.0 ], [ -70.3018029, 41.32748, 0.0 ], [ -70.3017611, 41.327471, 0.0 ], [ -70.3017188, 41.3274627, 0.0 ], [ -70.301676, 41.3274553, 0.0 ], [ -70.3016333, 41.3274487, 0.0 ], [ -70.3015905, 41.3274431, 0.0 ], [ -70.3015473, 41.3274382, 0.0 ], [ -70.3015036, 41.3274342, 0.0 ], [ -70.3014604, 41.327431, 0.0 ], [ -70.3014167, 41.3274288, 0.0 ], [ -70.301373, 41.3274274, 0.0 ], [ -70.3013293, 41.3274268, 0.0 ], [ -70.3012857, 41.3274272, 0.0 ], [ -70.301242, 41.3274283, 0.0 ], [ -70.3011983, 41.3274299, 0.0 ], [ -70.3011546, 41.3274298, 0.0 ], [ -70.3011109, 41.3274277, 0.0 ], [ -70.3010677, 41.327424, 0.0 ], [ -70.3008826, 41.3273667, 0.0 ], [ -70.3004103, 41.3273392, 0.0 ], [ -70.2999261, 41.3273205, 0.0 ], [ -70.2998824, 41.3273224, 0.0 ], [ -70.2998387, 41.3273249, 0.0 ], [ -70.2997955, 41.327328, 0.0 ], [ -70.2997518, 41.3273316, 0.0 ], [ -70.2997085, 41.3273359, 0.0 ], [ -70.2996653, 41.3273407, 0.0 ], [ -70.299622, 41.3273461, 0.0 ], [ -70.2995792, 41.3273521, 0.0 ], [ -70.2995364, 41.3273586, 0.0 ], [ -70.2994936, 41.3273658, 0.0 ], [ -70.2994531, 41.3273731, 0.0 ], [ -70.298954, 41.3274884, 0.0 ], [ -70.2989143, 41.3275021, 0.0 ], [ -70.2988742, 41.3275156, 0.0 ], [ -70.2988346, 41.327529, 0.0 ], [ -70.2987945, 41.3275423, 0.0 ], [ -70.2987544, 41.3275554, 0.0 ], [ -70.2987143, 41.3275684, 0.0 ], [ -70.2986742, 41.3275812, 0.0 ], [ -70.2986337, 41.3275939, 0.0 ], [ -70.2985932, 41.3276065, 0.0 ], [ -70.2985531, 41.3276188, 0.0 ], [ -70.2985125, 41.3276311, 0.0 ], [ -70.2984715, 41.3276432, 0.0 ], [ -70.298431, 41.3276551, 0.0 ], [ -70.29839, 41.3276669, 0.0 ], [ -70.2983494, 41.3276786, 0.0 ], [ -70.2983085, 41.3276901, 0.0 ], [ -70.2982675, 41.3277014, 0.0 ], [ -70.2982265, 41.3277126, 0.0 ], [ -70.298185, 41.3277237, 0.0 ], [ -70.298144, 41.3277346, 0.0 ], [ -70.2981026, 41.3277453, 0.0 ], [ -70.2980611, 41.327756, 0.0 ], [ -70.2980197, 41.3277664, 0.0 ], [ -70.2979782, 41.3277767, 0.0 ], [ -70.2979368, 41.3277869, 0.0 ], [ -70.2978949, 41.3277969, 0.0 ], [ -70.2978534, 41.3278067, 0.0 ], [ -70.2978115, 41.3278164, 0.0 ], [ -70.2977696, 41.327826, 0.0 ], [ -70.2977282, 41.3278354, 0.0 ], [ -70.2976858, 41.3278446, 0.0 ], [ -70.2976439, 41.3278537, 0.0 ], [ -70.297602, 41.3278626, 0.0 ], [ -70.2975597, 41.3278714, 0.0 ], [ -70.2975178, 41.3278801, 0.0 ], [ -70.2974754, 41.3278885, 0.0 ], [ -70.2974331, 41.3278969, 0.0 ], [ -70.2973907, 41.327905, 0.0 ], [ -70.2973484, 41.327913, 0.0 ], [ -70.297306, 41.3279209, 0.0 ], [ -70.2972637, 41.3279286, 0.0 ], [ -70.2972209, 41.3279362, 0.0 ], [ -70.2971785, 41.3279436, 0.0 ], [ -70.2971357, 41.3279508, 0.0 ], [ -70.2971007, 41.3279567, 0.0 ], [ -70.2970619, 41.3279721, 0.0 ], [ -70.2970228, 41.3279865, 0.0 ], [ -70.2969827, 41.3279999, 0.0 ], [ -70.2969426, 41.3280125, 0.0 ], [ -70.2969016, 41.328024, 0.0 ], [ -70.2968601, 41.3280345, 0.0 ], [ -70.2968182, 41.3280441, 0.0 ], [ -70.2967759, 41.3280527, 0.0 ], [ -70.2967335, 41.3280602, 0.0 ], [ -70.2966907, 41.3280667, 0.0 ], [ -70.2966475, 41.3280722, 0.0 ], [ -70.2966042, 41.3280767, 0.0 ], [ -70.296561, 41.32808, 0.0 ], [ -70.2965177, 41.3280858, 0.0 ], [ -70.2964763, 41.328096, 0.0 ], [ -70.2964371, 41.3281103, 0.0 ], [ -70.2964006, 41.3281285, 0.0 ], [ -70.2963678, 41.3281503, 0.0 ], [ -70.2960248, 41.3282398, 0.0 ], [ -70.2959811, 41.328243, 0.0 ], [ -70.2959379, 41.3282478, 0.0 ], [ -70.2958951, 41.3282541, 0.0 ], [ -70.2958527, 41.3282618, 0.0 ], [ -70.2958108, 41.3282711, 0.0 ], [ -70.2957694, 41.3282817, 0.0 ], [ -70.2957288, 41.3282939, 0.0 ], [ -70.2956887, 41.3283074, 0.0 ], [ -70.29565, 41.3283223, 0.0 ], [ -70.2956122, 41.3283385, 0.0 ], [ -70.2955748, 41.328356, 0.0 ], [ -70.2955393, 41.3283749, 0.0 ], [ -70.2955046, 41.3283949, 0.0 ], [ -70.2954713, 41.3284162, 0.0 ], [ -70.2954444, 41.3284477, 0.0 ], [ -70.2954338, 41.3284795, 0.0 ], [ -70.2954337, 41.3285123, 0.0 ], [ -70.2954445, 41.3285441, 0.0 ], [ -70.2955449, 41.3286042, 0.0 ], [ -70.2958564, 41.3287048, 0.0 ], [ -70.2958913, 41.3287245, 0.0 ], [ -70.2959254, 41.328745, 0.0 ], [ -70.2959586, 41.3287664, 0.0 ], [ -70.2959908, 41.3287885, 0.0 ], [ -70.2960221, 41.3288115, 0.0 ], [ -70.2960526, 41.3288352, 0.0 ], [ -70.2960821, 41.3288597, 0.0 ], [ -70.2961102, 41.3288849, 0.0 ], [ -70.2961374, 41.3289107, 0.0 ], [ -70.2961642, 41.3289367, 0.0 ], [ -70.2961905, 41.3289628, 0.0 ], [ -70.2962164, 41.3289893, 0.0 ], [ -70.2962422, 41.329016, 0.0 ], [ -70.2962672, 41.3290429, 0.0 ], [ -70.2962921, 41.32907, 0.0 ], [ -70.2963166, 41.3290974, 0.0 ], [ -70.2963402, 41.329125, 0.0 ], [ -70.2963638, 41.3291528, 0.0 ], [ -70.2963869, 41.3291808, 0.0 ], [ -70.2964091, 41.329209, 0.0 ], [ -70.2964313, 41.3292374, 0.0 ], [ -70.2964531, 41.329266, 0.0 ], [ -70.2964717, 41.3292912, 0.0 ], [ -70.2965138, 41.3293463, 0.0 ], [ -70.296546, 41.3293743, 0.0 ], [ -70.2966201, 41.3294164, 0.0 ], [ -70.2967082, 41.3294778, 0.0 ], [ -70.2967427, 41.329504, 0.0 ], [ -70.2967754, 41.3295268, 0.0 ], [ -70.2968495, 41.3295689, 0.0 ], [ -70.296884, 41.3295935, 0.0 ], [ -70.2969635, 41.3296454, 0.0 ], [ -70.2970053, 41.3296545, 0.0 ], [ -70.2970485, 41.3296515, 0.0 ], [ -70.297095, 41.3296498, 0.0 ], [ -70.2971947, 41.329643, 0.0 ], [ -70.2973062, 41.3296292, 0.0 ], [ -70.2974888, 41.3295994, 0.0 ], [ -70.2975289, 41.3295871, 0.0 ], [ -70.297564, 41.3295677, 0.0 ], [ -70.2975918, 41.3295423, 0.0 ], [ -70.2976101, 41.3295143, 0.0 ], [ -70.2976176, 41.3294654, 0.0 ], [ -70.2975922, 41.3294286, 0.0 ], [ -70.2975458, 41.3294023, 0.0 ], [ -70.2975232, 41.3293801, 0.0 ], [ -70.2975064, 41.3293498, 0.0 ], [ -70.2975065, 41.329313, 0.0 ], [ -70.2975135, 41.329268, 0.0 ], [ -70.2974995, 41.329226, 0.0 ], [ -70.2974832, 41.3291955, 0.0 ], [ -70.2974619, 41.3291668, 0.0 ], [ -70.2974361, 41.3291402, 0.0 ], [ -70.2974061, 41.3291162, 0.0 ], [ -70.2973729, 41.3290952, 0.0 ], [ -70.2973361, 41.3290774, 0.0 ], [ -70.2972966, 41.3290631, 0.0 ], [ -70.297256, 41.3290752, 0.0 ], [ -70.2972155, 41.3290874, 0.0 ], [ -70.2972162, 41.3291654, 0.0 ], [ -70.297227, 41.3291968, 0.0 ], [ -70.2972182, 41.3292289, 0.0 ], [ -70.2971963, 41.3292571, 0.0 ], [ -70.297163, 41.3292781, 0.0 ], [ -70.297122, 41.3292893, 0.0 ], [ -70.2970642, 41.3292873, 0.0 ], [ -70.297016, 41.329292, 0.0 ], [ -70.2969249, 41.3292948, 0.0 ], [ -70.2967775, 41.3292963, 0.0 ], [ -70.2967238, 41.3292818, 0.0 ], [ -70.2966866, 41.3292647, 0.0 ], [ -70.2966539, 41.3292429, 0.0 ], [ -70.2966266, 41.3292171, 0.0 ], [ -70.2966058, 41.3291882, 0.0 ], [ -70.2965922, 41.329157, 0.0 ], [ -70.296586, 41.3291244, 0.0 ], [ -70.2965874, 41.3290915, 0.0 ], [ -70.2965966, 41.3290594, 0.0 ], [ -70.2966131, 41.3290289, 0.0 ], [ -70.2967317, 41.3287976, 0.0 ], [ -70.2967509, 41.3287656, 0.0 ], [ -70.2967706, 41.3287362, 0.0 ], [ -70.2967921, 41.3287075, 0.0 ], [ -70.2968149, 41.3286794, 0.0 ], [ -70.2968391, 41.3286522, 0.0 ], [ -70.2968651, 41.3286257, 0.0 ], [ -70.2968925, 41.3286, 0.0 ], [ -70.2969331, 41.3285887, 0.0 ], [ -70.2969686, 41.328577, 0.0 ], [ -70.2970087, 41.3285642, 0.0 ], [ -70.2970492, 41.3285519, 0.0 ], [ -70.2970898, 41.32854, 0.0 ], [ -70.2971308, 41.3285286, 0.0 ], [ -70.2971722, 41.3285176, 0.0 ], [ -70.2972137, 41.3285071, 0.0 ], [ -70.2972551, 41.328497, 0.0 ], [ -70.297297, 41.3284874, 0.0 ], [ -70.2973389, 41.3284783, 0.0 ], [ -70.2973813, 41.3284697, 0.0 ], [ -70.2974236, 41.3284615, 0.0 ], [ -70.297466, 41.3284538, 0.0 ], [ -70.2975088, 41.3284484, 0.0 ], [ -70.2975524, 41.3284479, 0.0 ], [ -70.2975957, 41.3284521, 0.0 ], [ -70.297638, 41.3284609, 0.0 ], [ -70.297678, 41.3284742, 0.0 ], [ -70.2976597, 41.3285111, 0.0 ], [ -70.2976481, 41.3285617, 0.0 ], [ -70.2976918, 41.3285638, 0.0 ], [ -70.2977346, 41.3285696, 0.0 ], [ -70.2977764, 41.328579, 0.0 ], [ -70.2978164, 41.3285919, 0.0 ], [ -70.2978546, 41.3286081, 0.0 ], [ -70.2979257, 41.3285726, 0.0 ], [ -70.2978994, 41.3285435, 0.0 ], [ -70.2978799, 41.3285139, 0.0 ], [ -70.2978664, 41.3284826, 0.0 ], [ -70.2978592, 41.3284502, 0.0 ], [ -70.2978575, 41.3284173, 0.0 ], [ -70.2978626, 41.3283846, 0.0 ], [ -70.2978736, 41.3283528, 0.0 ], [ -70.2978901, 41.3283224, 0.0 ], [ -70.2979097, 41.3282929, 0.0 ], [ -70.2979312, 41.3282642, 0.0 ], [ -70.2979545, 41.3282364, 0.0 ], [ -70.2979796, 41.3282095, 0.0 ], [ -70.2980066, 41.3281836, 0.0 ], [ -70.2980353, 41.3281587, 0.0 ], [ -70.298065, 41.3281345, 0.0 ], [ -70.2980955, 41.3281111, 0.0 ], [ -70.2981275, 41.3280884, 0.0 ], [ -70.2981598, 41.3280665, 0.0 ], [ -70.2981936, 41.3280455, 0.0 ], [ -70.2982278, 41.3280253, 0.0 ], [ -70.2982633, 41.3280059, 0.0 ], [ -70.2982993, 41.3279874, 0.0 ], [ -70.2983363, 41.3279699, 0.0 ], [ -70.2983741, 41.3279532, 0.0 ], [ -70.2984124, 41.3279375, 0.0 ], [ -70.2984515, 41.3279227, 0.0 ], [ -70.2984912, 41.3279089, 0.0 ], [ -70.2985317, 41.3278961, 0.0 ], [ -70.2985723, 41.3278843, 0.0 ], [ -70.2986137, 41.3278735, 0.0 ], [ -70.2986552, 41.3278637, 0.0 ], [ -70.2986975, 41.327855, 0.0 ], [ -70.2987399, 41.3278473, 0.0 ], [ -70.2987827, 41.3278407, 0.0 ], [ -70.2988259, 41.3278351, 0.0 ], [ -70.2991483, 41.3277677, 0.0 ], [ -70.2991906, 41.3277744, 0.0 ], [ -70.2992343, 41.3277777, 0.0 ], [ -70.299278, 41.3277775, 0.0 ], [ -70.2993213, 41.3277737, 0.0 ], [ -70.2993641, 41.3277665, 0.0 ], [ -70.2994051, 41.3277558, 0.0 ], [ -70.2994456, 41.3277435, 0.0 ], [ -70.299487, 41.327733, 0.0 ], [ -70.2995294, 41.3277242, 0.0 ], [ -70.2995722, 41.3277172, 0.0 ], [ -70.299615, 41.327712, 0.0 ], [ -70.2996587, 41.3277087, 0.0 ], [ -70.2997024, 41.3277072, 0.0 ], [ -70.2997461, 41.3277075, 0.0 ], [ -70.2997893, 41.3277096, 0.0 ], [ -70.2998366, 41.3277097, 0.0 ], [ -70.2998799, 41.3277047, 0.0 ], [ -70.2999231, 41.3277006, 0.0 ], [ -70.2999668, 41.3276976, 0.0 ], [ -70.3000105, 41.3276956, 0.0 ], [ -70.3000542, 41.3276946, 0.0 ], [ -70.3000979, 41.3276946, 0.0 ], [ -70.3001416, 41.3276955, 0.0 ], [ -70.3001853, 41.3276975, 0.0 ], [ -70.3002285, 41.3277005, 0.0 ], [ -70.3002717, 41.3277045, 0.0 ], [ -70.300315, 41.3277095, 0.0 ], [ -70.3003582, 41.3277154, 0.0 ], [ -70.3004009, 41.3277223, 0.0 ], [ -70.3004432, 41.3277303, 0.0 ], [ -70.3004851, 41.3277391, 0.0 ], [ -70.3005269, 41.327749, 0.0 ], [ -70.3005688, 41.3277397, 0.0 ], [ -70.3006121, 41.3277351, 0.0 ], [ -70.3006558, 41.3277352, 0.0 ], [ -70.300699, 41.3277401, 0.0 ], [ -70.3007408, 41.3277496, 0.0 ], [ -70.3007813, 41.3277615, 0.0 ], [ -70.3008231, 41.3277717, 0.0 ], [ -70.300865, 41.3277801, 0.0 ], [ -70.3009082, 41.3277866, 0.0 ], [ -70.3009514, 41.3277914, 0.0 ], [ -70.3009946, 41.3277943, 0.0 ], [ -70.3010383, 41.3277953, 0.0 ], [ -70.301082, 41.3277945, 0.0 ], [ -70.3011257, 41.3277923, 0.0 ], [ -70.3011694, 41.3277913, 0.0 ], [ -70.3012131, 41.3277914, 0.0 ], [ -70.3012568, 41.3277927, 0.0 ], [ -70.3013005, 41.3277952, 0.0 ], [ -70.3013437, 41.3277988, 0.0 ], [ -70.3013869, 41.3278036, 0.0 ], [ -70.3014297, 41.3278095, 0.0 ], [ -70.3014724, 41.3278166, 0.0 ], [ -70.3015147, 41.3278248, 0.0 ], [ -70.3015607, 41.3278342, 0.0 ], [ -70.301603, 41.3278413, 0.0 ], [ -70.3016462, 41.3278474, 0.0 ], [ -70.3016894, 41.3278524, 0.0 ], [ -70.3017326, 41.3278563, 0.0 ], [ -70.3017763, 41.3278592, 0.0 ], [ -70.30182, 41.327861, 0.0 ], [ -70.3018637, 41.3278617, 0.0 ], [ -70.3019069, 41.3278614, 0.0 ], [ -70.3019506, 41.3278599, 0.0 ], [ -70.3019952, 41.3278658, 0.0 ], [ -70.3020325, 41.3278829, 0.0 ], [ -70.3020706, 41.3278992, 0.0 ], [ -70.3021093, 41.3279146, 0.0 ], [ -70.3021484, 41.327929, 0.0 ], [ -70.3021884, 41.3279426, 0.0 ], [ -70.3022284, 41.3279553, 0.0 ], [ -70.3022693, 41.327967, 0.0 ], [ -70.3023107, 41.3279777, 0.0 ], [ -70.3023525, 41.3279875, 0.0 ], [ -70.3023944, 41.3279964, 0.0 ], [ -70.3024367, 41.3280042, 0.0 ], [ -70.3024794, 41.3280111, 0.0 ], [ -70.3025227, 41.328017, 0.0 ], [ -70.3025659, 41.3280219, 0.0 ], [ -70.3026091, 41.3280258, 0.0 ], [ -70.302645, 41.3280305, 0.0 ], [ -70.3030538, 41.328156, 0.0 ], [ -70.3030897, 41.3281698, 0.0 ], [ -70.3031297, 41.3281835, 0.0 ], [ -70.3031702, 41.3281959, 0.0 ], [ -70.3032111, 41.3282071, 0.0 ], [ -70.303253, 41.328217, 0.0 ], [ -70.3032948, 41.3282255, 0.0 ], [ -70.3033376, 41.3282328, 0.0 ], [ -70.3033808, 41.3282387, 0.0 ], [ -70.303424, 41.3282432, 0.0 ], [ -70.3034672, 41.3282464, 0.0 ], [ -70.3035109, 41.3282505, 0.0 ], [ -70.3035537, 41.328256, 0.0 ], [ -70.3035964, 41.328263, 0.0 ], [ -70.3036387, 41.3282714, 0.0 ], [ -70.3036806, 41.3282813, 0.0 ], [ -70.3037215, 41.3282925, 0.0 ], [ -70.303762, 41.3283052, 0.0 ], [ -70.303802, 41.3283183, 0.0 ], [ -70.3038415, 41.3283317, 0.0 ], [ -70.3038815, 41.3283454, 0.0 ], [ -70.3039211, 41.3283594, 0.0 ], [ -70.3039602, 41.3283736, 0.0 ], [ -70.3039997, 41.3283882, 0.0 ], [ -70.3040388, 41.328403, 0.0 ], [ -70.3040775, 41.3284181, 0.0 ], [ -70.3041161, 41.3284335, 0.0 ], [ -70.3041548, 41.3284491, 0.0 ], [ -70.3041929, 41.328465, 0.0 ], [ -70.3042307, 41.3284812, 0.0 ], [ -70.3042688, 41.3284977, 0.0 ], [ -70.3043061, 41.3285144, 0.0 ], [ -70.3043438, 41.3285314, 0.0 ], [ -70.3043811, 41.3285487, 0.0 ], [ -70.3044197, 41.328564, 0.0 ], [ -70.3044593, 41.3285775, 0.0 ], [ -70.3044998, 41.3285899, 0.0 ], [ -70.3045407, 41.3286012, 0.0 ], [ -70.3045821, 41.328612, 0.0 ], [ -70.3046235, 41.3286232, 0.0 ], [ -70.3046644, 41.3286348, 0.0 ], [ -70.3047048, 41.3286467, 0.0 ], [ -70.3047453, 41.328659, 0.0 ], [ -70.3047858, 41.3286716, 0.0 ], [ -70.3048258, 41.3286845, 0.0 ], [ -70.3048658, 41.3286978, 0.0 ], [ -70.3049058, 41.3287114, 0.0 ], [ -70.3049454, 41.3287254, 0.0 ], [ -70.3049849, 41.3287395, 0.0 ], [ -70.305024, 41.3287537, 0.0 ], [ -70.3050636, 41.328768, 0.0 ], [ -70.3051027, 41.3287824, 0.0 ], [ -70.3051422, 41.3287968, 0.0 ], [ -70.3051813, 41.3288114, 0.0 ], [ -70.3052204, 41.328826, 0.0 ], [ -70.3052595, 41.3288407, 0.0 ], [ -70.3052986, 41.3288555, 0.0 ], [ -70.3053377, 41.3288704, 0.0 ], [ -70.3053763, 41.3288854, 0.0 ], [ -70.3054154, 41.3289005, 0.0 ], [ -70.3054541, 41.3289159, 0.0 ], [ -70.3054923, 41.3289315, 0.0 ], [ -70.3055304, 41.3289476, 0.0 ], [ -70.3055686, 41.328964, 0.0 ], [ -70.3056059, 41.3289807, 0.0 ], [ -70.3056436, 41.3289977, 0.0 ], [ -70.3056804, 41.3290151, 0.0 ], [ -70.3057172, 41.3290328, 0.0 ], [ -70.305754, 41.3290509, 0.0 ], [ -70.3057899, 41.3290693, 0.0 ], [ -70.3058263, 41.329088, 0.0 ], [ -70.3058617, 41.3291071, 0.0 ], [ -70.3058972, 41.3291264, 0.0 ], [ -70.3059322, 41.3291461, 0.0 ], [ -70.3059667, 41.329166, 0.0 ], [ -70.3060012, 41.3291863, 0.0 ], [ -70.3060353, 41.3292069, 0.0 ], [ -70.3060689, 41.3292279, 0.0 ], [ -70.3061025, 41.3292491, 0.0 ], [ -70.3061357, 41.3292706, 0.0 ], [ -70.3061684, 41.3292924, 0.0 ], [ -70.3062579, 41.3293474, 0.0 ], [ -70.3064219, 41.3294569, 0.0 ], [ -70.3066, 41.3295539, 0.0 ], [ -70.3067336, 41.3296339, 0.0 ], [ -70.3068476, 41.3297034, 0.0 ], [ -70.3069729, 41.3297919, 0.0 ], [ -70.3071033, 41.3298803, 0.0 ], [ -70.3071955, 41.3299414, 0.0 ], [ -70.3072813, 41.3300088, 0.0 ], [ -70.307379, 41.3300678, 0.0 ], [ -70.3075403, 41.3301752, 0.0 ], [ -70.3077478, 41.3303381, 0.0 ], [ -70.3079494, 41.3304717, 0.0 ], [ -70.3081861, 41.3306433, 0.0 ], [ -70.3083977, 41.3307958, 0.0 ], [ -70.3085085, 41.3308911, 0.0 ], [ -70.3086393, 41.3309902, 0.0 ], [ -70.3087251, 41.3310436, 0.0 ], [ -70.308841, 41.3311123, 0.0 ], [ -70.3089213, 41.3311961, 0.0 ], [ -70.3089921, 41.3312723, 0.0 ], [ -70.3090823, 41.3313752, 0.0 ], [ -70.3091932, 41.3314591, 0.0 ], [ -70.3092585, 41.3315239, 0.0 ], [ -70.3093643, 41.331604, 0.0 ], [ -70.3094348, 41.3316345, 0.0 ], [ -70.3095206, 41.3316841, 0.0 ], [ -70.309586, 41.3317375, 0.0 ], [ -70.3096719, 41.3317985, 0.0 ], [ -70.3098429, 41.3319776, 0.0 ], [ -70.3100089, 41.3321757, 0.0 ], [ -70.310175, 41.3323472, 0.0 ], [ -70.3103625, 41.3325241, 0.0 ], [ -70.3104083, 41.3325898, 0.0 ], [ -70.3104389, 41.3326903, 0.0 ], [ -70.3104796, 41.3327984, 0.0 ], [ -70.3105359, 41.3328526, 0.0 ], [ -70.3105717, 41.3328913, 0.0 ], [ -70.3106331, 41.3329223, 0.0 ], [ -70.3107094, 41.3329687, 0.0 ], [ -70.3108066, 41.3330307, 0.0 ], [ -70.3109192, 41.3331274, 0.0 ], [ -70.31097, 41.3331854, 0.0 ], [ -70.3110163, 41.3332241, 0.0 ], [ -70.3110317, 41.3332589, 0.0 ], [ -70.3110366, 41.3332898, 0.0 ], [ -70.3110929, 41.3333362, 0.0 ], [ -70.3111338, 41.3333749, 0.0 ], [ -70.3111282, 41.3334058, 0.0 ], [ -70.3111076, 41.3334559, 0.0 ], [ -70.3110925, 41.3334907, 0.0 ], [ -70.3110769, 41.3335292, 0.0 ], [ -70.3110513, 41.3335678, 0.0 ], [ -70.3109893, 41.3336102, 0.0 ], [ -70.3109383, 41.3336101, 0.0 ], [ -70.3108973, 41.3336139, 0.0 ], [ -70.3108563, 41.3336138, 0.0 ], [ -70.3107949, 41.3336292, 0.0 ], [ -70.3107074, 41.3336367, 0.0 ], [ -70.3106423, 41.3336408, 0.0 ], [ -70.3105813, 41.3336439, 0.0 ], [ -70.3105222, 41.3336343, 0.0 ], [ -70.3104804, 41.3336279, 0.0 ], [ -70.3104675, 41.3336595, 0.0 ], [ -70.3104947, 41.3336897, 0.0 ], [ -70.310501, 41.3337167, 0.0 ], [ -70.3104968, 41.3337562, 0.0 ], [ -70.3104505, 41.3337197, 0.0 ], [ -70.3104047, 41.3336737, 0.0 ], [ -70.3103602, 41.3336355, 0.0 ], [ -70.3103174, 41.3336352, 0.0 ], [ -70.3102759, 41.3336561, 0.0 ], [ -70.3102331, 41.3336605, 0.0 ], [ -70.3101963, 41.3336494, 0.0 ], [ -70.3101625, 41.333667, 0.0 ], [ -70.3101438, 41.3336939, 0.0 ], [ -70.3101064, 41.333709, 0.0 ], [ -70.3100619, 41.3336953, 0.0 ], [ -70.3100178, 41.3336746, 0.0 ], [ -70.3099632, 41.3336634, 0.0 ], [ -70.3098895, 41.3336665, 0.0 ], [ -70.3099208, 41.3336967, 0.0 ], [ -70.309943, 41.3337247, 0.0 ], [ -70.3099493, 41.3337571, 0.0 ], [ -70.3099437, 41.3337981, 0.0 ], [ -70.3099331, 41.3338441, 0.0 ], [ -70.3099162, 41.3338726, 0.0 ], [ -70.3098824, 41.3338868, 0.0 ], [ -70.3098159, 41.3339011, 0.0 ], [ -70.3097854, 41.3339294, 0.0 ], [ -70.3097625, 41.3339579, 0.0 ], [ -70.3097411, 41.3339848, 0.0 ], [ -70.3097328, 41.3340149, 0.0 ], [ -70.3097012, 41.3340687, 0.0 ], [ -70.3096711, 41.334101, 0.0 ], [ -70.3096478, 41.334129, 0.0 ], [ -70.3096322, 41.3341597, 0.0 ], [ -70.3096239, 41.3341919, 0.0 ], [ -70.3096225, 41.3342206, 0.0 ], [ -70.3096165, 41.3342532, 0.0 ], [ -70.3096027, 41.3342844, 0.0 ], [ -70.3095849, 41.3343094, 0.0 ], [ -70.3095511, 41.3343426, 0.0 ], [ -70.3095383, 41.3343712, 0.0 ], [ -70.3094964, 41.3343679, 0.0 ], [ -70.3094749, 41.3344075, 0.0 ], [ -70.3094652, 41.3344537, 0.0 ], [ -70.3094215, 41.3344731, 0.0 ], [ -70.3094032, 41.3345041, 0.0 ], [ -70.3093876, 41.3345312, 0.0 ], [ -70.309362, 41.3345738, 0.0 ], [ -70.3093051, 41.3345854, 0.0 ], [ -70.3092536, 41.3345989, 0.0 ], [ -70.309213, 41.3346301, 0.0 ], [ -70.3092175, 41.334659, 0.0 ], [ -70.3092251, 41.3347016, 0.0 ], [ -70.3092172, 41.334754, 0.0 ], [ -70.309163, 41.3347636, 0.0 ], [ -70.3091248, 41.3347693, 0.0 ], [ -70.3090883, 41.3347809, 0.0 ], [ -70.3090705, 41.33481, 0.0 ], [ -70.3091091, 41.3348411, 0.0 ], [ -70.309155, 41.3348625, 0.0 ], [ -70.3091731, 41.3348955, 0.0 ], [ -70.3091703, 41.3349265, 0.0 ], [ -70.3091779, 41.3349537, 0.0 ], [ -70.3091856, 41.3349925, 0.0 ], [ -70.3092291, 41.335043, 0.0 ], [ -70.3092445, 41.3350702, 0.0 ], [ -70.309278, 41.3351187, 0.0 ], [ -70.3093189, 41.3351712, 0.0 ], [ -70.3093497, 41.3352139, 0.0 ], [ -70.3093651, 41.335243, 0.0 ], [ -70.3093855, 41.3352721, 0.0 ], [ -70.3094059, 41.3353013, 0.0 ], [ -70.3094213, 41.3353343, 0.0 ], [ -70.3094116, 41.3353791, 0.0 ], [ -70.3093416, 41.3353342, 0.0 ], [ -70.3093085, 41.3352856, 0.0 ], [ -70.3092623, 41.3352215, 0.0 ], [ -70.3092314, 41.3351827, 0.0 ], [ -70.3092006, 41.335138, 0.0 ], [ -70.3091675, 41.3350992, 0.0 ], [ -70.3091494, 41.335072, 0.0 ], [ -70.3091212, 41.3350428, 0.0 ], [ -70.3090827, 41.3350059, 0.0 ], [ -70.3090441, 41.3349612, 0.0 ], [ -70.309021, 41.334936, 0.0 ], [ -70.3090006, 41.334901, 0.0 ], [ -70.3089773, 41.3349281, 0.0 ], [ -70.3089645, 41.3349533, 0.0 ], [ -70.308913, 41.3349804, 0.0 ], [ -70.3088793, 41.334961, 0.0 ], [ -70.3088357, 41.3349415, 0.0 ], [ -70.3087834, 41.3349351, 0.0 ], [ -70.3087455, 41.334953, 0.0 ], [ -70.3087123, 41.3349704, 0.0 ], [ -70.3086581, 41.3349781, 0.0 ], [ -70.3086248, 41.3349935, 0.0 ], [ -70.3086297, 41.3350323, 0.0 ], [ -70.3086478, 41.3350614, 0.0 ], [ -70.3086605, 41.3350945, 0.0 ], [ -70.3086654, 41.3351274, 0.0 ], [ -70.3086603, 41.3351681, 0.0 ], [ -70.3086573, 41.3352302, 0.0 ], [ -70.308665, 41.3352574, 0.0 ], [ -70.308633, 41.335317, 0.0 ], [ -70.3086085, 41.3352883, 0.0 ], [ -70.3086059, 41.3352495, 0.0 ], [ -70.3086087, 41.3352127, 0.0 ], [ -70.3086034, 41.3351642, 0.0 ], [ -70.3086003, 41.3351316, 0.0 ], [ -70.3085781, 41.3351034, 0.0 ], [ -70.3085394, 41.3350834, 0.0 ], [ -70.3084971, 41.3350858, 0.0 ], [ -70.3084697, 41.3351155, 0.0 ], [ -70.3084132, 41.3351445, 0.0 ], [ -70.3083667, 41.3351482, 0.0 ], [ -70.3083153, 41.3351385, 0.0 ], [ -70.3082716, 41.3351403, 0.0 ], [ -70.3082306, 41.3351519, 0.0 ], [ -70.3081996, 41.3351829, 0.0 ], [ -70.3082018, 41.3352217, 0.0 ], [ -70.308148, 41.3352507, 0.0 ], [ -70.3080888, 41.3352603, 0.0 ], [ -70.3080396, 41.3352641, 0.0 ], [ -70.3079649, 41.3352639, 0.0 ], [ -70.3079181, 41.3352461, 0.0 ], [ -70.3078995, 41.3352197, 0.0 ], [ -70.3078996, 41.3351844, 0.0 ], [ -70.3078997, 41.3351474, 0.0 ], [ -70.3078552, 41.3351403, 0.0 ], [ -70.3078037, 41.3351331, 0.0 ], [ -70.3077359, 41.3351348, 0.0 ], [ -70.3076844, 41.3351558, 0.0 ], [ -70.3076702, 41.3351858, 0.0 ], [ -70.3076279, 41.3351998, 0.0 ], [ -70.3075951, 41.3352103, 0.0 ], [ -70.3075836, 41.3352456, 0.0 ], [ -70.3075435, 41.3352596, 0.0 ], [ -70.3074943, 41.3352631, 0.0 ], [ -70.3074479, 41.3352595, 0.0 ], [ -70.3074152, 41.3352453, 0.0 ], [ -70.3072819, 41.3351975, 0.0 ], [ -70.3072283, 41.3351727, 0.0 ], [ -70.3072001, 41.335155, 0.0 ], [ -70.3071629, 41.3351391, 0.0 ], [ -70.3071042, 41.3351107, 0.0 ], [ -70.3070715, 41.335086, 0.0 ], [ -70.3070412, 41.335049, 0.0 ], [ -70.3070134, 41.3350277, 0.0 ], [ -70.3069711, 41.3350259, 0.0 ], [ -70.3069056, 41.3350188, 0.0 ], [ -70.3068587, 41.3350204, 0.0 ], [ -70.3067958, 41.3350432, 0.0 ], [ -70.3067653, 41.3350608, 0.0 ], [ -70.3067229, 41.3350819, 0.0 ], [ -70.3066668, 41.3351153, 0.0 ], [ -70.3066385, 41.335147, 0.0 ], [ -70.3065966, 41.3351452, 0.0 ], [ -70.3065826, 41.3351205, 0.0 ], [ -70.3065453, 41.3351239, 0.0 ], [ -70.3064883, 41.3351579, 0.0 ], [ -70.3064588, 41.3351106, 0.0 ], [ -70.3064187, 41.3351387, 0.0 ], [ -70.3063836, 41.3351581, 0.0 ], [ -70.3063582, 41.335128, 0.0 ], [ -70.3063226, 41.3351456, 0.0 ], [ -70.3062807, 41.3351649, 0.0 ], [ -70.3062597, 41.3351913, 0.0 ], [ -70.3062173, 41.3352019, 0.0 ], [ -70.3061799, 41.335223, 0.0 ], [ -70.3061329, 41.3352581, 0.0 ], [ -70.3061046, 41.3352916, 0.0 ], [ -70.3060767, 41.3353303, 0.0 ], [ -70.3060389, 41.3353532, 0.0 ], [ -70.3060156, 41.3353919, 0.0 ], [ -70.3059968, 41.3354307, 0.0 ], [ -70.3059617, 41.3354483, 0.0 ], [ -70.3059217, 41.3354394, 0.0 ], [ -70.3058893, 41.3354552, 0.0 ], [ -70.3059079, 41.3354923, 0.0 ], [ -70.3059123, 41.3355205, 0.0 ], [ -70.305875, 41.3355257, 0.0 ], [ -70.3058445, 41.3355063, 0.0 ], [ -70.305826, 41.3354798, 0.0 ], [ -70.305786, 41.3354656, 0.0 ], [ -70.30573, 41.3354708, 0.0 ], [ -70.3056995, 41.3354566, 0.0 ], [ -70.3056527, 41.3354389, 0.0 ], [ -70.3055662, 41.3354203, 0.0 ], [ -70.3055081, 41.3353955, 0.0 ], [ -70.3054567, 41.3353813, 0.0 ], [ -70.3054189, 41.3353654, 0.0 ], [ -70.3053862, 41.335353, 0.0 ], [ -70.3053212, 41.3353388, 0.0 ], [ -70.3052625, 41.3353263, 0.0 ], [ -70.3052229, 41.3353192, 0.0 ], [ -70.3051829, 41.3352892, 0.0 ], [ -70.3051434, 41.3352626, 0.0 ], [ -70.3050452, 41.3352184, 0.0 ], [ -70.3049894, 41.3351813, 0.0 ], [ -70.3049516, 41.3351583, 0.0 ], [ -70.3049076, 41.33513, 0.0 ], [ -70.3048676, 41.3350999, 0.0 ], [ -70.3048349, 41.3350787, 0.0 ], [ -70.3047909, 41.3350452, 0.0 ], [ -70.30473, 41.334993, 0.0 ], [ -70.3046905, 41.3349524, 0.0 ], [ -70.3046343, 41.334892, 0.0 ], [ -70.304613, 41.3348633, 0.0 ], [ -70.3045967, 41.3348327, 0.0 ], [ -70.3045859, 41.3348006, 0.0 ], [ -70.3045506, 41.3347089, 0.0 ], [ -70.3045417, 41.3346613, 0.0 ], [ -70.3045255, 41.3345748, 0.0 ], [ -70.3045235, 41.3345025, 0.0 ], [ -70.3045609, 41.3344761, 0.0 ], [ -70.3045678, 41.3344356, 0.0 ], [ -70.3045306, 41.3344143, 0.0 ], [ -70.304491, 41.3344011, 0.0 ], [ -70.3044606, 41.3343605, 0.0 ], [ -70.3044512, 41.3343287, 0.0 ], [ -70.3044422, 41.3342881, 0.0 ], [ -70.3044187, 41.334244, 0.0 ], [ -70.3044097, 41.334207, 0.0 ], [ -70.304398, 41.3341681, 0.0 ], [ -70.3043958, 41.3341364, 0.0 ], [ -70.3043863, 41.3341064, 0.0 ], [ -70.3043864, 41.3340712, 0.0 ], [ -70.3043897, 41.3340384, 0.0 ], [ -70.3043811, 41.3340062, 0.0 ], [ -70.3043657, 41.3339812, 0.0 ], [ -70.3043331, 41.3339476, 0.0 ], [ -70.3042981, 41.3339229, 0.0 ], [ -70.3042772, 41.3338999, 0.0 ], [ -70.3042655, 41.3338558, 0.0 ], [ -70.3042493, 41.3338082, 0.0 ], [ -70.3042403, 41.3337764, 0.0 ], [ -70.3042218, 41.3337191, 0.0 ], [ -70.3041467, 41.3337137, 0.0 ], [ -70.3041117, 41.3336889, 0.0 ], [ -70.3040836, 41.3336642, 0.0 ], [ -70.3040559, 41.333643, 0.0 ], [ -70.3040323, 41.333613, 0.0 ], [ -70.3040183, 41.333583, 0.0 ], [ -70.3039504, 41.333604, 0.0 ], [ -70.3038985, 41.3336123, 0.0 ], [ -70.3038744, 41.3389056, 0.0 ], [ -70.3039831, 41.3389255, 0.0 ], [ -70.3041811, 41.3389549, 0.0 ], [ -70.3042966, 41.3389696, 0.0 ], [ -70.3044654, 41.3389953, 0.0 ], [ -70.3046679, 41.3390139, 0.0 ], [ -70.3048172, 41.3390287, 0.0 ], [ -70.3049665, 41.3390398, 0.0 ], [ -70.3051593, 41.3390783, 0.0 ], [ -70.3052894, 41.3391148, 0.0 ], [ -70.3054919, 41.3391479, 0.0 ], [ -70.3057089, 41.3391773, 0.0 ], [ -70.3059114, 41.3392031, 0.0 ], [ -70.3061571, 41.3392326, 0.0 ], [ -70.3064079, 41.3392548, 0.0 ], [ -70.3066295, 41.339277, 0.0 ], [ -70.3068897, 41.339312, 0.0 ], [ -70.306957, 41.3393339, 0.0 ], [ -70.3070489, 41.3393522, 0.0 ], [ -70.307174, 41.3393706, 0.0 ], [ -70.3072851, 41.3393817, 0.0 ], [ -70.3073815, 41.3394, 0.0 ], [ -70.3074875, 41.3394147, 0.0 ], [ -70.3075885, 41.3394294, 0.0 ], [ -70.3076563, 41.3394441, 0.0 ], [ -70.3077765, 41.3394479, 0.0 ], [ -70.3079599, 41.33947, 0.0 ], [ -70.3081287, 41.3394921, 0.0 ], [ -70.3082251, 41.3395141, 0.0 ], [ -70.3083552, 41.3395288, 0.0 ], [ -70.3084754, 41.3395254, 0.0 ], [ -70.3086493, 41.339542, 0.0 ], [ -70.3087698, 41.3395568, 0.0 ], [ -70.3089528, 41.339568, 0.0 ], [ -70.3090975, 41.3395864, 0.0 ], [ -70.3092854, 41.3396085, 0.0 ], [ -70.309483, 41.3396125, 0.0 ], [ -70.3095508, 41.3396199, 0.0 ], [ -70.3096809, 41.3396273, 0.0 ], [ -70.3097237, 41.3396336, 0.0 ], [ -70.3097669, 41.339638, 0.0 ], [ -70.3098106, 41.3396403, 0.0 ], [ -70.3098543, 41.3396405, 0.0 ], [ -70.309898, 41.3396386, 0.0 ], [ -70.3099845, 41.3396351, 0.0 ], [ -70.3100715, 41.3396353, 0.0 ], [ -70.3101825, 41.33965, 0.0 ], [ -70.3102785, 41.3396501, 0.0 ], [ -70.3104137, 41.3396522, 0.0 ], [ -70.3105489, 41.3396633, 0.0 ] ] ] } },
{ "type": "Feature", "properties": { "Name": "Gosnold Road", "Acres": 2.3057, "Address": "15 Gosnold Rd", "Area": 100435.75492799999, "FID": 69, "Field_1": "Gosnold Road", "Hunting": null, "Name2": "Gosnold Road", "Owner": "NLB", "Perimeter": 1601.912064, "Seller_Nam": null }, "geometry": { "type": "Polygon", "coordinates": [ [ [ -70.119959, 41.2923671, 0.0 ], [ -70.1207425, 41.2922581, 0.0 ], [ -70.1209761, 41.2922211, 0.0 ], [ -70.1209663, 41.2921705, 0.0 ], [ -70.1212896, 41.2921179, 0.0 ], [ -70.1213056, 41.2921156, 0.0 ], [ -70.1211787, 41.291679, 0.0 ], [ -70.1201965, 41.2917376, 0.0 ], [ -70.120177, 41.2911762, 0.0 ], [ -70.1201502, 41.2911773, 0.0 ], [ -70.1197321, 41.2911942, 0.0 ], [ -70.1197703, 41.2915752, 0.0 ], [ -70.1198782, 41.29219, 0.0 ], [ -70.1199146, 41.2921853, 0.0 ], [ -70.119959, 41.2923671, 0.0 ] ] ] } },
{ "type": "Feature", "properties": { "Name": "Easy St, 27", "Acres": 0.253066, "Address": "27 Easy St", "Area": 11023.528603000001, "FID": 70, "Field_1": "Easy St, 27", "Hunting": null, "Name2": "Easy St, 27", "Owner": "NLB", "Perimeter": 525.159068, "Seller_Nam": "Joseph Arno" }, "geometry": { "type": "Polygon", "coordinates": [ [ [ -70.0970941, 41.2851861, 0.0 ], [ -70.0970269, 41.2852376, 0.0 ], [ -70.0971085, 41.2854513, 0.0 ], [ -70.0973289, 41.2854639, 0.0 ], [ -70.0973392, 41.2851915, 0.0 ], [ -70.0973405, 41.2851675, 0.0 ], [ -70.0973567, 41.2848635, 0.0 ], [ -70.0971384, 41.2851467, 0.0 ], [ -70.0970941, 41.2851861, 0.0 ] ] ] } },
{ "type": "Feature", "properties": { "Name": "Lappin", "Acres": 32.568199, "Address": "49 Somerset Rd", "Area": 1418663.11197, "FID": 71, "Field_1": "Lappin", "Hunting": null, "Name2": "Lappin", "Owner": "NLB", "Perimeter": 7883.342593, "Seller_Nam": null }, "geometry": { "type": "Polygon", "coordinates": [ [ [ -70.1157056, 41.2688549, 0.0 ], [ -70.1166379, 41.2689847, 0.0 ], [ -70.1168033, 41.268454, 0.0 ], [ -70.116903, 41.2679641, 0.0 ], [ -70.1182776, 41.2681979, 0.0 ], [ -70.1186269, 41.2682572, 0.0 ], [ -70.1186632, 41.2682633, 0.0 ], [ -70.1198792, 41.2684695, 0.0 ], [ -70.1199212, 41.2683696, 0.0 ], [ -70.1200001, 41.2681083, 0.0 ], [ -70.119862, 41.2680291, 0.0 ], [ -70.1197752, 41.2679892, 0.0 ], [ -70.1194169, 41.2677737, 0.0 ], [ -70.1195858, 41.2676326, 0.0 ], [ -70.1196316, 41.2675943, 0.0 ], [ -70.1196739, 41.2675589, 0.0 ], [ -70.1197048, 41.2675331, 0.0 ], [ -70.1197286, 41.2675132, 0.0 ], [ -70.1197628, 41.2674861, 0.0 ], [ -70.119782, 41.2674776, 0.0 ], [ -70.1198045, 41.2674723, 0.0 ], [ -70.119835, 41.2674725, 0.0 ], [ -70.1198892, 41.2674798, 0.0 ], [ -70.1199471, 41.2674876, 0.0 ], [ -70.120011, 41.2674971, 0.0 ], [ -70.1200376, 41.2675085, 0.0 ], [ -70.1200549, 41.267523, 0.0 ], [ -70.1200646, 41.2675362, 0.0 ], [ -70.1201309, 41.2674054, 0.0 ], [ -70.1200813, 41.267412, 0.0 ], [ -70.120045, 41.2674136, 0.0 ], [ -70.1200086, 41.2674135, 0.0 ], [ -70.1199722, 41.2674115, 0.0 ], [ -70.1199363, 41.2674076, 0.0 ], [ -70.1199004, 41.267402, 0.0 ], [ -70.1198655, 41.2673946, 0.0 ], [ -70.1198314, 41.2673854, 0.0 ], [ -70.1197978, 41.2673745, 0.0 ], [ -70.1197656, 41.2673619, 0.0 ], [ -70.1197343, 41.2673478, 0.0 ], [ -70.1197044, 41.2673321, 0.0 ], [ -70.1196532, 41.2672992, 0.0 ], [ -70.1202121, 41.2669038, 0.0 ], [ -70.1200614, 41.2666902, 0.0 ], [ -70.119974, 41.2665666, 0.0 ], [ -70.1198116, 41.2663367, 0.0 ], [ -70.1196195, 41.2660644, 0.0 ], [ -70.1195469, 41.2659617, 0.0 ], [ -70.1194418, 41.2658132, 0.0 ], [ -70.119265, 41.265563, 0.0 ], [ -70.1190621, 41.2652757, 0.0 ], [ -70.1189025, 41.2649642, 0.0 ], [ -70.1187748, 41.2647164, 0.0 ], [ -70.1186305, 41.2644354, 0.0 ], [ -70.1186121, 41.2643989, 0.0 ], [ -70.1185013, 41.2645287, 0.0 ], [ -70.1182568, 41.2648156, 0.0 ], [ -70.1180252, 41.2650872, 0.0 ], [ -70.1178768, 41.2652611, 0.0 ], [ -70.1176966, 41.2652932, 0.0 ], [ -70.1176216, 41.2652855, 0.0 ], [ -70.1175172, 41.2652625, 0.0 ], [ -70.1174175, 41.2652021, 0.0 ], [ -70.1172749, 41.2650993, 0.0 ], [ -70.1171798, 41.2651913, 0.0 ], [ -70.11729, 41.2652413, 0.0 ], [ -70.1174009, 41.2653215, 0.0 ], [ -70.1174952, 41.2653681, 0.0 ], [ -70.1176905, 41.2654056, 0.0 ], [ -70.1176553, 41.2654328, 0.0 ], [ -70.1172931, 41.265723, 0.0 ], [ -70.116976, 41.265977, 0.0 ], [ -70.1166777, 41.266216, 0.0 ], [ -70.1163433, 41.2664837, 0.0 ], [ -70.1160409, 41.2667258, 0.0 ], [ -70.11576, 41.2669512, 0.0 ], [ -70.1157193, 41.2669837, 0.0 ], [ -70.1153922, 41.2672456, 0.0 ], [ -70.1150898, 41.2674878, 0.0 ], [ -70.1147442, 41.2672547, 0.0 ], [ -70.1147243, 41.2672317, 0.0 ], [ -70.1147099, 41.2672066, 0.0 ], [ -70.1146975, 41.2671582, 0.0 ], [ -70.1145532, 41.2672664, 0.0 ], [ -70.1142632, 41.2674838, 0.0 ], [ -70.1141066, 41.2675841, 0.0 ], [ -70.1132968, 41.2680483, 0.0 ], [ -70.1128597, 41.2682987, 0.0 ], [ -70.1125978, 41.2684489, 0.0 ], [ -70.1120239, 41.2687664, 0.0 ], [ -70.1118733, 41.2688557, 0.0 ], [ -70.1120325, 41.2688543, 0.0 ], [ -70.113117, 41.2688443, 0.0 ], [ -70.1139473, 41.2688366, 0.0 ], [ -70.1139468, 41.2683107, 0.0 ], [ -70.1148021, 41.2683052, 0.0 ], [ -70.1156884, 41.2682995, 0.0 ], [ -70.1157056, 41.2688549, 0.0 ] ] ] } },
{ "type": "Feature", "properties": { "Name": "Miacomet Av, 15", "Acres": 6.52936, "Address": "15 Miacomet Av", "Area": 284417.58145200001, "FID": 72, "Field_1": "Miacomet Av, 15", "Hunting": null, "Name2": "Miacomet Av, 15", "Owner": "NLB", "Perimeter": 4511.324847, "Seller_Nam": null }, "geometry": { "type": "Polygon", "coordinates": [ [ [ -70.1023736, 41.2613255, 0.0 ], [ -70.103404, 41.2619049, 0.0 ], [ -70.1037686, 41.2615228, 0.0 ], [ -70.1037761, 41.2613501, 0.0 ], [ -70.1038723, 41.2611074, 0.0 ], [ -70.1039935, 41.2608934, 0.0 ], [ -70.1040702, 41.2607507, 0.0 ], [ -70.1040983, 41.2606922, 0.0 ], [ -70.1041334, 41.2606359, 0.0 ], [ -70.1041752, 41.2605823, 0.0 ], [ -70.1042234, 41.2605318, 0.0 ], [ -70.1042776, 41.2604849, 0.0 ], [ -70.1043373, 41.2604419, 0.0 ], [ -70.1044178, 41.2603483, 0.0 ], [ -70.1045048, 41.260258, 0.0 ], [ -70.1045978, 41.2601712, 0.0 ], [ -70.1046893, 41.2600911, 0.0 ], [ -70.1047746, 41.2600071, 0.0 ], [ -70.1048535, 41.2599197, 0.0 ], [ -70.1049258, 41.259829, 0.0 ], [ -70.1049911, 41.2597354, 0.0 ], [ -70.1050493, 41.2596391, 0.0 ], [ -70.1051638, 41.2594826, 0.0 ], [ -70.1052848, 41.259329, 0.0 ], [ -70.105412, 41.2591782, 0.0 ], [ -70.1054614, 41.2591211, 0.0 ], [ -70.1055185, 41.2590684, 0.0 ], [ -70.1055826, 41.2590204, 0.0 ], [ -70.1056531, 41.2589778, 0.0 ], [ -70.1057292, 41.258941, 0.0 ], [ -70.1058068, 41.2588676, 0.0 ], [ -70.1058772, 41.25879, 0.0 ], [ -70.1059399, 41.2587088, 0.0 ], [ -70.1059946, 41.2586243, 0.0 ], [ -70.106041, 41.2585371, 0.0 ], [ -70.1061551, 41.2584163, 0.0 ], [ -70.1062755, 41.2582989, 0.0 ], [ -70.1064019, 41.2581852, 0.0 ], [ -70.1065341, 41.2580754, 0.0 ], [ -70.1067039, 41.2578864, 0.0 ], [ -70.1068838, 41.2576868, 0.0 ], [ -70.1069577, 41.2576318, 0.0 ], [ -70.107013, 41.2575901, 0.0 ], [ -70.1071492, 41.2575433, 0.0 ], [ -70.1072625, 41.2574478, 0.0 ], [ -70.1073354, 41.2573476, 0.0 ], [ -70.1071408, 41.2572733, 0.0 ], [ -70.1066787, 41.2576939, 0.0 ], [ -70.1063286, 41.2580044, 0.0 ], [ -70.1051338, 41.2590634, 0.0 ], [ -70.1050767, 41.2591033, 0.0 ], [ -70.1050552, 41.2591265, 0.0 ], [ -70.105031, 41.2591527, 0.0 ], [ -70.1050067, 41.2591788, 0.0 ], [ -70.1049489, 41.2591871, 0.0 ], [ -70.1049152, 41.259208, 0.0 ], [ -70.1048809, 41.2592286, 0.0 ], [ -70.1048467, 41.259249, 0.0 ], [ -70.104812, 41.2592691, 0.0 ], [ -70.1047774, 41.2592889, 0.0 ], [ -70.1047086, 41.2593136, 0.0 ], [ -70.1046829, 41.2593402, 0.0 ], [ -70.1046591, 41.2593655, 0.0 ], [ -70.1046358, 41.2593906, 0.0 ], [ -70.1033101, 41.2608073, 0.0 ], [ -70.1028345, 41.2606701, 0.0 ], [ -70.1023736, 41.2613255, 0.0 ] ] ] } },
{ "type": "Feature", "properties": { "Name": "Wynn", "Acres": 0.140271, "Address": "1 Aurora Wy", "Area": 6110.181446, "FID": 73, "Field_1": "Wynn", "Hunting": null, "Name2": "Wynn", "Owner": "NLB", "Perimeter": 355.268514, "Seller_Nam": null }, "geometry": { "type": "Polygon", "coordinates": [ [ [ -70.1201098, 41.2735966, 0.0 ], [ -70.1199727, 41.2736164, 0.0 ], [ -70.1199717, 41.2736165, 0.0 ], [ -70.1199338, 41.273622, 0.0 ], [ -70.1200093, 41.2739282, 0.0 ], [ -70.1200223, 41.2739523, 0.0 ], [ -70.1200462, 41.2739708, 0.0 ], [ -70.1200468, 41.2739712, 0.0 ], [ -70.1200778, 41.2739814, 0.0 ], [ -70.1200786, 41.2739816, 0.0 ], [ -70.1201136, 41.2739822, 0.0 ], [ -70.1201458, 41.2739729, 0.0 ], [ -70.1201547, 41.2739681, 0.0 ], [ -70.1201284, 41.2735939, 0.0 ], [ -70.1201098, 41.2735966, 0.0 ] ] ] } },
{ "type": "Feature", "properties": { "Name": "Wynn", "Acres": 0.159665, "Address": "2 Aurora Wy", "Area": 6954.984856, "FID": 74, "Field_1": "Wynn", "Hunting": null, "Name2": "Wynn", "Owner": "NLB", "Perimeter": 450.254545, "Seller_Nam": null }, "geometry": { "type": "Polygon", "coordinates": [ [ [ -70.1196495, 41.2736417, 0.0 ], [ -70.1197861, 41.2741703, 0.0 ], [ -70.1198564, 41.2741317, 0.0 ], [ -70.1198799, 41.2741129, 0.0 ], [ -70.1198929, 41.274089, 0.0 ], [ -70.1198939, 41.2740631, 0.0 ], [ -70.1198935, 41.2740612, 0.0 ], [ -70.1197867, 41.2736219, 0.0 ], [ -70.1196495, 41.2736417, 0.0 ] ] ] } },
{ "type": "Feature", "properties": { "Name": "Cassidy", "Acres": 18.592501, "Address": "63 Madaket Rd", "Area": 809884.61992199998, "FID": 75, "Field_1": "Cassidy", "Hunting": null, "Name2": "Cassidy", "Owner": "NLB", "Perimeter": 7504.684062, "Seller_Nam": null }, "geometry": { "type": "Polygon", "coordinates": [ [ [ -70.119132, 41.2851434, 0.0 ], [ -70.1191236, 41.2851912, 0.0 ], [ -70.1191203, 41.2852394, 0.0 ], [ -70.1191176, 41.2852878, 0.0 ], [ -70.1191315, 41.2853476, 0.0 ], [ -70.1191614, 41.2854353, 0.0 ], [ -70.1191902, 41.2854916, 0.0 ], [ -70.1194729, 41.2858949, 0.0 ], [ -70.1197393, 41.2862706, 0.0 ], [ -70.1198378, 41.2862694, 0.0 ], [ -70.1205103, 41.2862613, 0.0 ], [ -70.1217995, 41.2856913, 0.0 ], [ -70.1214931, 41.2854352, 0.0 ], [ -70.121707, 41.2848969, 0.0 ], [ -70.1218456, 41.2845513, 0.0 ], [ -70.1219318, 41.2843344, 0.0 ], [ -70.1220301, 41.2840636, 0.0 ], [ -70.122061, 41.2839963, 0.0 ], [ -70.1221203, 41.2839649, 0.0 ], [ -70.1221966, 41.2839285, 0.0 ], [ -70.1223059, 41.2838843, 0.0 ], [ -70.1224242, 41.283847, 0.0 ], [ -70.1225544, 41.2838078, 0.0 ], [ -70.1226296, 41.2837758, 0.0 ], [ -70.1227189, 41.2837519, 0.0 ], [ -70.1227831, 41.2837733, 0.0 ], [ -70.1228394, 41.283788, 0.0 ], [ -70.1229025, 41.2837862, 0.0 ], [ -70.1229826, 41.2837716, 0.0 ], [ -70.123055, 41.283753, 0.0 ], [ -70.1231091, 41.2836977, 0.0 ], [ -70.1231817, 41.2836316, 0.0 ], [ -70.1234178, 41.2834462, 0.0 ], [ -70.1234547, 41.2834156, 0.0 ], [ -70.1234995, 41.283393, 0.0 ], [ -70.1235495, 41.2833773, 0.0 ], [ -70.1236178, 41.2833677, 0.0 ], [ -70.1236794, 41.2833768, 0.0 ], [ -70.1237595, 41.283382, 0.0 ], [ -70.1238526, 41.2833952, 0.0 ], [ -70.1239406, 41.2834014, 0.0 ], [ -70.1239905, 41.2833917, 0.0 ], [ -70.124143, 41.2833545, 0.0 ], [ -70.1243454, 41.2833116, 0.0 ], [ -70.1243822, 41.2833117, 0.0 ], [ -70.1244097, 41.2833217, 0.0 ], [ -70.124441, 41.2833535, 0.0 ], [ -70.1244683, 41.2833992, 0.0 ], [ -70.1244917, 41.2834388, 0.0 ], [ -70.1245595, 41.2835272, 0.0 ], [ -70.1245567, 41.2835579, 0.0 ], [ -70.1245369, 41.2835776, 0.0 ], [ -70.1245079, 41.2835954, 0.0 ], [ -70.1244067, 41.2836129, 0.0 ], [ -70.1244482, 41.2837031, 0.0 ], [ -70.1244415, 41.2837308, 0.0 ], [ -70.1243731, 41.2837573, 0.0 ], [ -70.1241158, 41.283862, 0.0 ], [ -70.1238834, 41.2841105, 0.0 ], [ -70.1241003, 41.2842788, 0.0 ], [ -70.1241937, 41.284753, 0.0 ], [ -70.1241623, 41.2852048, 0.0 ], [ -70.1244135, 41.285164, 0.0 ], [ -70.1247125, 41.2851021, 0.0 ], [ -70.12551, 41.2851756, 0.0 ], [ -70.1255043, 41.2850557, 0.0 ], [ -70.1255019, 41.2850078, 0.0 ], [ -70.1255282, 41.2849334, 0.0 ], [ -70.1256332, 41.2845484, 0.0 ], [ -70.1256697, 41.2844583, 0.0 ], [ -70.1257462, 41.2841226, 0.0 ], [ -70.1256679, 41.2839744, 0.0 ], [ -70.1256539, 41.2839624, 0.0 ], [ -70.1247351, 41.2839847, 0.0 ], [ -70.1245824, 41.2837052, 0.0 ], [ -70.1246974, 41.2836766, 0.0 ], [ -70.1247108, 41.2836024, 0.0 ], [ -70.1246808, 41.2835408, 0.0 ], [ -70.1245274, 41.2832263, 0.0 ], [ -70.1240601, 41.2832995, 0.0 ], [ -70.123965, 41.2833096, 0.0 ], [ -70.1238691, 41.2833135, 0.0 ], [ -70.1237731, 41.2833113, 0.0 ], [ -70.1236777, 41.2833029, 0.0 ], [ -70.1235836, 41.2832884, 0.0 ], [ -70.1234915, 41.2832679, 0.0 ], [ -70.1223794, 41.2829135, 0.0 ], [ -70.1218483, 41.2827444, 0.0 ], [ -70.1214679, 41.2826232, 0.0 ], [ -70.120958, 41.2825504, 0.0 ], [ -70.1205958, 41.2824987, 0.0 ], [ -70.1208067, 41.2832321, 0.0 ], [ -70.1208495, 41.283372, 0.0 ], [ -70.1209415, 41.2837455, 0.0 ], [ -70.1210082, 41.284005, 0.0 ], [ -70.1210429, 41.2841433, 0.0 ], [ -70.1211563, 41.2845969, 0.0 ], [ -70.121229, 41.2848887, 0.0 ], [ -70.1212412, 41.2849376, 0.0 ], [ -70.1212865, 41.2851191, 0.0 ], [ -70.1207442, 41.2850629, 0.0 ], [ -70.1202066, 41.2849934, 0.0 ], [ -70.1197781, 41.2849621, 0.0 ], [ -70.1195317, 41.2849459, 0.0 ], [ -70.1191488, 41.2849, 0.0 ], [ -70.119132, 41.2851434, 0.0 ] ] ] } },
{ "type": "Feature", "properties": { "Name": "Fair Street Park", "Acres": 0.123574, "Address": "0 Fair St", "Area": 5382.860291, "FID": 76, "Field_1": "Fair Street Park", "Hunting": null, "Name2": "Fair Street Park", "Owner": "NLB", "Perimeter": 315.130188, "Seller_Nam": null }, "geometry": { "type": "Polygon", "coordinates": [ [ [ -70.0997139, 41.2826515, 0.0 ], [ -70.0997206, 41.2827221, 0.0 ], [ -70.0997407, 41.2829323, 0.0 ], [ -70.0999258, 41.2828749, 0.0 ], [ -70.0999029, 41.2825961, 0.0 ], [ -70.0997139, 41.2826515, 0.0 ] ] ] } },
{ "type": "Feature", "properties": { "Name": "Monomoy Rd, 21", "Acres": 0.256817, "Address": "21 Monomoy Rd", "Area": 11186.922284, "FID": 77, "Field_1": "Monomoy Rd, 21", "Hunting": null, "Name2": "Monomoy Rd, 21", "Owner": "NLB", "Perimeter": 554.197325, "Seller_Nam": null }, "geometry": { "type": "Polygon", "coordinates": [ [ [ -70.0819067, 41.2744137, 0.0 ], [ -70.0822358, 41.274566, 0.0 ], [ -70.082645, 41.2740766, 0.0 ], [ -70.0819067, 41.2744137, 0.0 ] ] ] } },
{ "type": "Feature", "properties": { "Name": "Cliff Road", "Acres": 0.11601, "Address": "2 Nantucket Av", "Area": 5053.393105, "FID": 78, "Field_1": "Cliff Road", "Hunting": null, "Name2": "Cliff Road", "Owner": "NLB", "Perimeter": 339.884089, "Seller_Nam": null }, "geometry": { "type": "Polygon", "coordinates": [ [ [ -70.1079261, 41.2906869, 0.0 ], [ -70.1079263, 41.2906869, 0.0 ], [ -70.1082688, 41.2909027, 0.0 ], [ -70.1084301, 41.2907606, 0.0 ], [ -70.1079586, 41.2906571, 0.0 ], [ -70.1079261, 41.2906869, 0.0 ] ] ] } },
{ "type": "Feature", "properties": { "Name": "Mizzenmast/Burchell", "Acres": 7.42367, "Address": "81 Miacomet Av", "Area": 323373.77056099998, "FID": 79, "Field_1": "Mizzenmast/Burchell", "Hunting": false, "Name2": "Mizzenmast/Burchell", "Owner": "NLB", "Perimeter": 2341.496793, "Seller_Nam": null }, "geometry": { "type": "Polygon", "coordinates": [ [ [ -70.1069794, 41.2594737, 0.0 ], [ -70.1074822, 41.2597138, 0.0 ], [ -70.1077931, 41.2598624, 0.0 ], [ -70.1081953, 41.2600546, 0.0 ], [ -70.1082515, 41.2600813, 0.0 ], [ -70.1088377, 41.2603615, 0.0 ], [ -70.1091505, 41.2605037, 0.0 ], [ -70.1092554, 41.2605376, 0.0 ], [ -70.1094216, 41.2606138, 0.0 ], [ -70.109623, 41.2599448, 0.0 ], [ -70.1098209, 41.2593131, 0.0 ], [ -70.1089582, 41.2589066, 0.0 ], [ -70.1079685, 41.2584401, 0.0 ], [ -70.1069794, 41.2594737, 0.0 ] ] ] } },
{ "type": "Feature", "properties": { "Name": "Poor", "Acres": 0.031556, "Address": null, "Area": 1374.588228, "FID": 80, "Field_1": "Poor", "Hunting": null, "Name2": "Poor", "Owner": "NLB", "Perimeter": 286.805406, "Seller_Nam": null }, "geometry": { "type": "Polygon", "coordinates": [ [ [ -70.0671317, 41.244314, 0.0 ], [ -70.067194, 41.2443187, 0.0 ], [ -70.0676133, 41.2443516, 0.0 ], [ -70.0676218, 41.2443019, 0.0 ], [ -70.0676199, 41.2443021, 0.0 ], [ -70.0675856, 41.2443034, 0.0 ], [ -70.0675575, 41.2443048, 0.0 ], [ -70.0675235, 41.2443063, 0.0 ], [ -70.0675124, 41.244307, 0.0 ], [ -70.0674806, 41.2443046, 0.0 ], [ -70.0674539, 41.2443027, 0.0 ], [ -70.0674324, 41.2443002, 0.0 ], [ -70.0674047, 41.2443019, 0.0 ], [ -70.0673789, 41.2443028, 0.0 ], [ -70.0673526, 41.2443045, 0.0 ], [ -70.067326, 41.2443048, 0.0 ], [ -70.0672935, 41.2443041, 0.0 ], [ -70.0672635, 41.244303, 0.0 ], [ -70.0672388, 41.2443018, 0.0 ], [ -70.0671317, 41.244314, 0.0 ] ] ] } },
{ "type": "Feature", "properties": { "Name": "Western Ave", "Acres": 2.53277, "Address": "32 Western Av", "Area": 110326.942092, "FID": 81, "Field_1": "Western Ave", "Hunting": null, "Name2": "Western Ave", "Owner": "NLB", "Perimeter": 2305.995315, "Seller_Nam": null }, "geometry": { "type": "Polygon", "coordinates": [ [ [ -70.0977621, 41.2410667, 0.0 ], [ -70.097672, 41.241089, 0.0 ], [ -70.0975591, 41.2411178, 0.0 ], [ -70.0977775, 41.2418928, 0.0 ], [ -70.0977874, 41.2439061, 0.0 ], [ -70.0981497, 41.2439074, 0.0 ], [ -70.0981488, 41.2416819, 0.0 ], [ -70.0979988, 41.2410185, 0.0 ], [ -70.0979423, 41.2410297, 0.0 ], [ -70.0978524, 41.2410294, 0.0 ], [ -70.0977621, 41.2410667, 0.0 ] ] ] } },
{ "type": "Feature", "properties": { "Name": "Western Ave", "Acres": 8.56642, "Address": "40 Western Av", "Area": 373151.94229699997, "FID": 82, "Field_1": "Western Ave", "Hunting": null, "Name2": "Western Ave", "Owner": "NLB", "Perimeter": 2935.864693, "Seller_Nam": null }, "geometry": { "type": "Polygon", "coordinates": [ [ [ -70.0997966, 41.240761, 0.0 ], [ -70.0996265, 41.240768, 0.0 ], [ -70.0995065, 41.2407826, 0.0 ], [ -70.0994464, 41.2407899, 0.0 ], [ -70.0992717, 41.2408157, 0.0 ], [ -70.0991116, 41.2408378, 0.0 ], [ -70.098982, 41.2408524, 0.0 ], [ -70.0988219, 41.2408669, 0.0 ], [ -70.0985905, 41.2408776, 0.0 ], [ -70.098653, 41.241438, 0.0 ], [ -70.0986527, 41.2435534, 0.0 ], [ -70.0986528, 41.24391, 0.0 ], [ -70.0998436, 41.2439172, 0.0 ], [ -70.0998557, 41.2407568, 0.0 ], [ -70.0997966, 41.240761, 0.0 ] ] ] } },
{ "type": "Feature", "properties": { "Name": "Footsteps", "Acres": 0.772187, "Address": "Clifford St", "Area": 33636.332026999997, "FID": 83, "Field_1": "Footsteps", "Hunting": null, "Name2": "Footsteps", "Owner": "NLB", "Perimeter": 749.937436, "Seller_Nam": null }, "geometry": { "type": "Polygon", "coordinates": [ [ [ -70.0849973, 41.2445071, 0.0 ], [ -70.0848807, 41.244541, 0.0 ], [ -70.0847447, 41.2445619, 0.0 ], [ -70.0846086, 41.2445913, 0.0 ], [ -70.0845162, 41.2446004, 0.0 ], [ -70.0844731, 41.2449514, 0.0 ], [ -70.0849888, 41.244988, 0.0 ], [ -70.0852164, 41.245004, 0.0 ], [ -70.0852916, 41.2444668, 0.0 ], [ -70.0849973, 41.2445071, 0.0 ] ] ] } },
{ "type": "Feature", "properties": { "Name": "Stones", "Acres": 1.34694, "Address": "45 Nonantum Av", "Area": 58672.65357, "FID": 84, "Field_1": "Stones", "Hunting": null, "Name2": "Stones", "Owner": "NLB", "Perimeter": 1005.46772, "Seller_Nam": null }, "geometry": { "type": "Polygon", "coordinates": [ [ [ -70.0867418, 41.2442878, 0.0 ], [ -70.0863718, 41.2443543, 0.0 ], [ -70.0863259, 41.2443573, 0.0 ], [ -70.0862328, 41.2450705, 0.0 ], [ -70.0869423, 41.2451345, 0.0 ], [ -70.0870736, 41.2442181, 0.0 ], [ -70.0867418, 41.2442878, 0.0 ] ] ] } },
{ "type": "Feature", "properties": { "Name": "Surfside", "Acres": 0.903651, "Address": "8, 12 Western Av", "Area": 39362.892818, "FID": 85, "Field_1": "Surfside", "Hunting": null, "Name2": "Surfside", "Owner": "NLB", "Perimeter": 1421.804651, "Seller_Nam": null }, "geometry": { "type": "Polygon", "coordinates": [ [ [ -70.0944611, 41.2423208, 0.0 ], [ -70.0944363, 41.2423283, 0.0 ], [ -70.0944154, 41.2423359, 0.0 ], [ -70.0944071, 41.242339, 0.0 ], [ -70.0943946, 41.2423436, 0.0 ], [ -70.0943739, 41.2423514, 0.0 ], [ -70.0943532, 41.2423593, 0.0 ], [ -70.0943384, 41.2423657, 0.0 ], [ -70.0943375, 41.2423662, 0.0 ], [ -70.094321, 41.2423755, 0.0 ], [ -70.0943027, 41.2423924, 0.0 ], [ -70.0942985, 41.2423965, 0.0 ], [ -70.0948114, 41.2430604, 0.0 ], [ -70.0948206, 41.2440014, 0.0 ], [ -70.0949829, 41.2439977, 0.0 ], [ -70.0950629, 41.2439959, 0.0 ], [ -70.0951524, 41.243994, 0.0 ], [ -70.0949947, 41.2431174, 0.0 ], [ -70.0949745, 41.2430051, 0.0 ], [ -70.0944766, 41.242316, 0.0 ], [ -70.0944611, 41.2423208, 0.0 ] ] ] } },
{ "type": "Feature", "properties": { "Name": "Shawkemo Hills", "Acres": 49.179401, "Address": "117 Polpis Rd", "Area": 2142244.8922100002, "FID": 86, "Field_1": "Shawkemo Hills", "Hunting": null, "Name2": "Shawkemo Hills", "Owner": "NLB", "Perimeter": 6936.60333, "Seller_Nam": null }, "geometry": { "type": "Polygon", "coordinates": [ [ [ -70.0521494, 41.287749, 0.0 ], [ -70.0522558, 41.2876863, 0.0 ], [ -70.052648, 41.2874731, 0.0 ], [ -70.0530933, 41.2872052, 0.0 ], [ -70.0534723, 41.286982, 0.0 ], [ -70.0536983, 41.2868581, 0.0 ], [ -70.0539569, 41.2867492, 0.0 ], [ -70.05415, 41.2866551, 0.0 ], [ -70.0545267, 41.2864953, 0.0 ], [ -70.0535808, 41.2853479, 0.0 ], [ -70.0528747, 41.2845117, 0.0 ], [ -70.0527236, 41.2843296, 0.0 ], [ -70.0509945, 41.2822668, 0.0 ], [ -70.0504615, 41.2816068, 0.0 ], [ -70.0493371, 41.2828112, 0.0 ], [ -70.046872, 41.2854465, 0.0 ], [ -70.0474701, 41.2864395, 0.0 ], [ -70.0476588, 41.2868351, 0.0 ], [ -70.0482953, 41.2864838, 0.0 ], [ -70.0499334, 41.2855795, 0.0 ], [ -70.0521494, 41.287749, 0.0 ] ] ] } },
{ "type": "Feature", "properties": { "Name": "Stump Pond", "Acres": 98.3386, "Address": "44, 48 Almanack Pond Rd, 329, 331, 333 Polpis Rd", "Area": 4283613.1084899995, "FID": 87, "Field_1": "Stump Pond", "Hunting": null, "Name2": "Stump Pond", "Owner": "NLB", "Perimeter": 12449.16253, "Seller_Nam": null }, "geometry": { "type": "Polygon", "coordinates": [ [ [ -69.9949057, 41.2899315, 0.0 ], [ -69.9957241, 41.2914568, 0.0 ], [ -69.9951533, 41.2926297, 0.0 ], [ -69.9952152, 41.292677, 0.0 ], [ -69.9953563, 41.2927914, 0.0 ], [ -69.995429, 41.2928573, 0.0 ], [ -69.9955558, 41.292982, 0.0 ], [ -69.9956285, 41.2930514, 0.0 ], [ -69.9957236, 41.2931656, 0.0 ], [ -69.9958527, 41.2933619, 0.0 ], [ -69.9959531, 41.2935451, 0.0 ], [ -69.996257, 41.2940741, 0.0 ], [ -69.9978288, 41.2920342, 0.0 ], [ -69.9976739, 41.2892928, 0.0 ], [ -70.0000419, 41.2892766, 0.0 ], [ -70.0003995, 41.2892742, 0.0 ], [ -70.0041658, 41.2892444, 0.0 ], [ -70.0041843, 41.2899857, 0.0 ], [ -70.004194, 41.2900838, 0.0 ], [ -70.0049972, 41.290091, 0.0 ], [ -70.0050972, 41.289988, 0.0 ], [ -70.0061082, 41.2889767, 0.0 ], [ -70.005994, 41.2889166, 0.0 ], [ -70.0058522, 41.2888483, 0.0 ], [ -70.0058113, 41.2888366, 0.0 ], [ -70.0057705, 41.2888242, 0.0 ], [ -70.0057306, 41.2888113, 0.0 ], [ -70.0056906, 41.2887979, 0.0 ], [ -70.0056512, 41.2887838, 0.0 ], [ -70.0056122, 41.2887692, 0.0 ], [ -70.0055732, 41.288754, 0.0 ], [ -70.0055351, 41.2887383, 0.0 ], [ -70.005497, 41.288722, 0.0 ], [ -70.0054594, 41.2887052, 0.0 ], [ -70.0054222, 41.2886879, 0.0 ], [ -70.0053855, 41.28867, 0.0 ], [ -70.0053492, 41.2886517, 0.0 ], [ -70.0053135, 41.2886328, 0.0 ], [ -70.0052781, 41.2886133, 0.0 ], [ -70.0052437, 41.2885935, 0.0 ], [ -70.0052093, 41.2885731, 0.0 ], [ -70.0051753, 41.2885522, 0.0 ], [ -70.0051423, 41.2885309, 0.0 ], [ -70.0051097, 41.288509, 0.0 ], [ -70.0050776, 41.2884867, 0.0 ], [ -70.0050459, 41.2884639, 0.0 ], [ -70.0050147, 41.2884407, 0.0 ], [ -70.0049844, 41.2884171, 0.0 ], [ -70.0049546, 41.2883931, 0.0 ], [ -70.0049257, 41.2883685, 0.0 ], [ -70.0048967, 41.2883437, 0.0 ], [ -70.0048701, 41.288319, 0.0 ], [ -70.0048212, 41.2882914, 0.0 ], [ -70.0047993, 41.2882423, 0.0 ], [ -70.0047772, 41.288214, 0.0 ], [ -70.0047565, 41.2881849, 0.0 ], [ -70.0047376, 41.2881554, 0.0 ], [ -70.0047196, 41.2881252, 0.0 ], [ -70.0045859, 41.2878854, 0.0 ], [ -70.004341, 41.2876118, 0.0 ], [ -70.004318, 41.2875838, 0.0 ], [ -70.004295, 41.2875557, 0.0 ], [ -70.0042725, 41.2875275, 0.0 ], [ -70.0042504, 41.2874992, 0.0 ], [ -70.0042284, 41.2874708, 0.0 ], [ -70.0042063, 41.2874423, 0.0 ], [ -70.0041847, 41.2874137, 0.0 ], [ -70.0041631, 41.287385, 0.0 ], [ -70.0041419, 41.2873562, 0.0 ], [ -70.0041212, 41.2873273, 0.0 ], [ -70.0041005, 41.2872983, 0.0 ], [ -70.0040798, 41.2872692, 0.0 ], [ -70.0040596, 41.28724, 0.0 ], [ -70.0040398, 41.2872107, 0.0 ], [ -70.00402, 41.2871814, 0.0 ], [ -70.0040006, 41.2871519, 0.0 ], [ -70.0039813, 41.2871224, 0.0 ], [ -70.003962, 41.2870927, 0.0 ], [ -70.0039436, 41.287063, 0.0 ], [ -70.0039247, 41.2870332, 0.0 ], [ -70.0039067, 41.2870033, 0.0 ], [ -70.0038883, 41.2869733, 0.0 ], [ -70.0038708, 41.2869432, 0.0 ], [ -70.0038533, 41.286913, 0.0 ], [ -70.0038362, 41.2868827, 0.0 ], [ -70.0038192, 41.2868524, 0.0 ], [ -70.003803, 41.2868218, 0.0 ], [ -70.0037869, 41.2867913, 0.0 ], [ -70.0037707, 41.2867606, 0.0 ], [ -70.0037555, 41.2867298, 0.0 ], [ -70.0037403, 41.2866988, 0.0 ], [ -70.0037269, 41.2866675, 0.0 ], [ -70.0037139, 41.286636, 0.0 ], [ -70.0037028, 41.2866042, 0.0 ], [ -70.0036921, 41.2865723, 0.0 ], [ -70.0036797, 41.2865293, 0.0 ], [ -70.0018953, 41.2864923, 0.0 ], [ -70.0016279, 41.2864867, 0.0 ], [ -70.0014514, 41.286483, 0.0 ], [ -69.9978052, 41.2864068, 0.0 ], [ -69.9974764, 41.2863999, 0.0 ], [ -69.9953958, 41.286374, 0.0 ], [ -69.993508, 41.2863454, 0.0 ], [ -69.9918358, 41.28632, 0.0 ], [ -69.9917876, 41.2867877, 0.0 ], [ -69.9922722, 41.2868203, 0.0 ], [ -69.9936333, 41.2876105, 0.0 ], [ -69.9949057, 41.2899315, 0.0 ] ] ] } },
{ "type": "Feature", "properties": { "Name": "Norwood", "Acres": 98.039803, "Address": "35, 39, 41 Almanack Pond Rd", "Area": 4270598.5608400004, "FID": 88, "Field_1": "Norwood", "Hunting": null, "Name2": "Norwood", "Owner": "NLB", "Perimeter": 10189.940527000001, "Seller_Nam": null }, "geometry": { "type": "Polygon", "coordinates": [ [ [ -70.0089642, 41.2902439, 0.0 ], [ -70.0096514, 41.2913608, 0.0 ], [ -70.0108154, 41.2914471, 0.0 ], [ -70.0123595, 41.2916633, 0.0 ], [ -70.0132257, 41.2899169, 0.0 ], [ -70.0146726, 41.289715, 0.0 ], [ -70.0162321, 41.2902951, 0.0 ], [ -70.0170609, 41.2890275, 0.0 ], [ -70.0166769, 41.2885611, 0.0 ], [ -70.0160267, 41.2883146, 0.0 ], [ -70.0151853, 41.2881996, 0.0 ], [ -70.0146047, 41.2876537, 0.0 ], [ -70.0139944, 41.2873548, 0.0 ], [ -70.0136206, 41.2870181, 0.0 ], [ -70.0132792, 41.2863821, 0.0 ], [ -70.0135948, 41.2849443, 0.0 ], [ -70.0128848, 41.2850349, 0.0 ], [ -70.0123191, 41.2851463, 0.0 ], [ -70.0122726, 41.2851555, 0.0 ], [ -70.0117947, 41.2852421, 0.0 ], [ -70.0115885, 41.2852907, 0.0 ], [ -70.0109826, 41.285467, 0.0 ], [ -70.0099772, 41.2857707, 0.0 ], [ -70.0097025, 41.2858487, 0.0 ], [ -70.0092419, 41.2860253, 0.0 ], [ -70.0088823, 41.2861806, 0.0 ], [ -70.0084275, 41.2863521, 0.0 ], [ -70.0057666, 41.2867127, 0.0 ], [ -70.0041428, 41.2869248, 0.0 ], [ -70.004065, 41.2869934, 0.0 ], [ -70.0044763, 41.2875295, 0.0 ], [ -70.0045368, 41.287598, 0.0 ], [ -70.0048029, 41.287899, 0.0 ], [ -70.0049288, 41.2881472, 0.0 ], [ -70.0051456, 41.2883451, 0.0 ], [ -70.0057151, 41.2886374, 0.0 ], [ -70.0060366, 41.2887424, 0.0 ], [ -70.0065224, 41.2890296, 0.0 ], [ -70.0077488, 41.2891143, 0.0 ], [ -70.008529, 41.2888845, 0.0 ], [ -70.0086821, 41.2891334, 0.0 ], [ -70.0085698, 41.2896029, 0.0 ], [ -70.0089642, 41.2902439, 0.0 ] ] ] } },
{ "type": "Feature", "properties": { "Name": "'Sconset Golf Course", "Acres": 72.710602, "Address": "260 Milestone Rd", "Area": 3167260.78094, "FID": 89, "Field_1": "'Sconset Golf Course", "Hunting": false, "Name2": "'Sconset Golf Course", "Owner": "NLB", "Perimeter": 8404.585478000001, "Seller_Nam": null }, "geometry": { "type": "Polygon", "coordinates": [ [ [ -69.9788753, 41.2679256, 0.0 ], [ -69.9794996, 41.2685603, 0.0 ], [ -69.9813377, 41.2692725, 0.0 ], [ -69.9816503, 41.2679295, 0.0 ], [ -69.9817068, 41.2676277, 0.0 ], [ -69.9821254, 41.2666124, 0.0 ], [ -69.9844492, 41.2651304, 0.0 ], [ -69.9838476, 41.2646257, 0.0 ], [ -69.9848298, 41.26253, 0.0 ], [ -69.9848328, 41.2623817, 0.0 ], [ -69.9782223, 41.262287, 0.0 ], [ -69.978059, 41.2630811, 0.0 ], [ -69.9795607, 41.264415, 0.0 ], [ -69.9782854, 41.2652254, 0.0 ], [ -69.9773612, 41.2659573, 0.0 ], [ -69.9773579, 41.2664483, 0.0 ], [ -69.9773519, 41.2673478, 0.0 ], [ -69.9782829, 41.2673424, 0.0 ], [ -69.9788753, 41.2679256, 0.0 ] ] ] } },
{ "type": "Feature", "properties": { "Name": "Codfish Park Playground", "Acres": 0.38638, "Address": "4 Codfish Park Rd", "Area": 16830.661501, "FID": 90, "Field_1": "Codfish Park Playground", "Hunting": null, "Name2": "Codfish Park Playground", "Owner": "NLB", "Perimeter": 572.88913, "Seller_Nam": null }, "geometry": { "type": "Polygon", "coordinates": [ [ [ -69.9630077, 41.2615629, 0.0 ], [ -69.9636956, 41.2617296, 0.0 ], [ -69.9637866, 41.2615469, 0.0 ], [ -69.9636655, 41.2615133, 0.0 ], [ -69.9636748, 41.2614906, 0.0 ], [ -69.9636235, 41.2614754, 0.0 ], [ -69.9633627, 41.2613988, 0.0 ], [ -69.9633559, 41.2613967, 0.0 ], [ -69.9631069, 41.2613235, 0.0 ], [ -69.9630077, 41.2615629, 0.0 ] ] ] } },
{ "type": "Feature", "properties": { "Name": "Codfish Park", "Acres": 0.764821, "Address": "Gully Rd", "Area": 33315.456168999997, "FID": 91, "Field_1": "Codfish Park", "Hunting": null, "Name2": "Codfish Park", "Owner": "NLB", "Perimeter": 848.78939, "Seller_Nam": null }, "geometry": { "type": "Polygon", "coordinates": [ [ [ -69.9619011, 41.2610076, 0.0 ], [ -69.9629896, 41.2613291, 0.0 ], [ -69.9631032, 41.2610517, 0.0 ], [ -69.9620274, 41.2607378, 0.0 ], [ -69.961955, 41.2609185, 0.0 ], [ -69.9619011, 41.2610076, 0.0 ] ] ] } },
{ "type": "Feature", "properties": { "Name": "40th Pole", "Acres": 23.1409, "Address": "151, 155 Eel Point Rd", "Area": 1008015.53658, "FID": 92, "Field_1": "40th Pole", "Hunting": null, "Name2": "40th Pole", "Owner": "NLB", "Perimeter": 4552.956067, "Seller_Nam": null }, "geometry": { "type": "Polygon", "coordinates": [ [ [ -70.1827859, 41.2935495, 0.0 ], [ -70.1827471, 41.2941304, 0.0 ], [ -70.1829526, 41.294144, 0.0 ], [ -70.1830008, 41.2941565, 0.0 ], [ -70.1830355, 41.2934828, 0.0 ], [ -70.1828083, 41.2930553, 0.0 ], [ -70.1826957, 41.2930938, 0.0 ], [ -70.1822682, 41.2925247, 0.0 ], [ -70.1822519, 41.2920413, 0.0 ], [ -70.1821814, 41.2919369, 0.0 ], [ -70.1816039, 41.2914535, 0.0 ], [ -70.1810688, 41.2911067, 0.0 ], [ -70.1809236, 41.2911233, 0.0 ], [ -70.1791219, 41.2913293, 0.0 ], [ -70.1790613, 41.2913362, 0.0 ], [ -70.1782772, 41.2914258, 0.0 ], [ -70.1786009, 41.2923778, 0.0 ], [ -70.1791233, 41.293914, 0.0 ], [ -70.1792739, 41.2939002, 0.0 ], [ -70.1794346, 41.2938766, 0.0 ], [ -70.1796312, 41.2938623, 0.0 ], [ -70.1797762, 41.2938844, 0.0 ], [ -70.1799213, 41.2938848, 0.0 ], [ -70.1800754, 41.2938966, 0.0 ], [ -70.1802446, 41.2938903, 0.0 ], [ -70.1803869, 41.2939066, 0.0 ], [ -70.1812543, 41.2939239, 0.0 ], [ -70.181357, 41.2939424, 0.0 ], [ -70.1816321, 41.2939568, 0.0 ], [ -70.1817349, 41.2939754, 0.0 ], [ -70.1819586, 41.293993, 0.0 ], [ -70.1822816, 41.2940646, 0.0 ], [ -70.1823843, 41.2941014, 0.0 ], [ -70.1825806, 41.2941293, 0.0 ], [ -70.1827112, 41.2941297, 0.0 ], [ -70.182744, 41.2935469, 0.0 ], [ -70.1827859, 41.2935495, 0.0 ] ] ] } },
{ "type": "Feature", "properties": { "Name": "Lily Pond", "Acres": 6.68211, "Address": "8 Wesco Pl", "Area": 291071.50597200001, "FID": 93, "Field_1": "Lily Pond", "Hunting": null, "Name2": "Lily Pond", "Owner": "NLB", "Perimeter": 3575.29349, "Seller_Nam": null }, "geometry": { "type": "Polygon", "coordinates": [ [ [ -70.1038186, 41.2865248, 0.0 ], [ -70.1037672, 41.2864873, 0.0 ], [ -70.1037497, 41.2864745, 0.0 ], [ -70.1037302, 41.2864602, 0.0 ], [ -70.1037188, 41.2864519, 0.0 ], [ -70.1037008, 41.2864387, 0.0 ], [ -70.1037214, 41.2864276, 0.0 ], [ -70.1042496, 41.286139, 0.0 ], [ -70.1045456, 41.2863153, 0.0 ], [ -70.105155, 41.2863579, 0.0 ], [ -70.1054026, 41.2863866, 0.0 ], [ -70.1054625, 41.2857795, 0.0 ], [ -70.1057474, 41.2858884, 0.0 ], [ -70.1058181, 41.2859132, 0.0 ], [ -70.106104, 41.2855648, 0.0 ], [ -70.1061512, 41.2855073, 0.0 ], [ -70.106472, 41.2852237, 0.0 ], [ -70.1064307, 41.2851928, 0.0 ], [ -70.1063917, 41.2851475, 0.0 ], [ -70.1063678, 41.2850947, 0.0 ], [ -70.1063432, 41.2851002, 0.0 ], [ -70.1062966, 41.2849969, 0.0 ], [ -70.1062508, 41.2848933, 0.0 ], [ -70.1062256, 41.284856, 0.0 ], [ -70.1062075, 41.2848294, 0.0 ], [ -70.106018, 41.2846638, 0.0 ], [ -70.1059622, 41.2846378, 0.0 ], [ -70.1059107, 41.2846201, 0.0 ], [ -70.1058849, 41.2848223, 0.0 ], [ -70.1056412, 41.2848173, 0.0 ], [ -70.1056255, 41.2850588, 0.0 ], [ -70.1053643, 41.2850517, 0.0 ], [ -70.1051629, 41.2850416, 0.0 ], [ -70.1049247, 41.2850292, 0.0 ], [ -70.1047081, 41.2849935, 0.0 ], [ -70.1045159, 41.2849423, 0.0 ], [ -70.1042502, 41.2848714, 0.0 ], [ -70.1038345, 41.284762, 0.0 ], [ -70.1038134, 41.2848024, 0.0 ], [ -70.1040483, 41.2848671, 0.0 ], [ -70.1039776, 41.284995, 0.0 ], [ -70.1039093, 41.2851194, 0.0 ], [ -70.1041804, 41.2851944, 0.0 ], [ -70.1042465, 41.2852117, 0.0 ], [ -70.1041396, 41.2853491, 0.0 ], [ -70.1040579, 41.28548, 0.0 ], [ -70.1044608, 41.2856584, 0.0 ], [ -70.1044029, 41.2856816, 0.0 ], [ -70.1043488, 41.2857157, 0.0 ], [ -70.104318, 41.2857375, 0.0 ], [ -70.1042749, 41.2857647, 0.0 ], [ -70.1042688, 41.285768, 0.0 ], [ -70.104224, 41.285792, 0.0 ], [ -70.1041969, 41.2858097, 0.0 ], [ -70.1041735, 41.2858328, 0.0 ], [ -70.1041193, 41.2858519, 0.0 ], [ -70.104067, 41.2858956, 0.0 ], [ -70.1040253, 41.2859242, 0.0 ], [ -70.1039858, 41.2859528, 0.0 ], [ -70.1039385, 41.28598, 0.0 ], [ -70.1038954, 41.2860032, 0.0 ], [ -70.1038683, 41.2860223, 0.0 ], [ -70.1038119, 41.2860564, 0.0 ], [ -70.1037761, 41.2860877, 0.0 ], [ -70.1037343, 41.2861204, 0.0 ], [ -70.1037036, 41.2861395, 0.0 ], [ -70.1036655, 41.2861613, 0.0 ], [ -70.1036306, 41.2861749, 0.0 ], [ -70.1035526, 41.2862104, 0.0 ], [ -70.1035292, 41.2862322, 0.0 ], [ -70.1034905, 41.2862572, 0.0 ], [ -70.1034165, 41.2863055, 0.0 ], [ -70.1033899, 41.2863226, 0.0 ], [ -70.1033755, 41.2863317, 0.0 ], [ -70.1033323, 41.2863589, 0.0 ], [ -70.1033227, 41.2863668, 0.0 ], [ -70.1033194, 41.2863694, 0.0 ], [ -70.1033155, 41.2863725, 0.0 ], [ -70.1033123, 41.2863751, 0.0 ], [ -70.1033098, 41.286377, 0.0 ], [ -70.1033074, 41.2863789, 0.0 ], [ -70.1033007, 41.2863833, 0.0 ], [ -70.1032956, 41.2863863, 0.0 ], [ -70.1032904, 41.2863892, 0.0 ], [ -70.1032899, 41.2863895, 0.0 ], [ -70.1032852, 41.2863922, 0.0 ], [ -70.1032653, 41.2864036, 0.0 ], [ -70.1032592, 41.2864083, 0.0 ], [ -70.1032453, 41.2864188, 0.0 ], [ -70.1032427, 41.2864207, 0.0 ], [ -70.1032399, 41.2864228, 0.0 ], [ -70.1032378, 41.2864244, 0.0 ], [ -70.1032355, 41.2864261, 0.0 ], [ -70.1032332, 41.2864279, 0.0 ], [ -70.103231, 41.2864296, 0.0 ], [ -70.1032297, 41.2864305, 0.0 ], [ -70.1032278, 41.2864317, 0.0 ], [ -70.1032245, 41.2864339, 0.0 ], [ -70.1032227, 41.286435, 0.0 ], [ -70.1032136, 41.2864409, 0.0 ], [ -70.1030975, 41.2865145, 0.0 ], [ -70.1030365, 41.2865596, 0.0 ], [ -70.1029806, 41.286602, 0.0 ], [ -70.1032063, 41.2867261, 0.0 ], [ -70.1033316, 41.2867949, 0.0 ], [ -70.1038186, 41.2865248, 0.0 ] ] ] } },
{ "type": "Feature", "properties": { "Name": "State Forest", "Acres": 34.797199, "Address": "30, 40 Milestone Rd", "Area": 1515761.0015, "FID": 94, "Field_1": "State Forest", "Hunting": null, "Name2": "State Forest", "Owner": "NLB", "Perimeter": 7228.244161, "Seller_Nam": null }, "geometry": { "type": "Polygon", "coordinates": [ [ [ -70.0764401, 41.2709897, 0.0 ], [ -70.073977, 41.2709754, 0.0 ], [ -70.0709978, 41.270958, 0.0 ], [ -70.0707784, 41.2709286, 0.0 ], [ -70.0705234, 41.2716009, 0.0 ], [ -70.0734906, 41.2722109, 0.0 ], [ -70.0728978, 41.2737159, 0.0 ], [ -70.0728844, 41.2737511, 0.0 ], [ -70.0715605, 41.2771128, 0.0 ], [ -70.0742131, 41.275644, 0.0 ], [ -70.0752222, 41.2735349, 0.0 ], [ -70.0752374, 41.2735028, 0.0 ], [ -70.0763645, 41.2711476, 0.0 ], [ -70.0764401, 41.2709897, 0.0 ] ] ] } },
{ "type": "Feature", "properties": { "Name": "Esther's Island", "Acres": 8.53902, "Address": "0000 Esther Island", "Area": 371958.27824800002, "FID": 95, "Field_1": "Esther's Island", "Hunting": null, "Name2": "Esther's Island", "Owner": "NLB", "Perimeter": 2677.445801, "Seller_Nam": null }, "geometry": { "type": "Polygon", "coordinates": [ [ [ -70.2199415, 41.2773106, 0.0 ], [ -70.2202643, 41.2770139, 0.0 ], [ -70.2202511, 41.2770081, 0.0 ], [ -70.2202202, 41.2769937, 0.0 ], [ -70.2201894, 41.276979, 0.0 ], [ -70.220159, 41.2769639, 0.0 ], [ -70.220129, 41.2769486, 0.0 ], [ -70.2200991, 41.276933, 0.0 ], [ -70.2200696, 41.276917, 0.0 ], [ -70.2200401, 41.2769007, 0.0 ], [ -70.2200111, 41.2768842, 0.0 ], [ -70.2199825, 41.2768673, 0.0 ], [ -70.2199539, 41.2768502, 0.0 ], [ -70.2199258, 41.2768328, 0.0 ], [ -70.2197986, 41.2767978, 0.0 ], [ -70.2197641, 41.2767886, 0.0 ], [ -70.2197291, 41.2767814, 0.0 ], [ -70.2196932, 41.2767764, 0.0 ], [ -70.2196573, 41.2767735, 0.0 ], [ -70.2196209, 41.2767728, 0.0 ], [ -70.2195845, 41.2767742, 0.0 ], [ -70.2195213, 41.2767712, 0.0 ], [ -70.219485, 41.2767684, 0.0 ], [ -70.2194491, 41.2767648, 0.0 ], [ -70.2194131, 41.2767605, 0.0 ], [ -70.2193772, 41.2767553, 0.0 ], [ -70.2193418, 41.2767494, 0.0 ], [ -70.2193068, 41.2767427, 0.0 ], [ -70.2192691, 41.2767332, 0.0 ], [ -70.219235, 41.2767239, 0.0 ], [ -70.219201, 41.2767142, 0.0 ], [ -70.2191674, 41.2767041, 0.0 ], [ -70.2191338, 41.2766935, 0.0 ], [ -70.2191002, 41.2766825, 0.0 ], [ -70.2190675, 41.2766711, 0.0 ], [ -70.2190343, 41.2766593, 0.0 ], [ -70.2190016, 41.2766471, 0.0 ], [ -70.2189694, 41.2766345, 0.0 ], [ -70.2189376, 41.2766215, 0.0 ], [ -70.2189058, 41.276608, 0.0 ], [ -70.2188863, 41.2765995, 0.0 ], [ -70.2183932, 41.2768481, 0.0 ], [ -70.2183663, 41.2768616, 0.0 ], [ -70.2182484, 41.2768846, 0.0 ], [ -70.2172499, 41.2770795, 0.0 ], [ -70.2171006, 41.2771086, 0.0 ], [ -70.216881, 41.2771515, 0.0 ], [ -70.2162736, 41.27727, 0.0 ], [ -70.2161948, 41.277287, 0.0 ], [ -70.2162574, 41.2773264, 0.0 ], [ -70.2166888, 41.2775752, 0.0 ], [ -70.2168966, 41.2776877, 0.0 ], [ -70.2169102, 41.2776993, 0.0 ], [ -70.216922, 41.2777092, 0.0 ], [ -70.2169265, 41.2777172, 0.0 ], [ -70.2185492, 41.2784295, 0.0 ], [ -70.2186304, 41.2783734, 0.0 ], [ -70.2189451, 41.2781651, 0.0 ], [ -70.2192082, 41.2779909, 0.0 ], [ -70.2192588, 41.2779577, 0.0 ], [ -70.2193922, 41.2778344, 0.0 ], [ -70.219447, 41.2777809, 0.0 ], [ -70.2194771, 41.2777536, 0.0 ], [ -70.2195562, 41.2776649, 0.0 ], [ -70.2196187, 41.2776073, 0.0 ], [ -70.2199415, 41.2773106, 0.0 ] ] ] } },
{ "type": "Feature", "properties": { "Name": "Esther's Island", "Acres": 0.083555, "Address": "Esther Island", "Area": 3639.624976, "FID": 96, "Field_1": "Esther's Island", "Hunting": null, "Name2": "Esther's Island", "Owner": "NLB", "Perimeter": 251.401588, "Seller_Nam": null }, "geometry": { "type": "Polygon", "coordinates": [ [ [ -70.224528, 41.2786473, 0.0 ], [ -70.224378, 41.278835, 0.0 ], [ -70.2245206, 41.2788977, 0.0 ], [ -70.2246724, 41.2787077, 0.0 ], [ -70.2246279, 41.2786896, 0.0 ], [ -70.224528, 41.2786473, 0.0 ] ] ] } },
{ "type": "Feature", "properties": { "Name": "Esther's Island", "Acres": 0.084486, "Address": "Esther Island", "Area": 3680.194834, "FID": 97, "Field_1": "Esther's Island", "Hunting": null, "Name2": "Esther's Island", "Owner": "NLB", "Perimeter": 252.696351, "Seller_Nam": null }, "geometry": { "type": "Polygon", "coordinates": [ [ [ -70.2243688, 41.2790875, 0.0 ], [ -70.2245206, 41.2788977, 0.0 ], [ -70.224378, 41.278835, 0.0 ], [ -70.2242249, 41.2790243, 0.0 ], [ -70.2243688, 41.2790875, 0.0 ] ] ] } },
{ "type": "Feature", "properties": { "Name": "Esther's Island", "Acres": 0.405791, "Address": "Esther Island", "Area": 17676.163985, "FID": 98, "Field_1": "Esther's Island", "Hunting": null, "Name2": "Esther's Island", "Owner": "NLB", "Perimeter": 1463.857685, "Seller_Nam": null }, "geometry": { "type": "Polygon", "coordinates": [ [ [ -70.2212062, 41.2802889, 0.0 ], [ -70.2204594, 41.2801938, 0.0 ], [ -70.220418, 41.2801885, 0.0 ], [ -70.2203762, 41.2801832, 0.0 ], [ -70.2203053, 41.2801742, 0.0 ], [ -70.2199649, 41.2801299, 0.0 ], [ -70.2196635, 41.2800912, 0.0 ], [ -70.2188005, 41.2798448, 0.0 ], [ -70.2187127, 41.2799689, 0.0 ], [ -70.2187649, 41.279976, 0.0 ], [ -70.2188581, 41.279997, 0.0 ], [ -70.2190744, 41.2800339, 0.0 ], [ -70.2191921, 41.2800492, 0.0 ], [ -70.2193189, 41.2800656, 0.0 ], [ -70.2194107, 41.2800809, 0.0 ], [ -70.2196393, 41.2801258, 0.0 ], [ -70.2196711, 41.2801316, 0.0 ], [ -70.2197692, 41.2801492, 0.0 ], [ -70.2198702, 41.2801576, 0.0 ], [ -70.2199543, 41.2801693, 0.0 ], [ -70.2200288, 41.2801787, 0.0 ], [ -70.2201101, 41.2801939, 0.0 ], [ -70.2202665, 41.2802237, 0.0 ], [ -70.2203232, 41.2802354, 0.0 ], [ -70.2204178, 41.2802541, 0.0 ], [ -70.2204637, 41.2802646, 0.0 ], [ -70.2205664, 41.2802717, 0.0 ], [ -70.220655, 41.2802812, 0.0 ], [ -70.2207282, 41.2802941, 0.0 ], [ -70.2208277, 41.2803116, 0.0 ], [ -70.220969, 41.2803449, 0.0 ], [ -70.2210472, 41.2803647, 0.0 ], [ -70.2210931, 41.2803694, 0.0 ], [ -70.2211694, 41.2803831, 0.0 ], [ -70.2212062, 41.2802889, 0.0 ] ] ] } },
{ "type": "Feature", "properties": { "Name": "Esther's Island", "Acres": 0.066036, "Address": "Esther Island", "Area": 2876.502147, "FID": 99, "Field_1": "Esther's Island", "Hunting": null, "Name2": "Esther's Island", "Owner": "NLB", "Perimeter": 230.770329, "Seller_Nam": null }, "geometry": { "type": "Polygon", "coordinates": [ [ [ -70.2267501, 41.2803469, 0.0 ], [ -70.2267435, 41.2802385, 0.0 ], [ -70.2266114, 41.2802425, 0.0 ], [ -70.2266237, 41.2804585, 0.0 ], [ -70.2267566, 41.2804554, 0.0 ], [ -70.2267501, 41.2803469, 0.0 ] ] ] } },
{ "type": "Feature", "properties": { "Name": "Esther's Island", "Acres": 0.289387, "Address": "Esther Island", "Area": 12605.645398000001, "FID": 100, "Field_1": "Esther's Island", "Hunting": null, "Name2": "Esther's Island", "Owner": "NLB", "Perimeter": 527.763661, "Seller_Nam": null }, "geometry": { "type": "Polygon", "coordinates": [ [ [ -70.2246561, 41.2792129, 0.0 ], [ -70.2248173, 41.2792833, 0.0 ], [ -70.2249682, 41.2790927, 0.0 ], [ -70.2248097, 41.2790236, 0.0 ], [ -70.2249574, 41.2788359, 0.0 ], [ -70.2247863, 41.2787612, 0.0 ], [ -70.2246418, 41.2789505, 0.0 ], [ -70.224495, 41.2791425, 0.0 ], [ -70.2246561, 41.2792129, 0.0 ] ] ] } },
{ "type": "Feature", "properties": { "Name": "Wade Cottages", "Acres": 2.37137, "Address": "Shell St", "Area": 103296.666662, "FID": 101, "Field_1": "Wade Cottages", "Hunting": null, "Name2": "Wade Cottages", "Owner": "NLB", "Perimeter": 1598.385356, "Seller_Nam": null }, "geometry": { "type": "Polygon", "coordinates": [ [ [ -69.9621797, 41.2642268, 0.0 ], [ -69.9622116, 41.2641537, 0.0 ], [ -69.9620641, 41.2641034, 0.0 ], [ -69.9620442, 41.2640958, 0.0 ], [ -69.9620374, 41.2641092, 0.0 ], [ -69.961987, 41.2642092, 0.0 ], [ -69.9616922, 41.2641822, 0.0 ], [ -69.9615263, 41.2641671, 0.0 ], [ -69.9612838, 41.2641449, 0.0 ], [ -69.9610661, 41.2641249, 0.0 ], [ -69.960704, 41.2640918, 0.0 ], [ -69.9605791, 41.2640804, 0.0 ], [ -69.9605618, 41.2641333, 0.0 ], [ -69.9605514, 41.2641772, 0.0 ], [ -69.9605318, 41.2642414, 0.0 ], [ -69.9605234, 41.2642727, 0.0 ], [ -69.9605149, 41.2643024, 0.0 ], [ -69.9604917, 41.2643587, 0.0 ], [ -69.9604851, 41.2643885, 0.0 ], [ -69.9604744, 41.2644182, 0.0 ], [ -69.96047, 41.2644558, 0.0 ], [ -69.9604616, 41.2644824, 0.0 ], [ -69.9604255, 41.2645591, 0.0 ], [ -69.9603991, 41.2646236, 0.0 ], [ -69.9605304, 41.2646351, 0.0 ], [ -69.9611245, 41.2646871, 0.0 ], [ -69.9613013, 41.2647026, 0.0 ], [ -69.9625122, 41.2648085, 0.0 ], [ -69.9625417, 41.2646048, 0.0 ], [ -69.9623143, 41.264546, 0.0 ], [ -69.9621431, 41.2645206, 0.0 ], [ -69.9621797, 41.2642268, 0.0 ] ] ] } },
{ "type": "Feature", "properties": { "Name": "Low Beach", "Acres": 0.706392, "Address": "18 Ocean Av", "Area": 30770.323391999998, "FID": 102, "Field_1": "Low Beach", "Hunting": null, "Name2": "Low Beach", "Owner": "NLB", "Perimeter": 804.486758, "Seller_Nam": null }, "geometry": { "type": "Polygon", "coordinates": [ [ [ -69.9634244, 41.260145, 0.0 ], [ -69.9635525, 41.2598791, 0.0 ], [ -69.9633823, 41.2598465, 0.0 ], [ -69.9624976, 41.2596768, 0.0 ], [ -69.9623722, 41.2599456, 0.0 ], [ -69.9632355, 41.2601092, 0.0 ], [ -69.9634244, 41.260145, 0.0 ] ] ] } },
{ "type": "Feature", "properties": { "Name": "Low Beach", "Acres": 6.201, "Address": "28, 28 R, 32, 36 Ocean Av", "Area": 270114.39429500001, "FID": 103, "Field_1": "Low Beach", "Hunting": null, "Name2": "Low Beach", "Owner": "NLB", "Perimeter": 2109.171511, "Seller_Nam": null }, "geometry": { "type": "Polygon", "coordinates": [ [ [ -69.9647878, 41.25965, 0.0 ], [ -69.9653465, 41.2586627, 0.0 ], [ -69.9651313, 41.2585708, 0.0 ], [ -69.9650008, 41.2585152, 0.0 ], [ -69.9648386, 41.258446, 0.0 ], [ -69.9641865, 41.2581775, 0.0 ], [ -69.9636905, 41.2579733, 0.0 ], [ -69.9633678, 41.2578404, 0.0 ], [ -69.9633223, 41.2579552, 0.0 ], [ -69.9630863, 41.2584061, 0.0 ], [ -69.9629509, 41.2586737, 0.0 ], [ -69.9628351, 41.2589322, 0.0 ], [ -69.9628185, 41.2589661, 0.0 ], [ -69.9627665, 41.2590449, 0.0 ], [ -69.9627326, 41.2591265, 0.0 ], [ -69.9631002, 41.2592198, 0.0 ], [ -69.9636129, 41.2593501, 0.0 ], [ -69.96439, 41.2595474, 0.0 ], [ -69.9645315, 41.2595813, 0.0 ], [ -69.9647878, 41.25965, 0.0 ] ] ] } },
{ "type": "Feature", "properties": { "Name": "Low Beach", "Acres": 16.7876, "Address": "2, 4, 6, 8, 10 Low Beach Rd", "Area": 731264.21514300001, "FID": 104, "Field_1": "Low Beach", "Hunting": null, "Name2": "Low Beach", "Owner": "NLB", "Perimeter": 3890.241697, "Seller_Nam": null }, "geometry": { "type": "Polygon", "coordinates": [ [ [ -69.9682605, 41.2556084, 0.0 ], [ -69.9678099, 41.255347, 0.0 ], [ -69.9662524, 41.2544438, 0.0 ], [ -69.9658202, 41.2541931, 0.0 ], [ -69.9654742, 41.2539925, 0.0 ], [ -69.9649124, 41.2548214, 0.0 ], [ -69.964581, 41.2553197, 0.0 ], [ -69.964499, 41.2554432, 0.0 ], [ -69.9644603, 41.255508, 0.0 ], [ -69.9643073, 41.2557633, 0.0 ], [ -69.9642312, 41.2558906, 0.0 ], [ -69.9641137, 41.2560866, 0.0 ], [ -69.9643226, 41.2561911, 0.0 ], [ -69.9647016, 41.2563805, 0.0 ], [ -69.9651516, 41.2566054, 0.0 ], [ -69.9662373, 41.2571403, 0.0 ], [ -69.9658954, 41.257525, 0.0 ], [ -69.9657637, 41.2576735, 0.0 ], [ -69.9658782, 41.2577369, 0.0 ], [ -69.9660145, 41.2575857, 0.0 ], [ -69.9660819, 41.2575114, 0.0 ], [ -69.9663599, 41.257203, 0.0 ], [ -69.9666281, 41.2573297, 0.0 ], [ -69.9667243, 41.2572354, 0.0 ], [ -69.9666981, 41.2572174, 0.0 ], [ -69.9667632, 41.2571512, 0.0 ], [ -69.9668636, 41.2570495, 0.0 ], [ -69.967058, 41.2568415, 0.0 ], [ -69.9672149, 41.2566737, 0.0 ], [ -69.9674661, 41.2564174, 0.0 ], [ -69.9682605, 41.2556084, 0.0 ] ] ] } },
{ "type": "Feature", "properties": { "Name": "Low Beach", "Acres": 0.355092, "Address": "20 Low Beach Rd", "Area": 15467.736584, "FID": 105, "Field_1": "Low Beach", "Hunting": null, "Name2": "Low Beach", "Owner": "NLB", "Perimeter": 560.560475, "Seller_Nam": null }, "geometry": { "type": "Polygon", "coordinates": [ [ [ -69.9682627, 41.2553976, 0.0 ], [ -69.9683872, 41.2555084, 0.0 ], [ -69.9689624, 41.2551605, 0.0 ], [ -69.9687191, 41.2549547, 0.0 ], [ -69.9682627, 41.2553976, 0.0 ] ] ] } },
{ "type": "Feature", "properties": { "Name": "Low Beach", "Acres": 1.37019, "Address": "14 Low Beach Rd", "Area": 59685.364303000002, "FID": 106, "Field_1": "Low Beach", "Hunting": null, "Name2": "Low Beach", "Owner": "NLB", "Perimeter": 1002.012954, "Seller_Nam": null }, "geometry": { "type": "Polygon", "coordinates": [ [ [ -69.968019, 41.2551745, 0.0 ], [ -69.9684652, 41.2547508, 0.0 ], [ -69.9677914, 41.2541504, 0.0 ], [ -69.9672528, 41.2545303, 0.0 ], [ -69.968019, 41.2551745, 0.0 ] ] ] } },
{ "type": "Feature", "properties": { "Name": "Low Beach", "Acres": 1.07384, "Address": "14 Low Beach Rd", "Area": 46776.231149, "FID": 107, "Field_1": "Low Beach", "Hunting": null, "Name2": "Low Beach", "Owner": "NLB", "Perimeter": 870.345642, "Seller_Nam": null }, "geometry": { "type": "Polygon", "coordinates": [ [ [ -69.9676769, 41.2540815, 0.0 ], [ -69.9670999, 41.2535946, 0.0 ], [ -69.9665662, 41.2539386, 0.0 ], [ -69.9671539, 41.2544422, 0.0 ], [ -69.9676769, 41.2540815, 0.0 ] ] ] } },
{ "type": "Feature", "properties": { "Name": "Low Beach", "Acres": 0.262602, "Address": "14 Low Beach Rd", "Area": 11438.881441, "FID": 108, "Field_1": "Low Beach", "Hunting": null, "Name2": "Low Beach", "Owner": "NLB", "Perimeter": 526.955802, "Seller_Nam": null }, "geometry": { "type": "Polygon", "coordinates": [ [ [ -69.9671259, 41.254593, 0.0 ], [ -69.9669302, 41.2547333, 0.0 ], [ -69.9675361, 41.2550784, 0.0 ], [ -69.9676362, 41.255012, 0.0 ], [ -69.9671259, 41.254593, 0.0 ] ] ] } },
{ "type": "Feature", "properties": { "Name": "Low Beach", "Acres": 0.569561, "Address": "14 Low Beach Rd", "Area": 24809.990623000002, "FID": 109, "Field_1": "Low Beach", "Hunting": null, "Name2": "Low Beach", "Owner": "NLB", "Perimeter": 699.842387, "Seller_Nam": null }, "geometry": { "type": "Polygon", "coordinates": [ [ [ -69.9670306, 41.2545162, 0.0 ], [ -69.9664382, 41.2540173, 0.0 ], [ -69.9660882, 41.2542369, 0.0 ], [ -69.9662855, 41.2543494, 0.0 ], [ -69.9668258, 41.2546577, 0.0 ], [ -69.9670306, 41.2545162, 0.0 ] ] ] } },
{ "type": "Feature", "properties": { "Name": "Meadowview Drive", "Acres": 4.32073, "Address": "31, 47 Meadowview Dr", "Area": 188210.053121, "FID": 110, "Field_1": "Meadowview Drive", "Hunting": null, "Name2": "Meadowview Drive", "Owner": "NLB", "Perimeter": 2339.637179, "Seller_Nam": null }, "geometry": { "type": "Polygon", "coordinates": [ [ [ -70.1148304, 41.2731539, 0.0 ], [ -70.1155797, 41.2728689, 0.0 ], [ -70.1156965, 41.2728693, 0.0 ], [ -70.1157734, 41.2728678, 0.0 ], [ -70.1161554, 41.2728523, 0.0 ], [ -70.1165957, 41.2731084, 0.0 ], [ -70.1173687, 41.2729655, 0.0 ], [ -70.1172791, 41.2728236, 0.0 ], [ -70.1172671, 41.2728045, 0.0 ], [ -70.1172421, 41.2727787, 0.0 ], [ -70.1172177, 41.2727577, 0.0 ], [ -70.116937, 41.2725722, 0.0 ], [ -70.1169317, 41.2725687, 0.0 ], [ -70.1167525, 41.2724503, 0.0 ], [ -70.1161921, 41.272102, 0.0 ], [ -70.1159301, 41.2716488, 0.0 ], [ -70.1159074, 41.2714176, 0.0 ], [ -70.1152473, 41.2716946, 0.0 ], [ -70.115189, 41.2717191, 0.0 ], [ -70.1153057, 41.2721357, 0.0 ], [ -70.1154264, 41.2725678, 0.0 ], [ -70.1147149, 41.2729956, 0.0 ], [ -70.1148304, 41.2731539, 0.0 ] ] ] } },
{ "type": "Feature", "properties": { "Name": "Madaquecham/Coffin Setoff", "Acres": 0.341468, "Address": "22 Bunker Rd", "Area": 14874.285427000001, "FID": 111, "Field_1": "Madaquecham/Coffin Setoff", "Hunting": null, "Name2": "Madaquecham/Coffin Setoff", "Owner": "NLB", "Perimeter": 636.543697, "Seller_Nam": null }, "geometry": { "type": "Polygon", "coordinates": [ [ [ -70.0487734, 41.2603052, 0.0 ], [ -70.0487777, 41.2603297, 0.0 ], [ -70.0487899, 41.260385, 0.0 ], [ -70.0487961, 41.2604107, 0.0 ], [ -70.0488098, 41.2604317, 0.0 ], [ -70.0488412, 41.2604662, 0.0 ], [ -70.04887, 41.2605006, 0.0 ], [ -70.0488951, 41.2605312, 0.0 ], [ -70.0491187, 41.2604742, 0.0 ], [ -70.0497581, 41.2603112, 0.0 ], [ -70.049754, 41.260243, 0.0 ], [ -70.0487734, 41.2603052, 0.0 ] ] ] } },
{ "type": "Feature", "properties": { "Name": "Madaket", "Acres": 0.092572, "Address": "Madaket", "Area": 4032.42851, "FID": 112, "Field_1": "Madaket", "Hunting": null, "Name2": "Madaket", "Owner": "NLB", "Perimeter": 261.122714, "Seller_Nam": null }, "geometry": { "type": "Polygon", "coordinates": [ [ [ -70.2086477, 41.2723904, 0.0 ], [ -70.2086114, 41.2721715, 0.0 ], [ -70.2084294, 41.2721883, 0.0 ], [ -70.2084675, 41.2724072, 0.0 ], [ -70.2086477, 41.2723904, 0.0 ] ] ] } },
{ "type": "Feature", "properties": { "Name": "Nobadeer", "Acres": 0.719538, "Address": "Nobadeer", "Area": 31342.955362000001, "FID": 113, "Field_1": "Nobadeer", "Hunting": null, "Name2": "Nobadeer", "Owner": "NLB", "Perimeter": 724.571436, "Seller_Nam": null }, "geometry": { "type": "Polygon", "coordinates": [ [ [ -70.0704131, 41.2441636, 0.0 ], [ -70.0703691, 41.244566, 0.0 ], [ -70.0710769, 41.2446268, 0.0 ], [ -70.0711092, 41.2443603, 0.0 ], [ -70.0711345, 41.2441512, 0.0 ], [ -70.071137, 41.2441312, 0.0 ], [ -70.0709477, 41.2441523, 0.0 ], [ -70.0706303, 41.2441768, 0.0 ], [ -70.0704131, 41.2441636, 0.0 ] ] ] } },
{ "type": "Feature", "properties": { "Name": "Nobadeer", "Acres": 0.940546, "Address": "Nobadeer", "Area": 40970.038349000002, "FID": 114, "Field_1": "Nobadeer", "Hunting": null, "Name2": "Nobadeer", "Owner": "NLB", "Perimeter": 1012.526922, "Seller_Nam": null }, "geometry": { "type": "Polygon", "coordinates": [ [ [ -70.0693913, 41.2441641, 0.0 ], [ -70.0692358, 41.2441655, 0.0 ], [ -70.0689268, 41.2441682, 0.0 ], [ -70.0684742, 41.2441452, 0.0 ], [ -70.0681684, 41.2441269, 0.0 ], [ -70.0679436, 41.2441122, 0.0 ], [ -70.0679232, 41.2442276, 0.0 ], [ -70.0679222, 41.2442332, 0.0 ], [ -70.0678973, 41.2443741, 0.0 ], [ -70.0693429, 41.2444851, 0.0 ], [ -70.0693654, 41.2443356, 0.0 ], [ -70.0693709, 41.2442994, 0.0 ], [ -70.0693913, 41.2441641, 0.0 ] ] ] } },
{ "type": "Feature", "properties": { "Name": "Nobadeer", "Acres": 0.782925, "Address": "Nobadeer", "Area": 34104.07339, "FID": 115, "Field_1": "Nobadeer", "Hunting": null, "Name2": "Nobadeer", "Owner": "NLB", "Perimeter": 959.169219, "Seller_Nam": null }, "geometry": { "type": "Polygon", "coordinates": [ [ [ -70.0676587, 41.2440845, 0.0 ], [ -70.0674047, 41.2440728, 0.0 ], [ -70.0672294, 41.244055, 0.0 ], [ -70.0667881, 41.2440448, 0.0 ], [ -70.0666803, 41.2440615, 0.0 ], [ -70.0664989, 41.2440694, 0.0 ], [ -70.0663407, 41.2440688, 0.0 ], [ -70.0661861, 41.2440816, 0.0 ], [ -70.0661828, 41.2441841, 0.0 ], [ -70.0661809, 41.2442423, 0.0 ], [ -70.0671317, 41.244314, 0.0 ], [ -70.067194, 41.2443187, 0.0 ], [ -70.0676133, 41.2443516, 0.0 ], [ -70.0676218, 41.2443019, 0.0 ], [ -70.0676299, 41.2442541, 0.0 ], [ -70.0676587, 41.2440845, 0.0 ] ] ] } },
{ "type": "Feature", "properties": { "Name": "Madaquecham", "Acres": 58.958099, "Address": "Surfside, Madequecham Vly Rd", "Area": 2568206.7114900001, "FID": 116, "Field_1": "Madaquecham", "Hunting": null, "Name2": "Madaquecham", "Owner": "NLB", "Perimeter": 9863.401842, "Seller_Nam": null }, "geometry": { "type": "MultiPolygon", "coordinates": [ [ [ [ -70.0475422, 41.2460501, 0.0 ], [ -70.0474913, 41.2462461, 0.0 ], [ -70.0474437, 41.2464928, 0.0 ], [ -70.0486635, 41.2465897, 0.0 ], [ -70.0497452, 41.2466745, 0.0 ], [ -70.050478, 41.246732, 0.0 ], [ -70.0508632, 41.2467659, 0.0 ], [ -70.0509463, 41.2467731, 0.0 ], [ -70.051984, 41.2468542, 0.0 ], [ -70.0527458, 41.2469137, 0.0 ], [ -70.0528294, 41.2469219, 0.0 ], [ -70.0528917, 41.2469221, 0.0 ], [ -70.0529959, 41.2469068, 0.0 ], [ -70.0530484, 41.2468678, 0.0 ], [ -70.0530487, 41.2468206, 0.0 ], [ -70.0531247, 41.2462735, 0.0 ], [ -70.0533406, 41.2449488, 0.0 ], [ -70.0519991, 41.2448423, 0.0 ], [ -70.0520116, 41.2447419, 0.0 ], [ -70.0521579, 41.2435725, 0.0 ], [ -70.0521737, 41.2434456, 0.0 ], [ -70.0522011, 41.2432273, 0.0 ], [ -70.0521354, 41.2432539, 0.0 ], [ -70.0520881, 41.2432671, 0.0 ], [ -70.0520435, 41.2432639, 0.0 ], [ -70.0519457, 41.2432845, 0.0 ], [ -70.0518623, 41.2433066, 0.0 ], [ -70.0517732, 41.2433152, 0.0 ], [ -70.0516964, 41.2433194, 0.0 ], [ -70.0515355, 41.2433725, 0.0 ], [ -70.0514965, 41.243365, 0.0 ], [ -70.0513281, 41.2433314, 0.0 ], [ -70.0513047, 41.2432999, 0.0 ], [ -70.0512931, 41.243273, 0.0 ], [ -70.05121, 41.2432592, 0.0 ], [ -70.0511091, 41.2432544, 0.0 ], [ -70.05105, 41.2432497, 0.0 ], [ -70.0510084, 41.2432226, 0.0 ], [ -70.0509134, 41.2432223, 0.0 ], [ -70.0508131, 41.2432084, 0.0 ], [ -70.0506933, 41.2431686, 0.0 ], [ -70.0506175, 41.2431539, 0.0 ], [ -70.050564, 41.2431403, 0.0 ], [ -70.0504631, 41.2431354, 0.0 ], [ -70.0501906, 41.243103, 0.0 ], [ -70.0500779, 41.2431026, 0.0 ], [ -70.0499474, 41.2431088, 0.0 ], [ -70.0499096, 41.2431181, 0.0 ], [ -70.049793, 41.2430902, 0.0 ], [ -70.0497577, 41.2430722, 0.0 ], [ -70.0495824, 41.2432612, 0.0 ], [ -70.0495405, 41.2433063, 0.0 ], [ -70.0492453, 41.2436247, 0.0 ], [ -70.0492152, 41.2439004, 0.0 ], [ -70.0489963, 41.2440693, 0.0 ], [ -70.048973, 41.2444246, 0.0 ], [ -70.0489496, 41.244512, 0.0 ], [ -70.0489235, 41.244609, 0.0 ], [ -70.0488213, 41.2449916, 0.0 ], [ -70.0484251, 41.2449683, 0.0 ], [ -70.0475422, 41.2460501, 0.0 ] ] ], [ [ [ -70.0583144, 41.2473361, 0.0 ], [ -70.0584651, 41.2470341, 0.0 ], [ -70.05882, 41.2463035, 0.0 ], [ -70.0591477, 41.2456311, 0.0 ], [ -70.0589447, 41.2453962, 0.0 ], [ -70.053476, 41.2449595, 0.0 ], [ -70.0531737, 41.2467661, 0.0 ], [ -70.0531731, 41.2468525, 0.0 ], [ -70.0531727, 41.2469075, 0.0 ], [ -70.0531934, 41.246939, 0.0 ], [ -70.0532352, 41.2469392, 0.0 ], [ -70.053287, 41.2469394, 0.0 ], [ -70.0583144, 41.2473361, 0.0 ] ] ] ] } },
{ "type": "Feature", "properties": { "Name": "Tom Nevers", "Acres": 8.02585, "Address": "Tom Nevers", "Area": 349604.47418600001, "FID": 117, "Field_1": "Tom Nevers", "Hunting": null, "Name2": "Tom Nevers", "Owner": "NLB", "Perimeter": 2499.166479, "Seller_Nam": null }, "geometry": { "type": "Polygon", "coordinates": [ [ [ -70.0079063, 41.238875, 0.0 ], [ -70.008869, 41.2410472, 0.0 ], [ -70.0089025, 41.2411226, 0.0 ], [ -70.0101557, 41.2406796, 0.0 ], [ -70.0098121, 41.2392437, 0.0 ], [ -70.0097839, 41.239126, 0.0 ], [ -70.0096639, 41.2386242, 0.0 ], [ -70.0095689, 41.2386291, 0.0 ], [ -70.009406, 41.2386516, 0.0 ], [ -70.0092458, 41.2386718, 0.0 ], [ -70.0092035, 41.2386798, 0.0 ], [ -70.0091607, 41.2386863, 0.0 ], [ -70.0091175, 41.2386914, 0.0 ], [ -70.0090743, 41.2386952, 0.0 ], [ -70.0086546, 41.238783, 0.0 ], [ -70.0086132, 41.2387927, 0.0 ], [ -70.0085709, 41.2388007, 0.0 ], [ -70.0085276, 41.2388069, 0.0 ], [ -70.0084844, 41.2388113, 0.0 ], [ -70.0084421, 41.2388185, 0.0 ], [ -70.0083993, 41.2388243, 0.0 ], [ -70.008353, 41.2388258, 0.0 ], [ -70.0083129, 41.2388382, 0.0 ], [ -70.0082714, 41.2388484, 0.0 ], [ -70.0082291, 41.2388564, 0.0 ], [ -70.0081859, 41.2388622, 0.0 ], [ -70.0081427, 41.2388658, 0.0 ], [ -70.008099, 41.238867, 0.0 ], [ -70.0080636, 41.2388663, 0.0 ], [ -70.0079063, 41.238875, 0.0 ] ] ] } },
{ "type": "Feature", "properties": { "Name": "Tom Nevers", "Acres": 14.2974, "Address": "1, 5 Wanoma Wy", "Area": 622790.61245200003, "FID": 118, "Field_1": "Tom Nevers", "Hunting": null, "Name2": "Tom Nevers", "Owner": "NLB", "Perimeter": 3725.628897, "Seller_Nam": null }, "geometry": { "type": "Polygon", "coordinates": [ [ [ -69.9972606, 41.2402945, 0.0 ], [ -69.9970242, 41.2403121, 0.0 ], [ -69.9968699, 41.2403296, 0.0 ], [ -69.996668, 41.2403505, 0.0 ], [ -69.996562, 41.2403609, 0.0 ], [ -69.9963891, 41.2403856, 0.0 ], [ -69.9962926, 41.2403997, 0.0 ], [ -69.996235, 41.2403958, 0.0 ], [ -69.9961581, 41.2403955, 0.0 ], [ -69.9960908, 41.2403988, 0.0 ], [ -69.996009, 41.2404093, 0.0 ], [ -69.995922, 41.2404343, 0.0 ], [ -69.9958069, 41.2404447, 0.0 ], [ -69.9956913, 41.2404587, 0.0 ], [ -69.9955948, 41.2404801, 0.0 ], [ -69.9954889, 41.2404832, 0.0 ], [ -69.9953256, 41.2405007, 0.0 ], [ -69.995145, 41.2405198, 0.0 ], [ -69.9949234, 41.2405515, 0.0 ], [ -69.9946928, 41.2405796, 0.0 ], [ -69.9945385, 41.2406006, 0.0 ], [ -69.9944615, 41.2406221, 0.0 ], [ -69.9943073, 41.2406432, 0.0 ], [ -69.9940955, 41.2407003, 0.0 ], [ -69.9939077, 41.2407176, 0.0 ], [ -69.9937934, 41.2407459, 0.0 ], [ -69.9943389, 41.2416241, 0.0 ], [ -69.9946014, 41.2420465, 0.0 ], [ -69.9948689, 41.242477, 0.0 ], [ -69.995084, 41.2428233, 0.0 ], [ -69.9952237, 41.2427744, 0.0 ], [ -69.995395, 41.2427143, 0.0 ], [ -69.9955663, 41.2426541, 0.0 ], [ -69.9957376, 41.242594, 0.0 ], [ -69.9955046, 41.2422238, 0.0 ], [ -69.9956723, 41.242157, 0.0 ], [ -69.9958336, 41.2421097, 0.0 ], [ -69.9966395, 41.2418084, 0.0 ], [ -69.9967124, 41.242252, 0.0 ], [ -69.9977352, 41.2421251, 0.0 ], [ -69.997984, 41.2420977, 0.0 ], [ -69.9978659, 41.2414939, 0.0 ], [ -69.9977814, 41.2414959, 0.0 ], [ -69.9977439, 41.2414078, 0.0 ], [ -69.9977382, 41.2413947, 0.0 ], [ -69.9975916, 41.241057, 0.0 ], [ -69.9972606, 41.2402945, 0.0 ] ] ] } },
{ "type": "Feature", "properties": { "Name": "Tom Nevers", "Acres": 16.9361, "Address": "9 Wanoma Wy", "Area": 737734.02732700005, "FID": 119, "Field_1": "Tom Nevers", "Hunting": null, "Name2": "Tom Nevers", "Owner": "NLB", "Perimeter": 3722.573892, "Seller_Nam": null }, "geometry": { "type": "Polygon", "coordinates": [ [ [ -69.9936527, 41.2407709, 0.0 ], [ -69.9933083, 41.2408184, 0.0 ], [ -69.9931544, 41.2408504, 0.0 ], [ -69.9929328, 41.2408821, 0.0 ], [ -69.9928125, 41.2409215, 0.0 ], [ -69.9926581, 41.2409643, 0.0 ], [ -69.9924993, 41.2409963, 0.0 ], [ -69.9923213, 41.2410245, 0.0 ], [ -69.992143, 41.2410492, 0.0 ], [ -69.9919936, 41.2410812, 0.0 ], [ -69.9916999, 41.2411525, 0.0 ], [ -69.9915242, 41.2411934, 0.0 ], [ -69.9913937, 41.2412509, 0.0 ], [ -69.9911818, 41.2413262, 0.0 ], [ -69.9910176, 41.241398, 0.0 ], [ -69.9908541, 41.2414445, 0.0 ], [ -69.9907282, 41.241502, 0.0 ], [ -69.990492, 41.2415953, 0.0 ], [ -69.9903638, 41.2416532, 0.0 ], [ -69.9907839, 41.2423247, 0.0 ], [ -69.9910994, 41.2428289, 0.0 ], [ -69.9915683, 41.2435785, 0.0 ], [ -69.9916992, 41.2434641, 0.0 ], [ -69.9918597, 41.2434036, 0.0 ], [ -69.9919339, 41.2433778, 0.0 ], [ -69.9920315, 41.2433438, 0.0 ], [ -69.9921938, 41.2432875, 0.0 ], [ -69.9923542, 41.2432318, 0.0 ], [ -69.9925242, 41.2431729, 0.0 ], [ -69.9926878, 41.243116, 0.0 ], [ -69.9928591, 41.243063, 0.0 ], [ -69.9930318, 41.2430095, 0.0 ], [ -69.993194, 41.2429544, 0.0 ], [ -69.9933554, 41.2428909, 0.0 ], [ -69.9934283, 41.2428671, 0.0 ], [ -69.9935213, 41.2428366, 0.0 ], [ -69.9936922, 41.2427813, 0.0 ], [ -69.9938679, 41.2427437, 0.0 ], [ -69.9941142, 41.2426494, 0.0 ], [ -69.9943526, 41.2430811, 0.0 ], [ -69.9949482, 41.2428727, 0.0 ], [ -69.9944463, 41.2420584, 0.0 ], [ -69.9936527, 41.2407709, 0.0 ] ] ] } },
{ "type": "Feature", "properties": { "Name": "Tom Nevers", "Acres": 2.48098, "Address": "Tom Nevers", "Area": 108070.93013, "FID": 120, "Field_1": "Tom Nevers", "Hunting": null, "Name2": "Tom Nevers", "Owner": "NLB", "Perimeter": 1595.833475, "Seller_Nam": null }, "geometry": { "type": "Polygon", "coordinates": [ [ [ -69.9859513, 41.24398, 0.0 ], [ -69.9846407, 41.244347, 0.0 ], [ -69.9846448, 41.2443641, 0.0 ], [ -69.9847793, 41.2449317, 0.0 ], [ -69.9866553, 41.2446794, 0.0 ], [ -69.9866121, 41.2443926, 0.0 ], [ -69.9860737, 41.244543, 0.0 ], [ -69.9859513, 41.24398, 0.0 ] ] ] } },
{ "type": "Feature", "properties": { "Name": "Quidnet", "Acres": 0.308812, "Address": "Quidnet Rd, Rear Quidnet Rd", "Area": 13451.804454, "FID": 121, "Field_1": "Quidnet", "Hunting": null, "Name2": "Quidnet", "Owner": "NLB", "Perimeter": 485.19663, "Seller_Nam": null }, "geometry": { "type": "Polygon", "coordinates": [ [ [ -69.9783977, 41.3043872, 0.0 ], [ -69.9779065, 41.3046336, 0.0 ], [ -69.977947, 41.3046929, 0.0 ], [ -69.9780083, 41.3047702, 0.0 ], [ -69.9780367, 41.3048035, 0.0 ], [ -69.9781365, 41.3047717, 0.0 ], [ -69.9783815, 41.3046938, 0.0 ], [ -69.978541, 41.304643, 0.0 ], [ -69.9784322, 41.3044471, 0.0 ], [ -69.9783977, 41.3043872, 0.0 ] ] ] } },
{ "type": "Feature", "properties": { "Name": "Quidnet", "Acres": 0.273608, "Address": "78 Quidnet Rd, Quidnet Rd", "Area": 11918.324837, "FID": 122, "Field_1": "Quidnet", "Hunting": null, "Name2": "Quidnet", "Owner": "NLB", "Perimeter": 445.887121, "Seller_Nam": null }, "geometry": { "type": "Polygon", "coordinates": [ [ [ -69.979649, 41.3064087, 0.0 ], [ -69.9795692, 41.3060858, 0.0 ], [ -69.9791905, 41.306145, 0.0 ], [ -69.9791483, 41.3061516, 0.0 ], [ -69.9792631, 41.3063024, 0.0 ], [ -69.9793828, 41.3064675, 0.0 ], [ -69.9794115, 41.3064611, 0.0 ], [ -69.979649, 41.3064087, 0.0 ] ] ] } },
{ "type": "Feature", "properties": { "Name": "Quidnet", "Acres": 0.168711, "Address": "78 Quidnet Rd", "Area": 7349.043043, "FID": 123, "Field_1": "Quidnet", "Hunting": null, "Name2": "Quidnet", "Owner": "NLB", "Perimeter": 376.45344, "Seller_Nam": null }, "geometry": { "type": "MultiPolygon", "coordinates": [ [ [ [ -69.9796203, 41.3060764, 0.0 ], [ -69.9796155, 41.3060571, 0.0 ], [ -69.9796202, 41.3060764, 0.0 ], [ -69.9796203, 41.3060764, 0.0 ] ] ], [ [ [ -69.9796621, 41.3062466, 0.0 ], [ -69.9800889, 41.3061792, 0.0 ], [ -69.9800479, 41.306018, 0.0 ], [ -69.9796203, 41.3060764, 0.0 ], [ -69.9796621, 41.3062466, 0.0 ] ] ] ] } },
{ "type": "Feature", "properties": { "Name": "Holly Farm", "Acres": 22.858999, "Address": "4 Polpis Harbor Rd", "Area": 995735.05842400005, "FID": 124, "Field_1": "Holly Farm", "Hunting": null, "Name2": "Holly Farm", "Owner": "NLB", "Perimeter": 4970.988597, "Seller_Nam": null }, "geometry": { "type": "Polygon", "coordinates": [ [ [ -70.0135191, 41.2994714, 0.0 ], [ -70.0126055, 41.2997292, 0.0 ], [ -70.0121914, 41.299263, 0.0 ], [ -70.0121377, 41.2992068, 0.0 ], [ -70.0115934, 41.2985585, 0.0 ], [ -70.0113462, 41.298824, 0.0 ], [ -70.0113183, 41.2988494, 0.0 ], [ -70.0118042, 41.2994527, 0.0 ], [ -70.0119865, 41.300139, 0.0 ], [ -70.0117536, 41.3001976, 0.0 ], [ -70.0115671, 41.3002572, 0.0 ], [ -70.0112698, 41.3003521, 0.0 ], [ -70.0108817, 41.3004142, 0.0 ], [ -70.0109064, 41.3005183, 0.0 ], [ -70.0109997, 41.3009366, 0.0 ], [ -70.0102082, 41.3010482, 0.0 ], [ -70.0102034, 41.3010881, 0.0 ], [ -70.0101963, 41.3011214, 0.0 ], [ -70.010191, 41.3011558, 0.0 ], [ -70.0101844, 41.3011883, 0.0 ], [ -70.0101783, 41.301221, 0.0 ], [ -70.010173, 41.3012536, 0.0 ], [ -70.0101678, 41.3012863, 0.0 ], [ -70.010163, 41.3013191, 0.0 ], [ -70.0101586, 41.3013519, 0.0 ], [ -70.0101552, 41.3013847, 0.0 ], [ -70.0101518, 41.3014175, 0.0 ], [ -70.0101488, 41.3014504, 0.0 ], [ -70.0101481, 41.3014833, 0.0 ], [ -70.0101501, 41.3015162, 0.0 ], [ -70.0101549, 41.3015489, 0.0 ], [ -70.0101624, 41.3015814, 0.0 ], [ -70.0101726, 41.3016134, 0.0 ], [ -70.0101855, 41.3016448, 0.0 ], [ -70.0102008, 41.3016756, 0.0 ], [ -70.0102192, 41.3017055, 0.0 ], [ -70.0102399, 41.3017345, 0.0 ], [ -70.0102629, 41.3017625, 0.0 ], [ -70.0109566, 41.3025634, 0.0 ], [ -70.0109583, 41.3025654, 0.0 ], [ -70.0109746, 41.3025843, 0.0 ], [ -70.0110489, 41.3025732, 0.0 ], [ -70.0110926, 41.3025705, 0.0 ], [ -70.0111363, 41.3025697, 0.0 ], [ -70.0111799, 41.3025707, 0.0 ], [ -70.0112236, 41.3025736, 0.0 ], [ -70.0112668, 41.3025756, 0.0 ], [ -70.0113105, 41.3025752, 0.0 ], [ -70.0113542, 41.3025726, 0.0 ], [ -70.0113974, 41.3025675, 0.0 ], [ -70.0114398, 41.3025602, 0.0 ], [ -70.0114934, 41.302568, 0.0 ], [ -70.0115366, 41.302567, 0.0 ], [ -70.0115794, 41.3025596, 0.0 ], [ -70.0116191, 41.3025461, 0.0 ], [ -70.0116543, 41.3025269, 0.0 ], [ -70.0118903, 41.3024253, 0.0 ], [ -70.0119358, 41.3024193, 0.0 ], [ -70.0119801, 41.3024555, 0.0 ], [ -70.0120224, 41.3024569, 0.0 ], [ -70.0120548, 41.3024436, 0.0 ], [ -70.0120976, 41.3024381, 0.0 ], [ -70.0121403, 41.3024438, 0.0 ], [ -70.0121739, 41.3024577, 0.0 ], [ -70.0122152, 41.3024685, 0.0 ], [ -70.0122589, 41.3024697, 0.0 ], [ -70.0123021, 41.3024675, 0.0 ], [ -70.0123721, 41.3024802, 0.0 ], [ -70.0124145, 41.3024595, 0.0 ], [ -70.0124573, 41.302464, 0.0 ], [ -70.0124876, 41.3024869, 0.0 ], [ -70.0125573, 41.3025339, 0.0 ], [ -70.0125917, 41.3025555, 0.0 ], [ -70.0126335, 41.3025646, 0.0 ], [ -70.0126763, 41.3025605, 0.0 ], [ -70.0127137, 41.3025438, 0.0 ], [ -70.0128292, 41.3025536, 0.0 ], [ -70.0128203, 41.3025258, 0.0 ], [ -70.0128275, 41.3024966, 0.0 ], [ -70.0128283, 41.3024936, 0.0 ], [ -70.0128609, 41.3024581, 0.0 ], [ -70.0128677, 41.3024435, 0.0 ], [ -70.0128752, 41.3024274, 0.0 ], [ -70.012869, 41.3024079, 0.0 ], [ -70.012865, 41.3023952, 0.0 ], [ -70.0128775, 41.302365, 0.0 ], [ -70.0128813, 41.3023627, 0.0 ], [ -70.0129163, 41.3023423, 0.0 ], [ -70.0129222, 41.3023276, 0.0 ], [ -70.0129292, 41.3023102, 0.0 ], [ -70.0129364, 41.3023057, 0.0 ], [ -70.0129372, 41.302305, 0.0 ], [ -70.0129381, 41.3023043, 0.0 ], [ -70.0129389, 41.3023035, 0.0 ], [ -70.0129397, 41.3023027, 0.0 ], [ -70.0129398, 41.3023026, 0.0 ], [ -70.0129676, 41.3023007, 0.0 ], [ -70.0133922, 41.3022709, 0.0 ], [ -70.0138069, 41.3022497, 0.0 ], [ -70.0148132, 41.3020679, 0.0 ], [ -70.0143246, 41.3010209, 0.0 ], [ -70.0138161, 41.2999, 0.0 ], [ -70.0136676, 41.2996857, 0.0 ], [ -70.0135191, 41.2994714, 0.0 ] ] ] } },
{ "type": "Feature", "properties": { "Name": "Quaise Road", "Acres": 1.11247, "Address": "27 Quaise Rd", "Area": 48459.176938999997, "FID": 125, "Field_1": "Quaise Road", "Hunting": null, "Name2": "Quaise Road", "Owner": "NLB", "Perimeter": 902.550416, "Seller_Nam": null }, "geometry": { "type": "Polygon", "coordinates": [ [ [ -70.0353378, 41.2979889, 0.0 ], [ -70.0345876, 41.2982548, 0.0 ], [ -70.0345978, 41.2982974, 0.0 ], [ -70.034676, 41.2986259, 0.0 ], [ -70.0346974, 41.2987246, 0.0 ], [ -70.034703, 41.2987508, 0.0 ], [ -70.0347293, 41.2988717, 0.0 ], [ -70.0347762, 41.2988541, 0.0 ], [ -70.0349456, 41.2987772, 0.0 ], [ -70.0349779, 41.2987645, 0.0 ], [ -70.0350103, 41.298752, 0.0 ], [ -70.0350427, 41.2987394, 0.0 ], [ -70.0350751, 41.2987272, 0.0 ], [ -70.0351088, 41.2987168, 0.0 ], [ -70.0351435, 41.2987083, 0.0 ], [ -70.0351786, 41.2987019, 0.0 ], [ -70.0352145, 41.2986975, 0.0 ], [ -70.0352509, 41.2986952, 0.0 ], [ -70.0353098, 41.298668, 0.0 ], [ -70.0353363, 41.2986492, 0.0 ], [ -70.0353638, 41.2986313, 0.0 ], [ -70.0353925, 41.2986144, 0.0 ], [ -70.0354222, 41.2985985, 0.0 ], [ -70.0354528, 41.2985836, 0.0 ], [ -70.0353378, 41.2979889, 0.0 ] ] ] } },
{ "type": "Feature", "properties": { "Name": "Washington Street", "Acres": 0.551541, "Address": "28, 30A, 30B Washington St", "Area": 24025.048688, "FID": 126, "Field_1": "Washington Street", "Hunting": null, "Name2": "Washington Street", "Owner": "NLB", "Perimeter": 631.258491, "Seller_Nam": null }, "geometry": { "type": "Polygon", "coordinates": [ [ [ -70.0958176, 41.2815521, 0.0 ], [ -70.095618, 41.281617, 0.0 ], [ -70.0952517, 41.281731, 0.0 ], [ -70.0952453, 41.281733, 0.0 ], [ -70.0952138, 41.2817428, 0.0 ], [ -70.0952386, 41.2817803, 0.0 ], [ -70.0952611, 41.2818246, 0.0 ], [ -70.0952813, 41.281864, 0.0 ], [ -70.0952935, 41.2819438, 0.0 ], [ -70.0953113, 41.2820181, 0.0 ], [ -70.0953865, 41.2820091, 0.0 ], [ -70.0954053, 41.2820068, 0.0 ], [ -70.0956531, 41.2819771, 0.0 ], [ -70.0958683, 41.2819542, 0.0 ], [ -70.0959048, 41.2819414, 0.0 ], [ -70.0960484, 41.2818802, 0.0 ], [ -70.0959835, 41.281788, 0.0 ], [ -70.0959195, 41.281697, 0.0 ], [ -70.0958176, 41.2815521, 0.0 ] ] ] } },
{ "type": "Feature", "properties": { "Name": "Wolfe", "Acres": 0.463008, "Address": "60, 66 Washington St", "Area": 20168.555513, "FID": 127, "Field_1": "Wolfe", "Hunting": null, "Name2": "Wolfe", "Owner": "NLB", "Perimeter": 572.154929, "Seller_Nam": null }, "geometry": { "type": "Polygon", "coordinates": [ [ [ -70.0947571, 41.2805193, 0.0 ], [ -70.0946335, 41.2804171, 0.0 ], [ -70.0945349, 41.2803392, 0.0 ], [ -70.0943737, 41.2802026, 0.0 ], [ -70.0940726, 41.2804155, 0.0 ], [ -70.0940432, 41.2804362, 0.0 ], [ -70.0940265, 41.2804481, 0.0 ], [ -70.0941777, 41.2805809, 0.0 ], [ -70.0942248, 41.280617, 0.0 ], [ -70.0942846, 41.2806625, 0.0 ], [ -70.0943804, 41.2807592, 0.0 ], [ -70.0944112, 41.2807396, 0.0 ], [ -70.0944175, 41.2807355, 0.0 ], [ -70.0946169, 41.2806086, 0.0 ], [ -70.0947571, 41.2805193, 0.0 ] ] ] } },
{ "type": "Feature", "properties": { "Name": "Aladgem", "Acres": 0.260018, "Address": "72, 74 Washington St", "Area": 11326.339273, "FID": 128, "Field_1": "Aladgem", "Hunting": null, "Name2": "Aladgem", "Owner": "NLB", "Perimeter": 444.137909, "Seller_Nam": null }, "geometry": { "type": "Polygon", "coordinates": [ [ [ -70.0939888, 41.2798797, 0.0 ], [ -70.0936955, 41.2800784, 0.0 ], [ -70.0936303, 41.2801226, 0.0 ], [ -70.0935928, 41.2801479, 0.0 ], [ -70.0936191, 41.2801672, 0.0 ], [ -70.0936853, 41.2802041, 0.0 ], [ -70.0937569, 41.2802442, 0.0 ], [ -70.0938239, 41.2802951, 0.0 ], [ -70.0938517, 41.2802755, 0.0 ], [ -70.0938853, 41.2802518, 0.0 ], [ -70.0941824, 41.2800421, 0.0 ], [ -70.0940598, 41.2799392, 0.0 ], [ -70.0939888, 41.2798797, 0.0 ] ] ] } },
{ "type": "Feature", "properties": { "Name": "Washington Street", "Acres": 0.260989, "Address": "44 Washington St", "Area": 11368.65314, "FID": 129, "Field_1": "Washington Street", "Hunting": null, "Name2": "Washington Street", "Owner": "NLB", "Perimeter": 448.012694, "Seller_Nam": null }, "geometry": { "type": "Polygon", "coordinates": [ [ [ -70.0950611, 41.2807699, 0.0 ], [ -70.094951, 41.2808493, 0.0 ], [ -70.0947022, 41.2810207, 0.0 ], [ -70.094687, 41.2810311, 0.0 ], [ -70.0947784, 41.2811151, 0.0 ], [ -70.094819, 41.2811631, 0.0 ], [ -70.0948475, 41.2811968, 0.0 ], [ -70.0952679, 41.2809454, 0.0 ], [ -70.0950611, 41.2807699, 0.0 ] ] ] } },
{ "type": "Feature", "properties": { "Name": "Water Tower", "Acres": 3.19709, "Address": "38 Washing Pond Rd", "Area": 139264.66911300001, "FID": 130, "Field_1": "Water Tower", "Hunting": null, "Name2": "Water Tower", "Owner": "NLB", "Perimeter": 1815.6701, "Seller_Nam": null }, "geometry": { "type": "Polygon", "coordinates": [ [ [ -70.1374105, 41.2923474, 0.0 ], [ -70.1363992, 41.2922139, 0.0 ], [ -70.1368781, 41.2928098, 0.0 ], [ -70.1368846, 41.2931847, 0.0 ], [ -70.1368736, 41.2931964, 0.0 ], [ -70.1370761, 41.2937722, 0.0 ], [ -70.137095, 41.293831, 0.0 ], [ -70.1371005, 41.2938483, 0.0 ], [ -70.1371515, 41.2940073, 0.0 ], [ -70.1372148, 41.2939951, 0.0 ], [ -70.1373454, 41.2939908, 0.0 ], [ -70.1376253, 41.2939589, 0.0 ], [ -70.1377995, 41.2939641, 0.0 ], [ -70.1379912, 41.2939321, 0.0 ], [ -70.1379656, 41.2938623, 0.0 ], [ -70.1379631, 41.2938554, 0.0 ], [ -70.1379374, 41.2937852, 0.0 ], [ -70.1377111, 41.2931677, 0.0 ], [ -70.1374105, 41.2923474, 0.0 ] ] ] } },
{ "type": "Feature", "properties": { "Name": "Eel Point", "Acres": 2.23511, "Address": "185 Eel Point Rd", "Area": 97360.953643000001, "FID": 131, "Field_1": "Eel Point", "Hunting": null, "Name2": "Eel Point", "Owner": "NLB", "Perimeter": 2017.44442, "Seller_Nam": null }, "geometry": { "type": "Polygon", "coordinates": [ [ [ -70.1920287, 41.2937636, 0.0 ], [ -70.1916635, 41.2937575, 0.0 ], [ -70.1915904, 41.294305, 0.0 ], [ -70.1918675, 41.2959299, 0.0 ], [ -70.191881, 41.2960092, 0.0 ], [ -70.1919042, 41.2961452, 0.0 ], [ -70.1920797, 41.2961777, 0.0 ], [ -70.1921914, 41.2962191, 0.0 ], [ -70.1923086, 41.2962437, 0.0 ], [ -70.1922811, 41.2960593, 0.0 ], [ -70.192279, 41.2960452, 0.0 ], [ -70.1920202, 41.2943119, 0.0 ], [ -70.1919638, 41.2943086, 0.0 ], [ -70.1919963, 41.2940361, 0.0 ], [ -70.1920287, 41.2937636, 0.0 ] ] ] } },
{ "type": "Feature", "properties": { "Name": "Eel Point", "Acres": 0.872052, "Address": "Eel Point Rd", "Area": 37986.420653000001, "FID": 132, "Field_1": "Eel Point", "Hunting": null, "Name2": "Eel Point", "Owner": "NLB", "Perimeter": 791.903482, "Seller_Nam": null }, "geometry": { "type": "Polygon", "coordinates": [ [ [ -70.1956795, 41.2907495, 0.0 ], [ -70.1955569, 41.290707, 0.0 ], [ -70.1953811, 41.2906461, 0.0 ], [ -70.1952488, 41.2905279, 0.0 ], [ -70.1950796, 41.290442, 0.0 ], [ -70.1950032, 41.2905208, 0.0 ], [ -70.1950014, 41.2905227, 0.0 ], [ -70.194878, 41.2906499, 0.0 ], [ -70.1946755, 41.2908775, 0.0 ], [ -70.1952771, 41.2911898, 0.0 ], [ -70.1955918, 41.2908455, 0.0 ], [ -70.1956209, 41.2908136, 0.0 ], [ -70.1956795, 41.2907495, 0.0 ] ] ] } },
{ "type": "Feature", "properties": { "Name": "Settler's Landing", "Acres": 10.6785, "Address": "17, 21, 27, 29 N Cambridge St", "Area": 465152.391863, "FID": 133, "Field_1": "Settler's Landing", "Hunting": null, "Name2": "Settler's Landing", "Owner": "NLB", "Perimeter": 4269.45888, "Seller_Nam": null }, "geometry": { "type": "Polygon", "coordinates": [ [ [ -70.1876854, 41.279621, 0.0 ], [ -70.1875958, 41.2796346, 0.0 ], [ -70.1874556, 41.2796525, 0.0 ], [ -70.1873719, 41.2796543, 0.0 ], [ -70.1872964, 41.2796582, 0.0 ], [ -70.1871701, 41.2796416, 0.0 ], [ -70.1870569, 41.2796209, 0.0 ], [ -70.1870274, 41.2796026, 0.0 ], [ -70.1869767, 41.2795537, 0.0 ], [ -70.1869469, 41.2795251, 0.0 ], [ -70.1869092, 41.2795149, 0.0 ], [ -70.1868609, 41.2795249, 0.0 ], [ -70.186798, 41.2795576, 0.0 ], [ -70.1873745, 41.2804532, 0.0 ], [ -70.1874201, 41.2805241, 0.0 ], [ -70.1879663, 41.2805995, 0.0 ], [ -70.1882495, 41.2806386, 0.0 ], [ -70.1885004, 41.2806733, 0.0 ], [ -70.1887594, 41.280709, 0.0 ], [ -70.1888167, 41.2807169, 0.0 ], [ -70.1890232, 41.2807917, 0.0 ], [ -70.1892961, 41.2808905, 0.0 ], [ -70.1897556, 41.2810568, 0.0 ], [ -70.1898241, 41.2810816, 0.0 ], [ -70.1900429, 41.2811607, 0.0 ], [ -70.1900214, 41.2813009, 0.0 ], [ -70.1899871, 41.2815252, 0.0 ], [ -70.1905322, 41.281564, 0.0 ], [ -70.190599, 41.2815688, 0.0 ], [ -70.1906786, 41.2815744, 0.0 ], [ -70.1922764, 41.2816881, 0.0 ], [ -70.192312, 41.2816906, 0.0 ], [ -70.1923571, 41.2816938, 0.0 ], [ -70.1923864, 41.281652, 0.0 ], [ -70.1924992, 41.281554, 0.0 ], [ -70.1925717, 41.2814253, 0.0 ], [ -70.1927387, 41.2813037, 0.0 ], [ -70.192867, 41.2811843, 0.0 ], [ -70.1932131, 41.2808033, 0.0 ], [ -70.1931428, 41.280798, 0.0 ], [ -70.1931302, 41.2807971, 0.0 ], [ -70.1916051, 41.2806841, 0.0 ], [ -70.1914923, 41.2806757, 0.0 ], [ -70.1906959, 41.2806167, 0.0 ], [ -70.1905867, 41.2806086, 0.0 ], [ -70.190133, 41.280575, 0.0 ], [ -70.1889128, 41.2801104, 0.0 ], [ -70.1886628, 41.2800796, 0.0 ], [ -70.1878911, 41.2799845, 0.0 ], [ -70.1877337, 41.2797063, 0.0 ], [ -70.1876854, 41.279621, 0.0 ] ] ] } },
{ "type": "Feature", "properties": { "Name": "Chase", "Acres": 0.92669, "Address": "48, 50 Tennessee Av", "Area": 40366.451198000002, "FID": 134, "Field_1": "Chase", "Hunting": null, "Name2": "Chase", "Owner": "NLB", "Perimeter": 823.106059, "Seller_Nam": null }, "geometry": { "type": "Polygon", "coordinates": [ [ [ -70.1911831, 41.2786606, 0.0 ], [ -70.1905026, 41.2782056, 0.0 ], [ -70.19032, 41.2783559, 0.0 ], [ -70.190126, 41.2785155, 0.0 ], [ -70.1904582, 41.2787424, 0.0 ], [ -70.190766, 41.2789561, 0.0 ], [ -70.190842, 41.27894, 0.0 ], [ -70.1908889, 41.2789304, 0.0 ], [ -70.1909413, 41.2789087, 0.0 ], [ -70.1909774, 41.278886, 0.0 ], [ -70.191072, 41.2788673, 0.0 ], [ -70.1911158, 41.2788513, 0.0 ], [ -70.1911218, 41.278818, 0.0 ], [ -70.1911044, 41.2787548, 0.0 ], [ -70.1911232, 41.2787181, 0.0 ], [ -70.191142, 41.2786901, 0.0 ], [ -70.1911831, 41.2786606, 0.0 ] ] ] } },
{ "type": "Feature", "properties": { "Name": "Soverino", "Acres": 0.506195, "Address": "22 Tennessee Av", "Area": 22049.759101, "FID": 135, "Field_1": "Soverino", "Hunting": null, "Name2": "Soverino", "Owner": "NLB", "Perimeter": 735.151744, "Seller_Nam": null }, "geometry": { "type": "Polygon", "coordinates": [ [ [ -70.1949233, 41.275306, 0.0 ], [ -70.1948102, 41.275367, 0.0 ], [ -70.1946971, 41.2754279, 0.0 ], [ -70.1953135, 41.2760792, 0.0 ], [ -70.1953618, 41.2760549, 0.0 ], [ -70.1953964, 41.2760351, 0.0 ], [ -70.1954347, 41.2760195, 0.0 ], [ -70.1954689, 41.2759993, 0.0 ], [ -70.195504, 41.2759803, 0.0 ], [ -70.1955359, 41.2759628, 0.0 ], [ -70.1949233, 41.275306, 0.0 ] ] ] } },
{ "type": "Feature", "properties": { "Name": "Jackson Point", "Acres": 9.5836, "Address": "3, 5 Massachusetts Av", "Area": 417459.73645000003, "FID": 136, "Field_1": "Jackson Point", "Hunting": null, "Name2": "Jackson Point", "Owner": "NLB", "Perimeter": 4816.157288, "Seller_Nam": null }, "geometry": { "type": "Polygon", "coordinates": [ [ [ -70.2046312, 41.2744934, 0.0 ], [ -70.2042663, 41.2745288, 0.0 ], [ -70.2042226, 41.2742442, 0.0 ], [ -70.2041307, 41.2742539, 0.0 ], [ -70.204017, 41.2742591, 0.0 ], [ -70.2024164, 41.2748444, 0.0 ], [ -70.2024197, 41.274918, 0.0 ], [ -70.2024441, 41.2749475, 0.0 ], [ -70.202478, 41.2749807, 0.0 ], [ -70.2025315, 41.2750139, 0.0 ], [ -70.2025656, 41.2750323, 0.0 ], [ -70.2026208, 41.2750785, 0.0 ], [ -70.2025458, 41.275069, 0.0 ], [ -70.2025119, 41.2750432, 0.0 ], [ -70.2024683, 41.2750247, 0.0 ], [ -70.2024292, 41.2750173, 0.0 ], [ -70.2024045, 41.2750576, 0.0 ], [ -70.2023847, 41.275098, 0.0 ], [ -70.2023699, 41.2751567, 0.0 ], [ -70.202355, 41.2752302, 0.0 ], [ -70.2023308, 41.2752595, 0.0 ], [ -70.2022818, 41.2753292, 0.0 ], [ -70.2021982, 41.2754282, 0.0 ], [ -70.2021689, 41.2754538, 0.0 ], [ -70.2021346, 41.2755015, 0.0 ], [ -70.202071, 41.2755785, 0.0 ], [ -70.2020368, 41.2756188, 0.0 ], [ -70.2020075, 41.2756445, 0.0 ], [ -70.2019442, 41.27567, 0.0 ], [ -70.201905, 41.2756993, 0.0 ], [ -70.2018707, 41.2757286, 0.0 ], [ -70.2017956, 41.2757441, 0.0 ], [ -70.2017456, 41.2757536, 0.0 ], [ -70.2017064, 41.2757679, 0.0 ], [ -70.2016713, 41.2757873, 0.0 ], [ -70.2016416, 41.2758113, 0.0 ], [ -70.2016178, 41.275839, 0.0 ], [ -70.2016013, 41.2758694, 0.0 ], [ -70.2015925, 41.2759017, 0.0 ], [ -70.2015846, 41.27594, 0.0 ], [ -70.201569, 41.2759708, 0.0 ], [ -70.2015466, 41.2759991, 0.0 ], [ -70.2015179, 41.2760238, 0.0 ], [ -70.2014837, 41.2760443, 0.0 ], [ -70.2014454, 41.2760597, 0.0 ], [ -70.201404, 41.2760698, 0.0 ], [ -70.2013607, 41.276074, 0.0 ], [ -70.2013171, 41.2760723, 0.0 ], [ -70.2012816, 41.2760686, 0.0 ], [ -70.2012384, 41.2760711, 0.0 ], [ -70.201197, 41.2760821, 0.0 ], [ -70.2011614, 41.2761006, 0.0 ], [ -70.2010753, 41.2761537, 0.0 ], [ -70.201004, 41.2762316, 0.0 ], [ -70.2009125, 41.27634, 0.0 ], [ -70.2008416, 41.2764331, 0.0 ], [ -70.2007858, 41.2764978, 0.0 ], [ -70.2007551, 41.2765434, 0.0 ], [ -70.2007523, 41.2765758, 0.0 ], [ -70.2007449, 41.2766044, 0.0 ], [ -70.2006993, 41.2766328, 0.0 ], [ -70.2006664, 41.2766594, 0.0 ], [ -70.2006485, 41.2766841, 0.0 ], [ -70.2006357, 41.2767184, 0.0 ], [ -70.2006155, 41.276745, 0.0 ], [ -70.2005949, 41.2767735, 0.0 ], [ -70.2005671, 41.2767925, 0.0 ], [ -70.2005392, 41.2768229, 0.0 ], [ -70.2005163, 41.2768571, 0.0 ], [ -70.2004934, 41.2768933, 0.0 ], [ -70.2004528, 41.2769313, 0.0 ], [ -70.2004047, 41.2769922, 0.0 ], [ -70.2004178, 41.2770226, 0.0 ], [ -70.2004564, 41.2770356, 0.0 ], [ -70.2004956, 41.2770228, 0.0 ], [ -70.2005306, 41.2770076, 0.0 ], [ -70.2005839, 41.2769907, 0.0 ], [ -70.2006877, 41.2769738, 0.0 ], [ -70.2007305, 41.2769625, 0.0 ], [ -70.2007406, 41.2769358, 0.0 ], [ -70.2007632, 41.276876, 0.0 ], [ -70.2007897, 41.27685, 0.0 ], [ -70.2008193, 41.2768258, 0.0 ], [ -70.2008517, 41.2768036, 0.0 ], [ -70.2008864, 41.2767836, 0.0 ], [ -70.2009233, 41.2767658, 0.0 ], [ -70.2009616, 41.2767504, 0.0 ], [ -70.2010016, 41.2767374, 0.0 ], [ -70.2010431, 41.2767271, 0.0 ], [ -70.2010859, 41.2767194, 0.0 ], [ -70.2011286, 41.2767145, 0.0 ], [ -70.2011723, 41.2767123, 0.0 ], [ -70.2012159, 41.2767128, 0.0 ], [ -70.2012596, 41.2767162, 0.0 ], [ -70.201336, 41.2767193, 0.0 ], [ -70.2013661, 41.2766962, 0.0 ], [ -70.201374, 41.2766643, 0.0 ], [ -70.2013709, 41.2766288, 0.0 ], [ -70.2013911, 41.276587, 0.0 ], [ -70.2014522, 41.2765624, 0.0 ], [ -70.2015077, 41.2765454, 0.0 ], [ -70.2015582, 41.2765455, 0.0 ], [ -70.201601, 41.2765361, 0.0 ], [ -70.2016393, 41.2765133, 0.0 ], [ -70.2016799, 41.2764982, 0.0 ], [ -70.2016723, 41.2764544, 0.0 ], [ -70.2016647, 41.2764219, 0.0 ], [ -70.201665, 41.2763648, 0.0 ], [ -70.2016751, 41.2763382, 0.0 ], [ -70.2017008, 41.2763039, 0.0 ], [ -70.2017364, 41.2762716, 0.0 ], [ -70.201777, 41.276247, 0.0 ], [ -70.2018699, 41.2762059, 0.0 ], [ -70.2019496, 41.2761797, 0.0 ], [ -70.2020292, 41.2761703, 0.0 ], [ -70.2020675, 41.2761632, 0.0 ], [ -70.2021407, 41.2761633, 0.0 ], [ -70.2021662, 41.2761442, 0.0 ], [ -70.2021909, 41.2761163, 0.0 ], [ -70.2022188, 41.2760907, 0.0 ], [ -70.2022489, 41.276067, 0.0 ], [ -70.2022817, 41.2760453, 0.0 ], [ -70.2023168, 41.2760258, 0.0 ], [ -70.2023569, 41.2760168, 0.0 ], [ -70.2023988, 41.276008, 0.0 ], [ -70.2024389, 41.2759946, 0.0 ], [ -70.2024758, 41.275977, 0.0 ], [ -70.2025392, 41.2759316, 0.0 ], [ -70.2025747, 41.2759135, 0.0 ], [ -70.202618, 41.275911, 0.0 ], [ -70.202657, 41.2759247, 0.0 ], [ -70.2026951, 41.275944, 0.0 ], [ -70.202735, 41.275967, 0.0 ], [ -70.2027778, 41.2759682, 0.0 ], [ -70.2028097, 41.2759514, 0.0 ], [ -70.2028701, 41.275954, 0.0 ], [ -70.2029147, 41.2759517, 0.0 ], [ -70.2029498, 41.2759302, 0.0 ], [ -70.2029691, 41.2759039, 0.0 ], [ -70.2029756, 41.2758727, 0.0 ], [ -70.2030076, 41.2758368, 0.0 ], [ -70.2030587, 41.2757889, 0.0 ], [ -70.2030684, 41.2757505, 0.0 ], [ -70.2030782, 41.2757001, 0.0 ], [ -70.2030816, 41.2756473, 0.0 ], [ -70.2030916, 41.275549, 0.0 ], [ -70.2031047, 41.275477, 0.0 ], [ -70.203108, 41.2754434, 0.0 ], [ -70.2030922, 41.2754146, 0.0 ], [ -70.203086, 41.2753857, 0.0 ], [ -70.2030989, 41.275357, 0.0 ], [ -70.2031055, 41.275309, 0.0 ], [ -70.2030929, 41.2752609, 0.0 ], [ -70.2030804, 41.2752129, 0.0 ], [ -70.2030965, 41.2751817, 0.0 ], [ -70.2031158, 41.275141, 0.0 ], [ -70.2031193, 41.2750546, 0.0 ], [ -70.2031229, 41.2749826, 0.0 ], [ -70.2031231, 41.2749274, 0.0 ], [ -70.2031169, 41.2748914, 0.0 ], [ -70.2031075, 41.2748505, 0.0 ], [ -70.2031301, 41.274793, 0.0 ], [ -70.2031303, 41.2747546, 0.0 ], [ -70.2031273, 41.2747138, 0.0 ], [ -70.2031274, 41.2746754, 0.0 ], [ -70.2031371, 41.2746394, 0.0 ], [ -70.2031689, 41.2746587, 0.0 ], [ -70.2031751, 41.2746875, 0.0 ], [ -70.2031782, 41.2747163, 0.0 ], [ -70.2031748, 41.2747475, 0.0 ], [ -70.2031791, 41.2748218, 0.0 ], [ -70.2032191, 41.2748268, 0.0 ], [ -70.2033113, 41.2748414, 0.0 ], [ -70.203238, 41.2748581, 0.0 ], [ -70.2031615, 41.2748867, 0.0 ], [ -70.2031658, 41.274928, 0.0 ], [ -70.203165, 41.2751188, 0.0 ], [ -70.2031566, 41.2753646, 0.0 ], [ -70.2031564, 41.2754109, 0.0 ], [ -70.2031521, 41.27546, 0.0 ], [ -70.2031673, 41.2755121, 0.0 ], [ -70.2031629, 41.275567, 0.0 ], [ -70.2031627, 41.2756161, 0.0 ], [ -70.2031666, 41.2756625, 0.0 ], [ -70.2031664, 41.2757, 0.0 ], [ -70.2031585, 41.2757521, 0.0 ], [ -70.2031428, 41.2758041, 0.0 ], [ -70.2031426, 41.2758359, 0.0 ], [ -70.2031425, 41.2758648, 0.0 ], [ -70.2031655, 41.2758967, 0.0 ], [ -70.2032, 41.2759228, 0.0 ], [ -70.2032493, 41.275975, 0.0 ], [ -70.2033563, 41.2760562, 0.0 ], [ -70.203429, 41.2760622, 0.0 ], [ -70.2034487, 41.2760304, 0.0 ], [ -70.2034715, 41.2760045, 0.0 ], [ -70.2035252, 41.2760046, 0.0 ], [ -70.203583, 41.275999, 0.0 ], [ -70.2036326, 41.2759904, 0.0 ], [ -70.203694, 41.275979, 0.0 ], [ -70.2037513, 41.275982, 0.0 ], [ -70.2037746, 41.2759532, 0.0 ], [ -70.2038092, 41.2759475, 0.0 ], [ -70.2038474, 41.2759563, 0.0 ], [ -70.2038934, 41.2759477, 0.0 ], [ -70.2039358, 41.2759102, 0.0 ], [ -70.2039626, 41.2759306, 0.0 ], [ -70.2039856, 41.2759595, 0.0 ], [ -70.2040393, 41.2759481, 0.0 ], [ -70.2040622, 41.2759134, 0.0 ], [ -70.2040815, 41.275873, 0.0 ], [ -70.204113, 41.2758479, 0.0 ], [ -70.2041499, 41.2758302, 0.0 ], [ -70.2041909, 41.2758196, 0.0 ], [ -70.2042341, 41.2758166, 0.0 ], [ -70.2042773, 41.2758215, 0.0 ], [ -70.2043463, 41.2758361, 0.0 ], [ -70.2044268, 41.2758508, 0.0 ], [ -70.2044695, 41.2758545, 0.0 ], [ -70.2045188, 41.2758134, 0.0 ], [ -70.2045345, 41.2757672, 0.0 ], [ -70.2045728, 41.2757297, 0.0 ], [ -70.2046267, 41.2756922, 0.0 ], [ -70.2046995, 41.275678, 0.0 ], [ -70.2047651, 41.2756579, 0.0 ], [ -70.2047957, 41.2756233, 0.0 ], [ -70.2048191, 41.2755799, 0.0 ], [ -70.2048124, 41.2755421, 0.0 ], [ -70.2046312, 41.2744934, 0.0 ] ] ] } },
{ "type": "Feature", "properties": { "Name": "Miacomet Golf Course", "Acres": 204.41901, "Address": "70 Bartlett Rd, 123 Somerset Rd, 1, 3, 6, 8 W Miacomet Rd", "Area": 8904463.2043099999, "FID": 137, "Field_1": "Miacomet Golf Course", "Hunting": false, "Name2": "Miacomet Golf Course", "Owner": "NLB", "Perimeter": 27835.419806999998, "Seller_Nam": null }, "geometry": { "type": "MultiPolygon", "coordinates": [ [ [ [ -70.1285723, 41.2548394, 0.0 ], [ -70.1259671, 41.2548831, 0.0 ], [ -70.128579, 41.2553304, 0.0 ], [ -70.1288829, 41.2553768, 0.0 ], [ -70.1310133, 41.2551917, 0.0 ], [ -70.1309671, 41.2547651, 0.0 ], [ -70.1285723, 41.2548394, 0.0 ] ] ], [ [ [ -70.1198563, 41.2550562, 0.0 ], [ -70.1205089, 41.2554067, 0.0 ], [ -70.1211534, 41.2556622, 0.0 ], [ -70.1218359, 41.2560263, 0.0 ], [ -70.1220507, 41.2561409, 0.0 ], [ -70.122252, 41.2562477, 0.0 ], [ -70.1229692, 41.2565865, 0.0 ], [ -70.1230032, 41.2565968, 0.0 ], [ -70.1230391, 41.2566002, 0.0 ], [ -70.1230751, 41.2565963, 0.0 ], [ -70.1231083, 41.2565855, 0.0 ], [ -70.1231375, 41.2565681, 0.0 ], [ -70.1238581, 41.2559344, 0.0 ], [ -70.1239957, 41.2558133, 0.0 ], [ -70.12501, 41.2549212, 0.0 ], [ -70.1198563, 41.2550562, 0.0 ] ] ], [ [ [ -70.123305, 41.2566225, 0.0 ], [ -70.123274, 41.2566366, 0.0 ], [ -70.1232561, 41.25666, 0.0 ], [ -70.1232546, 41.2566872, 0.0 ], [ -70.1232704, 41.2567116, 0.0 ], [ -70.1232998, 41.2567273, 0.0 ], [ -70.1243425, 41.2571642, 0.0 ], [ -70.1243756, 41.2571748, 0.0 ], [ -70.124412, 41.2571744, 0.0 ], [ -70.1244448, 41.257163, 0.0 ], [ -70.1244685, 41.2571425, 0.0 ], [ -70.1248332, 41.2558964, 0.0 ], [ -70.1248372, 41.2558828, 0.0 ], [ -70.1250676, 41.2550955, 0.0 ], [ -70.123305, 41.2566225, 0.0 ] ] ], [ [ [ -70.1230618, 41.2568447, 0.0 ], [ -70.122624, 41.2572458, 0.0 ], [ -70.1228124, 41.2573697, 0.0 ], [ -70.1229419, 41.2574551, 0.0 ], [ -70.1230923, 41.2575539, 0.0 ], [ -70.1236274, 41.2570044, 0.0 ], [ -70.1231107, 41.25681, 0.0 ], [ -70.1230618, 41.2568447, 0.0 ] ] ], [ [ [ -70.1281652, 41.2591877, 0.0 ], [ -70.1281764, 41.2594645, 0.0 ], [ -70.128188, 41.2595863, 0.0 ], [ -70.1282008, 41.2597194, 0.0 ], [ -70.128227, 41.2599937, 0.0 ], [ -70.1282433, 41.2601672, 0.0 ], [ -70.1284378, 41.2601092, 0.0 ], [ -70.1283792, 41.2600092, 0.0 ], [ -70.1283599, 41.2599761, 0.0 ], [ -70.1285502, 41.2593631, 0.0 ], [ -70.1285654, 41.2593134, 0.0 ], [ -70.1285779, 41.2592723, 0.0 ], [ -70.1286528, 41.2590392, 0.0 ], [ -70.1286552, 41.2590317, 0.0 ], [ -70.1287592, 41.2587076, 0.0 ], [ -70.1288241, 41.2585055, 0.0 ], [ -70.1288289, 41.2584906, 0.0 ], [ -70.1288345, 41.258473, 0.0 ], [ -70.1288765, 41.2583422, 0.0 ], [ -70.1293224, 41.2581744, 0.0 ], [ -70.1295732, 41.2565441, 0.0 ], [ -70.1309936, 41.2562865, 0.0 ], [ -70.130893, 41.2552949, 0.0 ], [ -70.1288264, 41.2554794, 0.0 ], [ -70.1286751, 41.2554546, 0.0 ], [ -70.1254632, 41.2549163, 0.0 ], [ -70.1253204, 41.2549285, 0.0 ], [ -70.1247058, 41.2571235, 0.0 ], [ -70.124647, 41.2573334, 0.0 ], [ -70.1252557, 41.2582928, 0.0 ], [ -70.1253139, 41.2583771, 0.0 ], [ -70.1250681, 41.2585889, 0.0 ], [ -70.1241104, 41.2594149, 0.0 ], [ -70.1244231, 41.2595845, 0.0 ], [ -70.1246823, 41.2597399, 0.0 ], [ -70.1247513, 41.259669, 0.0 ], [ -70.1251433, 41.2598995, 0.0 ], [ -70.1253834, 41.2598697, 0.0 ], [ -70.1254399, 41.2598626, 0.0 ], [ -70.1257288, 41.2598268, 0.0 ], [ -70.1257734, 41.2598212, 0.0 ], [ -70.1261551, 41.259783, 0.0 ], [ -70.1262626, 41.2597263, 0.0 ], [ -70.1263033, 41.2597049, 0.0 ], [ -70.1265277, 41.2595703, 0.0 ], [ -70.1267836, 41.2594179, 0.0 ], [ -70.1272646, 41.2591141, 0.0 ], [ -70.1274027, 41.2590378, 0.0 ], [ -70.1277443, 41.2588488, 0.0 ], [ -70.1281512, 41.2586078, 0.0 ], [ -70.1281652, 41.2591877, 0.0 ] ] ], [ [ [ -70.11349, 41.2550611, 0.0 ], [ -70.1134589, 41.2552314, 0.0 ], [ -70.1131783, 41.2569458, 0.0 ], [ -70.1131083, 41.2573303, 0.0 ], [ -70.1130301, 41.2578665, 0.0 ], [ -70.1129353, 41.2583698, 0.0 ], [ -70.1128391, 41.2588806, 0.0 ], [ -70.1141634, 41.2589812, 0.0 ], [ -70.1133623, 41.2615029, 0.0 ], [ -70.1132448, 41.2618727, 0.0 ], [ -70.1130664, 41.2624344, 0.0 ], [ -70.1130315, 41.2625442, 0.0 ], [ -70.1129531, 41.262791, 0.0 ], [ -70.1128596, 41.2630852, 0.0 ], [ -70.1127806, 41.263334, 0.0 ], [ -70.1126926, 41.2636109, 0.0 ], [ -70.1126058, 41.2638839, 0.0 ], [ -70.112513, 41.2641445, 0.0 ], [ -70.1134126, 41.2643033, 0.0 ], [ -70.1141032, 41.2644252, 0.0 ], [ -70.1141071, 41.2644259, 0.0 ], [ -70.1141153, 41.2644188, 0.0 ], [ -70.114613, 41.2639879, 0.0 ], [ -70.1150006, 41.2636525, 0.0 ], [ -70.1221138, 41.2574936, 0.0 ], [ -70.1227766, 41.2568767, 0.0 ], [ -70.1228588, 41.2568047, 0.0 ], [ -70.1228817, 41.2567835, 0.0 ], [ -70.1228737, 41.2567481, 0.0 ], [ -70.1228731, 41.256706, 0.0 ], [ -70.1222484, 41.2563863, 0.0 ], [ -70.1210522, 41.2557822, 0.0 ], [ -70.1206784, 41.2556536, 0.0 ], [ -70.1206212, 41.255625, 0.0 ], [ -70.1204071, 41.2555457, 0.0 ], [ -70.1201063, 41.2553611, 0.0 ], [ -70.1195243, 41.2550773, 0.0 ], [ -70.1191299, 41.254882, 0.0 ], [ -70.1185, 41.2545438, 0.0 ], [ -70.1183549, 41.2544753, 0.0 ], [ -70.1181427, 41.2543752, 0.0 ], [ -70.1180394, 41.2543219, 0.0 ], [ -70.1164919, 41.2535474, 0.0 ], [ -70.1149735, 41.2527875, 0.0 ], [ -70.11349, 41.2550611, 0.0 ] ] ] ] } },
{ "type": "Feature", "properties": { "Name": "Miacomet Park", "Acres": 1.18404, "Address": "75 S Shore Rd", "Area": 51576.645025999998, "FID": 138, "Field_1": "Miacomet Park", "Hunting": null, "Name2": "Miacomet Park", "Owner": "NLB", "Perimeter": 1137.980698, "Seller_Nam": null }, "geometry": { "type": "Polygon", "coordinates": [ [ [ -70.1044239, 41.2460912, 0.0 ], [ -70.1042758, 41.2463896, 0.0 ], [ -70.1044005, 41.2464257, 0.0 ], [ -70.1044885, 41.2464552, 0.0 ], [ -70.1058203, 41.2468386, 0.0 ], [ -70.1059701, 41.2465656, 0.0 ], [ -70.1056353, 41.2464602, 0.0 ], [ -70.1045033, 41.2461159, 0.0 ], [ -70.1044239, 41.2460912, 0.0 ] ] ] } },
{ "type": "Feature", "properties": { "Name": "Industrial Park", "Acres": 8.57765, "Address": "3, 21, 23, 25 Industry Rd, 42 Fairgrounds Rd, 2, 4 Shadbush Rd", "Area": 373640.99615000002, "FID": 139, "Field_1": "Industrial Park", "Hunting": null, "Name2": "Industrial Park", "Owner": "NLB", "Perimeter": 2712.975125, "Seller_Nam": null }, "geometry": { "type": "Polygon", "coordinates": [ [ [ -70.0481281, 41.257528, 0.0 ], [ -70.0481077, 41.2575469, 0.0 ], [ -70.0480949, 41.2575679, 0.0 ], [ -70.0480872, 41.2575878, 0.0 ], [ -70.0480908, 41.2576126, 0.0 ], [ -70.0481992, 41.2583792, 0.0 ], [ -70.0482617, 41.2588436, 0.0 ], [ -70.0482966, 41.2590953, 0.0 ], [ -70.0483847, 41.2593158, 0.0 ], [ -70.0485951, 41.2598441, 0.0 ], [ -70.0487734, 41.2603052, 0.0 ], [ -70.049754, 41.260243, 0.0 ], [ -70.0497439, 41.2600702, 0.0 ], [ -70.0497402, 41.2600131, 0.0 ], [ -70.0497194, 41.2596627, 0.0 ], [ -70.0496663, 41.2588616, 0.0 ], [ -70.0495934, 41.258022, 0.0 ], [ -70.0495572, 41.2575302, 0.0 ], [ -70.049557, 41.2575189, 0.0 ], [ -70.0495544, 41.2575078, 0.0 ], [ -70.0495494, 41.2574972, 0.0 ], [ -70.0495422, 41.2574874, 0.0 ], [ -70.049533, 41.2574785, 0.0 ], [ -70.0495219, 41.2574709, 0.0 ], [ -70.0495094, 41.2574648, 0.0 ], [ -70.0494957, 41.2574603, 0.0 ], [ -70.0494812, 41.2574576, 0.0 ], [ -70.0494663, 41.2574567, 0.0 ], [ -70.0494514, 41.2574576, 0.0 ], [ -70.0494161, 41.257458, 0.0 ], [ -70.0493724, 41.2574585, 0.0 ], [ -70.048304, 41.2574705, 0.0 ], [ -70.048237, 41.2574741, 0.0 ], [ -70.048194, 41.2574882, 0.0 ], [ -70.0481572, 41.2575071, 0.0 ], [ -70.0481281, 41.257528, 0.0 ] ] ] } },
{ "type": "Feature", "properties": { "Name": "Reyes", "Acres": 11.2569, "Address": "231 Polpis Rd", "Area": 490349.87231100001, "FID": 140, "Field_1": "Reyes", "Hunting": null, "Name2": "Reyes", "Owner": "NLB", "Perimeter": 2879.846879, "Seller_Nam": null }, "geometry": { "type": "Polygon", "coordinates": [ [ [ -70.0243887, 41.2905481, 0.0 ], [ -70.0247654, 41.2906605, 0.0 ], [ -70.0257354, 41.2909499, 0.0 ], [ -70.0259611, 41.291002, 0.0 ], [ -70.0262935, 41.2910734, 0.0 ], [ -70.0276526, 41.2908797, 0.0 ], [ -70.0274476, 41.2905578, 0.0 ], [ -70.0271534, 41.2900953, 0.0 ], [ -70.026771, 41.2895149, 0.0 ], [ -70.0253339, 41.2885445, 0.0 ], [ -70.0252823, 41.2885097, 0.0 ], [ -70.0250777, 41.2886918, 0.0 ], [ -70.0245411, 41.2891753, 0.0 ], [ -70.0247346, 41.2898294, 0.0 ], [ -70.0246237, 41.2900758, 0.0 ], [ -70.0243887, 41.2905481, 0.0 ] ] ] } },
{ "type": "Feature", "properties": { "Name": "Head of Plains", "Acres": 13.3305, "Address": "County Rd", "Area": 580674.76577900001, "FID": 141, "Field_1": "Head of Plains", "Hunting": null, "Name2": "Head of Plains", "Owner": "NLB", "Perimeter": 3078.58992, "Seller_Nam": null }, "geometry": { "type": "Polygon", "coordinates": [ [ [ -70.1727087, 41.271366, 0.0 ], [ -70.1721765, 41.2706797, 0.0 ], [ -70.1712296, 41.269484, 0.0 ], [ -70.1692249, 41.2708675, 0.0 ], [ -70.170677, 41.2727291, 0.0 ], [ -70.1713208, 41.2722972, 0.0 ], [ -70.1718961, 41.2719112, 0.0 ], [ -70.1727087, 41.271366, 0.0 ] ] ] } },
{ "type": "Feature", "properties": { "Name": "Seaside Gardens", "Acres": 0.242561, "Address": "14, 16 Candle House Ln", "Area": 10565.931753000001, "FID": 142, "Field_1": "Seaside Gardens", "Hunting": null, "Name2": "Seaside Gardens", "Owner": "NLB", "Perimeter": 413.758912, "Seller_Nam": null }, "geometry": { "type": "Polygon", "coordinates": [ [ [ -70.10261, 41.2790149, 0.0 ], [ -70.1026332, 41.2787722, 0.0 ], [ -70.1022335, 41.278761, 0.0 ], [ -70.1022394, 41.2790671, 0.0 ], [ -70.10261, 41.2790149, 0.0 ] ] ] } },
{ "type": "Feature", "properties": { "Name": "Miacomet Road", "Acres": 0.189098, "Address": "13 Miacomet Rd", "Area": 8237.089707, "FID": 143, "Field_1": "Miacomet Road", "Hunting": null, "Name2": "Miacomet Road", "Owner": "NLB", "Perimeter": 379.515436, "Seller_Nam": null }, "geometry": { "type": "Polygon", "coordinates": [ [ [ -70.1018728, 41.262243, 0.0 ], [ -70.102115, 41.2619995, 0.0 ], [ -70.1019385, 41.2619011, 0.0 ], [ -70.1018321, 41.2619935, 0.0 ], [ -70.1016148, 41.262152, 0.0 ], [ -70.1016737, 41.2621985, 0.0 ], [ -70.1018728, 41.262243, 0.0 ] ] ] } },
{ "type": "Feature", "properties": { "Name": "Miacomet Road", "Acres": 0.182391, "Address": "11 Miacomet Rd", "Area": 7944.918677, "FID": 144, "Field_1": "Miacomet Road", "Hunting": null, "Name2": "Miacomet Road", "Owner": "NLB", "Perimeter": 359.826463, "Seller_Nam": null }, "geometry": { "type": "Polygon", "coordinates": [ [ [ -70.1015194, 41.2622095, 0.0 ], [ -70.1012478, 41.2623488, 0.0 ], [ -70.1014425, 41.2625731, 0.0 ], [ -70.1016797, 41.2623694, 0.0 ], [ -70.1015194, 41.2622095, 0.0 ] ] ] } },
{ "type": "Feature", "properties": { "Name": "Miacomet Road", "Acres": 0.19864, "Address": "7 Miacomet Rd", "Area": 8652.714616, "FID": 145, "Field_1": "Miacomet Road", "Hunting": null, "Name2": "Miacomet Road", "Owner": "NLB", "Perimeter": 405.980491, "Seller_Nam": null }, "geometry": { "type": "Polygon", "coordinates": [ [ [ -70.101184, 41.2629354, 0.0 ], [ -70.1010034, 41.2628332, 0.0 ], [ -70.1008598, 41.2629776, 0.0 ], [ -70.1006625, 41.2630229, 0.0 ], [ -70.1006881, 41.2630753, 0.0 ], [ -70.1009163, 41.2632046, 0.0 ], [ -70.101184, 41.2629354, 0.0 ] ] ] } },
{ "type": "Feature", "properties": { "Name": "Miacomet Road", "Acres": 0.798402, "Address": "15 Miacomet Rd", "Area": 34778.233185999998, "FID": 146, "Field_1": "Miacomet Road", "Hunting": null, "Name2": "Miacomet Road", "Owner": "NLB", "Perimeter": 749.649264, "Seller_Nam": null }, "geometry": { "type": "Polygon", "coordinates": [ [ [ -70.1024076, 41.2621625, 0.0 ], [ -70.1028459, 41.2617199, 0.0 ], [ -70.1023089, 41.261417, 0.0 ], [ -70.1019385, 41.2619011, 0.0 ], [ -70.1024076, 41.2621625, 0.0 ] ] ] } },
{ "type": "Feature", "properties": { "Name": "NISDA", "Acres": 0.097628, "Address": "73 Washington St", "Area": 8010.179955, "FID": 147, "Field_1": "NISDA", "Hunting": null, "Name2": "NISDA", "Owner": "NLB", "Perimeter": 370.453584, "Seller_Nam": null }, "geometry": { "type": "Polygon", "coordinates": [ [ [ -70.0944534, 41.2797303, 0.0 ], [ -70.09452, 41.2796756, 0.0 ], [ -70.0944891, 41.2796508, 0.0 ], [ -70.094427, 41.2796917, 0.0 ], [ -70.0943809, 41.2797326, 0.0 ], [ -70.0943409, 41.2797703, 0.0 ], [ -70.0942999, 41.2798152, 0.0 ], [ -70.0942788, 41.2798594, 0.0 ], [ -70.0942729, 41.2798873, 0.0 ], [ -70.0942699, 41.2799116, 0.0 ], [ -70.0942717, 41.2799373, 0.0 ], [ -70.0942791, 41.2799573, 0.0 ], [ -70.0942922, 41.2799817, 0.0 ], [ -70.0943303, 41.2800402, 0.0 ], [ -70.0944668, 41.2799459, 0.0 ], [ -70.094413, 41.2798987, 0.0 ], [ -70.0944534, 41.2797303, 0.0 ] ] ] } },
{ "type": "Feature", "properties": { "Name": "Hamm Pony Fields", "Acres": 0.348147, "Address": "1, 12, 14 Mill St", "Area": 14902.263279000001, "FID": 148, "Field_1": "Hamm Pony Fields", "Hunting": null, "Name2": "Hamm Pony Fields", "Owner": "NLB", "Perimeter": 686.492821, "Seller_Nam": null }, "geometry": { "type": "Polygon", "coordinates": [ [ [ -70.1036363, 41.2789833, 0.0 ], [ -70.1034238, 41.2787966, 0.0 ], [ -70.1031719, 41.2789004, 0.0 ], [ -70.1027022, 41.2788912, 0.0 ], [ -70.1026857, 41.2790291, 0.0 ], [ -70.1031922, 41.2789734, 0.0 ], [ -70.1032466, 41.2791743, 0.0 ], [ -70.1035667, 41.2790427, 0.0 ], [ -70.1036363, 41.2789833, 0.0 ] ] ] } },
{ "type": "Feature", "properties": { "Name": "Smooth Hummocks Conservation Preserve", "Acres": 36.853802, "Address": "Smooth Hummocks", "Area": 1615071.2515400001, "FID": 149, "Field_1": "Smooth Hummocks Conservation Preserve", "Hunting": null, "Name2": "Smooth Hummocks Conservation Preserve", "Owner": "NLB", "Perimeter": 6351.186621, "Seller_Nam": null }, "geometry": { "type": "Polygon", "coordinates": [ [ [ -70.136352, 41.2540435, 0.0 ], [ -70.1371442, 41.2528241, 0.0 ], [ -70.1381955, 41.2512058, 0.0 ], [ -70.1394342, 41.249299, 0.0 ], [ -70.1397753, 41.2487741, 0.0 ], [ -70.1373952, 41.2482778, 0.0 ], [ -70.1368292, 41.2491484, 0.0 ], [ -70.1354931, 41.2512035, 0.0 ], [ -70.1340665, 41.2533975, 0.0 ], [ -70.133358, 41.254487, 0.0 ], [ -70.1344962, 41.2544526, 0.0 ], [ -70.1357687, 41.2544141, 0.0 ], [ -70.1360583, 41.2544956, 0.0 ], [ -70.136352, 41.2540435, 0.0 ] ] ] } },
{ "type": "Feature", "properties": { "Name": "Smooth Hummocks Conservation Preserve", "Acres": 39.1092, "Address": "Smooth Hummocks", "Area": 1703588.55978, "FID": 150, "Field_1": "Smooth Hummocks Conservation Preserve", "Hunting": null, "Name2": "Smooth Hummocks Conservation Preserve", "Owner": "NLB", "Perimeter": 6421.110732, "Seller_Nam": null }, "geometry": { "type": "Polygon", "coordinates": [ [ [ -70.1419461, 41.2551448, 0.0 ], [ -70.1452342, 41.250097, 0.0 ], [ -70.1452081, 41.250097, 0.0 ], [ -70.1454764, 41.2496817, 0.0 ], [ -70.1453821, 41.2496505, 0.0 ], [ -70.1452563, 41.2496026, 0.0 ], [ -70.1452011, 41.2495815, 0.0 ], [ -70.1450736, 41.2495288, 0.0 ], [ -70.1449511, 41.2494922, 0.0 ], [ -70.1447327, 41.2494433, 0.0 ], [ -70.1445834, 41.2493985, 0.0 ], [ -70.1444449, 41.2493619, 0.0 ], [ -70.1443601, 41.2493375, 0.0 ], [ -70.1442374, 41.249329, 0.0 ], [ -70.1441039, 41.2493004, 0.0 ], [ -70.1439231, 41.2492878, 0.0 ], [ -70.1438322, 41.2492835, 0.0 ], [ -70.1437044, 41.2492912, 0.0 ], [ -70.143603, 41.2492989, 0.0 ], [ -70.1434534, 41.2493024, 0.0 ], [ -70.1432831, 41.2492737, 0.0 ], [ -70.1430892, 41.2492403, 0.0 ], [ -70.1429903, 41.2493919, 0.0 ], [ -70.1427677, 41.2497333, 0.0 ], [ -70.1411756, 41.2521748, 0.0 ], [ -70.1406141, 41.2530357, 0.0 ], [ -70.1390985, 41.2553494, 0.0 ], [ -70.141381, 41.2560192, 0.0 ], [ -70.1418537, 41.2552882, 0.0 ], [ -70.1418817, 41.2552444, 0.0 ], [ -70.1419461, 41.2551448, 0.0 ] ] ] } },
{ "type": "Feature", "properties": { "Name": "Smooth Hummocks Conservation Preserve", "Acres": 3.57944, "Address": "Mioxes Pond Rd", "Area": 155919.67994199999, "FID": 151, "Field_1": "Smooth Hummocks Conservation Preserve", "Hunting": null, "Name2": "Smooth Hummocks Conservation Preserve", "Owner": "NLB", "Perimeter": 2711.122509, "Seller_Nam": null }, "geometry": { "type": "Polygon", "coordinates": [ [ [ -70.1329207, 41.2467931, 0.0 ], [ -70.1328209, 41.2467588, 0.0 ], [ -70.1327528, 41.246738, 0.0 ], [ -70.1326712, 41.2467069, 0.0 ], [ -70.1325623, 41.2466654, 0.0 ], [ -70.1325074, 41.2466513, 0.0 ], [ -70.1323878, 41.246835, 0.0 ], [ -70.131571, 41.2480889, 0.0 ], [ -70.1305215, 41.2497001, 0.0 ], [ -70.1309833, 41.2497951, 0.0 ], [ -70.1322143, 41.2478877, 0.0 ], [ -70.1322624, 41.2478131, 0.0 ], [ -70.1329207, 41.2467931, 0.0 ] ] ] } },
{ "type": "Feature", "properties": { "Name": "Smooth Hummocks Conservation Preserve", "Acres": 42.0238, "Address": "Smooth Hummocks", "Area": 1830551.6015000001, "FID": 152, "Field_1": "Smooth Hummocks Conservation Preserve", "Hunting": null, "Name2": "Smooth Hummocks Conservation Preserve", "Owner": "NLB", "Perimeter": 6440.73099, "Seller_Nam": null }, "geometry": { "type": "Polygon", "coordinates": [ [ [ -70.1359974, 41.2501676, 0.0 ], [ -70.133952, 41.2493943, 0.0 ], [ -70.1326586, 41.2513825, 0.0 ], [ -70.1319752, 41.2514048, 0.0 ], [ -70.1318993, 41.2514073, 0.0 ], [ -70.13121, 41.2514298, 0.0 ], [ -70.1306342, 41.252291, 0.0 ], [ -70.1291738, 41.2517693, 0.0 ], [ -70.1291335, 41.2517549, 0.0 ], [ -70.1291449, 41.2518301, 0.0 ], [ -70.1295706, 41.2546009, 0.0 ], [ -70.1310428, 41.2545542, 0.0 ], [ -70.1311529, 41.2545507, 0.0 ], [ -70.1332248, 41.254485, 0.0 ], [ -70.1333019, 41.2543853, 0.0 ], [ -70.1359974, 41.2501676, 0.0 ] ] ] } },
{ "type": "Feature", "properties": { "Name": "Smooth Hummocks Conservation Preserve", "Acres": 35.282398, "Address": "Off Bartlett Rd", "Area": 1536894.65858, "FID": 153, "Field_1": "Smooth Hummocks Conservation Preserve", "Hunting": null, "Name2": "Smooth Hummocks Conservation Preserve", "Owner": "NLB", "Perimeter": 6206.73824, "Seller_Nam": null }, "geometry": { "type": "Polygon", "coordinates": [ [ [ -70.13218, 41.24692, 0.0 ], [ -70.1313105, 41.2468338, 0.0 ], [ -70.1312673, 41.2468296, 0.0 ], [ -70.1299689, 41.246701, 0.0 ], [ -70.1289743, 41.2482341, 0.0 ], [ -70.1285431, 41.2482037, 0.0 ], [ -70.1280065, 41.2481656, 0.0 ], [ -70.1269293, 41.2480762, 0.0 ], [ -70.124908, 41.2512199, 0.0 ], [ -70.1265441, 41.2513711, 0.0 ], [ -70.1278839, 41.2514949, 0.0 ], [ -70.1281784, 41.2511979, 0.0 ], [ -70.1286256, 41.2504833, 0.0 ], [ -70.1287025, 41.2504013, 0.0 ], [ -70.1288996, 41.2501092, 0.0 ], [ -70.1291219, 41.2497793, 0.0 ], [ -70.1293805, 41.2493952, 0.0 ], [ -70.1303404, 41.2497399, 0.0 ], [ -70.1303967, 41.2496537, 0.0 ], [ -70.13218, 41.24692, 0.0 ] ] ] } },
{ "type": "Feature", "properties": { "Name": "321 Woodbury Lane", "Acres": 0.180077, "Address": "321 Woodbury Ln", "Area": 7844.143653, "FID": 154, "Field_1": "321 Woodbury Lane", "Hunting": null, "Name2": "321 Woodbury Lane", "Owner": "NLB", "Perimeter": 394.366426, "Seller_Nam": null }, "geometry": { "type": "Polygon", "coordinates": [ [ [ -70.1093694, 41.2841379, 0.0 ], [ -70.1094602, 41.2837856, 0.0 ], [ -70.1094035, 41.2837567, 0.0 ], [ -70.1092655, 41.2837115, 0.0 ], [ -70.1091771, 41.284118, 0.0 ], [ -70.1093694, 41.2841379, 0.0 ] ] ] } },
{ "type": "Feature", "properties": { "Name": "Dog Park", "Acres": 2.24199, "Address": "1, 3 Miacomet Rd", "Area": 97660.673486999993, "FID": 155, "Field_1": "Dog Park", "Hunting": null, "Name2": "Dog Park", "Owner": "NLB", "Perimeter": 2570.184146, "Seller_Nam": null }, "geometry": { "type": "Polygon", "coordinates": [ [ [ -70.102115, 41.2619995, 0.0 ], [ -70.1005955, 41.2635271, 0.0 ], [ -70.1005459, 41.2635769, 0.0 ], [ -70.100264, 41.2636313, 0.0 ], [ -70.1000769, 41.2630799, 0.0 ], [ -70.1001378, 41.2628976, 0.0 ], [ -70.1000759, 41.2629282, 0.0 ], [ -70.1000593, 41.2629375, 0.0 ], [ -70.1000368, 41.2629543, 0.0 ], [ -70.1000185, 41.2629739, 0.0 ], [ -70.100005, 41.2629955, 0.0 ], [ -70.0999966, 41.2630186, 0.0 ], [ -70.0999937, 41.2630424, 0.0 ], [ -70.0999963, 41.2630662, 0.0 ], [ -70.1000044, 41.2630894, 0.0 ], [ -70.1000064, 41.2630935, 0.0 ], [ -70.1003245, 41.2640306, 0.0 ], [ -70.1003358, 41.2640559, 0.0 ], [ -70.1003588, 41.2640876, 0.0 ], [ -70.1003898, 41.264115, 0.0 ], [ -70.1004275, 41.2641373, 0.0 ], [ -70.1004384, 41.2641421, 0.0 ], [ -70.1004384, 41.2641422, 0.0 ], [ -70.1008738, 41.2637025, 0.0 ], [ -70.1010922, 41.263483, 0.0 ], [ -70.1014219, 41.2631515, 0.0 ], [ -70.1024076, 41.2621625, 0.0 ], [ -70.102115, 41.2619995, 0.0 ] ] ] } },
{ "type": "Feature", "properties": { "Name": "Dog Park", "Acres": 0.600412, "Address": "9 Miacomet Rd", "Area": 26153.842512, "FID": 156, "Field_1": "Dog Park", "Hunting": null, "Name2": "Dog Park", "Owner": "NLB", "Perimeter": 1052.091317, "Seller_Nam": null }, "geometry": { "type": "Polygon", "coordinates": [ [ [ -70.1012478, 41.2623488, 0.0 ], [ -70.1008489, 41.262546, 0.0 ], [ -70.1008122, 41.2625642, 0.0 ], [ -70.101037, 41.2626915, 0.0 ], [ -70.1009348, 41.2627943, 0.0 ], [ -70.1010034, 41.2628332, 0.0 ], [ -70.101184, 41.2629354, 0.0 ], [ -70.1018728, 41.262243, 0.0 ], [ -70.1016737, 41.2621985, 0.0 ], [ -70.1016148, 41.262152, 0.0 ], [ -70.1015566, 41.2621878, 0.0 ], [ -70.1015194, 41.2622095, 0.0 ], [ -70.1016797, 41.2623694, 0.0 ], [ -70.1014425, 41.2625731, 0.0 ], [ -70.1012478, 41.2623488, 0.0 ] ] ] } },
{ "type": "Feature", "properties": { "Name": "Dog Park", "Acres": 0.872582, "Address": "5 Miacomet Rd", "Area": 38009.531661000001, "FID": 157, "Field_1": "Dog Park", "Hunting": null, "Name2": "Dog Park", "Owner": "NLB", "Perimeter": 994.030417, "Seller_Nam": null }, "geometry": { "type": "Polygon", "coordinates": [ [ [ -70.1002899, 41.2628224, 0.0 ], [ -70.1005459, 41.2635769, 0.0 ], [ -70.1009163, 41.2632046, 0.0 ], [ -70.1006881, 41.2630753, 0.0 ], [ -70.1006625, 41.2630229, 0.0 ], [ -70.1008598, 41.2629776, 0.0 ], [ -70.1010034, 41.2628332, 0.0 ], [ -70.1009348, 41.2627943, 0.0 ], [ -70.101037, 41.2626915, 0.0 ], [ -70.1008122, 41.2625642, 0.0 ], [ -70.1002899, 41.2628224, 0.0 ] ] ] } },
{ "type": "Feature", "properties": { "Name": "Dog Park", "Acres": 0.477641, "Address": "3 Miacomet Rd", "Area": 20805.979929000001, "FID": 158, "Field_1": "Dog Park", "Hunting": null, "Name2": "Dog Park", "Owner": "NLB", "Perimeter": 689.645473, "Seller_Nam": null }, "geometry": { "type": "Polygon", "coordinates": [ [ [ -70.1002899, 41.2628224, 0.0 ], [ -70.1001378, 41.2628976, 0.0 ], [ -70.1000769, 41.2630799, 0.0 ], [ -70.100264, 41.2636313, 0.0 ], [ -70.1005459, 41.2635769, 0.0 ], [ -70.1002899, 41.2628224, 0.0 ] ] ] } },
{ "type": "Feature", "properties": { "Name": "Consue Springs", "Acres": 13.8647, "Address": "Washington St", "Area": 603944.91981500003, "FID": 159, "Field_1": "Consue Springs", "Hunting": null, "Name2": "Consue Springs", "Owner": "NLB", "Perimeter": 3611.637111, "Seller_Nam": null }, "geometry": { "type": "Polygon", "coordinates": [ [ [ -70.0925283, 41.2775763, 0.0 ], [ -70.092735, 41.2763065, 0.0 ], [ -70.092743, 41.2762577, 0.0 ], [ -70.0927435, 41.276253, 0.0 ], [ -70.0926794, 41.2762418, 0.0 ], [ -70.092633, 41.2762456, 0.0 ], [ -70.0925868, 41.2762259, 0.0 ], [ -70.0925273, 41.2762101, 0.0 ], [ -70.0924732, 41.276206, 0.0 ], [ -70.0924087, 41.2762, 0.0 ], [ -70.0923696, 41.276192, 0.0 ], [ -70.092331, 41.2761783, 0.0 ], [ -70.0922896, 41.2761781, 0.0 ], [ -70.0922674, 41.2761689, 0.0 ], [ -70.0922511, 41.2761666, 0.0 ], [ -70.0922079, 41.2761642, 0.0 ], [ -70.092157, 41.276155, 0.0 ], [ -70.0921035, 41.2761368, 0.0 ], [ -70.0920126, 41.2761218, 0.0 ], [ -70.0919139, 41.2761215, 0.0 ], [ -70.0919112, 41.2761215, 0.0 ], [ -70.0918734, 41.2761219, 0.0 ], [ -70.091757, 41.2761232, 0.0 ], [ -70.0916988, 41.276123, 0.0 ], [ -70.0916643, 41.2761105, 0.0 ], [ -70.0916435, 41.2760912, 0.0 ], [ -70.0916214, 41.2760607, 0.0 ], [ -70.0916067, 41.2760213, 0.0 ], [ -70.0916055, 41.2759919, 0.0 ], [ -70.0916096, 41.2759874, 0.0 ], [ -70.0916252, 41.2759694, 0.0 ], [ -70.091654, 41.2759368, 0.0 ], [ -70.0916778, 41.275913, 0.0 ], [ -70.0916879, 41.2758996, 0.0 ], [ -70.0916898, 41.2758969, 0.0 ], [ -70.0916915, 41.2758949, 0.0 ], [ -70.0916839, 41.2758872, 0.0 ], [ -70.0916808, 41.2758806, 0.0 ], [ -70.0916767, 41.2758699, 0.0 ], [ -70.0916714, 41.2758577, 0.0 ], [ -70.0916646, 41.2758511, 0.0 ], [ -70.0916569, 41.2758429, 0.0 ], [ -70.0916501, 41.2758388, 0.0 ], [ -70.0916392, 41.2758348, 0.0 ], [ -70.0916292, 41.2758306, 0.0 ], [ -70.091617, 41.2758291, 0.0 ], [ -70.0916056, 41.275824, 0.0 ], [ -70.0915984, 41.2758224, 0.0 ], [ -70.0915893, 41.2758224, 0.0 ], [ -70.0915774, 41.2758239, 0.0 ], [ -70.0915661, 41.2758264, 0.0 ], [ -70.0915524, 41.2758299, 0.0 ], [ -70.0915429, 41.2758293, 0.0 ], [ -70.0915388, 41.2758283, 0.0 ], [ -70.0915329, 41.2758267, 0.0 ], [ -70.0915242, 41.2758232, 0.0 ], [ -70.0915193, 41.2758165, 0.0 ], [ -70.0915089, 41.2758078, 0.0 ], [ -70.0914975, 41.2758017, 0.0 ], [ -70.0914821, 41.2757986, 0.0 ], [ -70.0914726, 41.2757981, 0.0 ], [ -70.0914612, 41.2757945, 0.0 ], [ -70.0914503, 41.2757909, 0.0 ], [ -70.0914417, 41.2757868, 0.0 ], [ -70.0914313, 41.2757822, 0.0 ], [ -70.0914186, 41.2757755, 0.0 ], [ -70.0914132, 41.2757689, 0.0 ], [ -70.0914046, 41.2757617, 0.0 ], [ -70.0914115, 41.2757485, 0.0 ], [ -70.0914119, 41.2757471, 0.0 ], [ -70.0914056, 41.2757464, 0.0 ], [ -70.0913726, 41.2757091, 0.0 ], [ -70.0913649, 41.2757077, 0.0 ], [ -70.0913376, 41.2757027, 0.0 ], [ -70.0912647, 41.2757266, 0.0 ], [ -70.0912281, 41.2757637, 0.0 ], [ -70.0912102, 41.2757896, 0.0 ], [ -70.0911771, 41.2758503, 0.0 ], [ -70.0911646, 41.2758866, 0.0 ], [ -70.091158, 41.2759207, 0.0 ], [ -70.0911678, 41.2759482, 0.0 ], [ -70.0911781, 41.2759812, 0.0 ], [ -70.0911616, 41.2760071, 0.0 ], [ -70.091125, 41.2760309, 0.0 ], [ -70.0910809, 41.2760394, 0.0 ], [ -70.0910377, 41.2760385, 0.0 ], [ -70.0909964, 41.2760271, 0.0 ], [ -70.0909583, 41.2760113, 0.0 ], [ -70.090898, 41.2759846, 0.0 ], [ -70.0908799, 41.275961, 0.0 ], [ -70.0908242, 41.27592, 0.0 ], [ -70.090819, 41.2758876, 0.0 ], [ -70.0908842, 41.275862, 0.0 ], [ -70.0909188, 41.2758475, 0.0 ], [ -70.0909507, 41.275832, 0.0 ], [ -70.0909756, 41.2757906, 0.0 ], [ -70.0909522, 41.2757533, 0.0 ], [ -70.0909127, 41.275737, 0.0 ], [ -70.0908618, 41.2757229, 0.0 ], [ -70.0907984, 41.2756896, 0.0 ], [ -70.0907822, 41.2756572, 0.0 ], [ -70.0907697, 41.2756264, 0.0 ], [ -70.0907327, 41.2755798, 0.0 ], [ -70.0906936, 41.2755794, 0.0 ], [ -70.0906427, 41.2755736, 0.0 ], [ -70.0906069, 41.2755551, 0.0 ], [ -70.0905771, 41.2755238, 0.0 ], [ -70.0905395, 41.2754998, 0.0 ], [ -70.0904204, 41.2754899, 0.0 ], [ -70.0896569, 41.2753299, 0.0 ], [ -70.0896379, 41.2753259, 0.0 ], [ -70.0896234, 41.2753799, 0.0 ], [ -70.0895947, 41.275401, 0.0 ], [ -70.0895212, 41.2754359, 0.0 ], [ -70.0894764, 41.2754807, 0.0 ], [ -70.089448, 41.275505, 0.0 ], [ -70.0894401, 41.2755436, 0.0 ], [ -70.0894579, 41.2756013, 0.0 ], [ -70.0894776, 41.2756419, 0.0 ], [ -70.0894797, 41.2756732, 0.0 ], [ -70.08948, 41.2757085, 0.0 ], [ -70.0894843, 41.2757376, 0.0 ], [ -70.0894964, 41.2757739, 0.0 ], [ -70.0894916, 41.2758162, 0.0 ], [ -70.0894655, 41.2758356, 0.0 ], [ -70.089418, 41.2758655, 0.0 ], [ -70.0893679, 41.2758899, 0.0 ], [ -70.0893109, 41.2759127, 0.0 ], [ -70.0892562, 41.2759295, 0.0 ], [ -70.0891906, 41.2759418, 0.0 ], [ -70.0891359, 41.2759625, 0.0 ], [ -70.0890781, 41.2759704, 0.0 ], [ -70.089037, 41.2759948, 0.0 ], [ -70.0889781, 41.2760352, 0.0 ], [ -70.0889761, 41.276066, 0.0 ], [ -70.0889823, 41.2760963, 0.0 ], [ -70.0889888, 41.2761413, 0.0 ], [ -70.0889958, 41.2761919, 0.0 ], [ -70.0890268, 41.2762545, 0.0 ], [ -70.0890446, 41.2763161, 0.0 ], [ -70.0890635, 41.2763418, 0.0 ], [ -70.0890975, 41.2763593, 0.0 ], [ -70.0891546, 41.276386, 0.0 ], [ -70.0891973, 41.2763968, 0.0 ], [ -70.0892568, 41.2764131, 0.0 ], [ -70.0893226, 41.2764398, 0.0 ], [ -70.0893864, 41.276489, 0.0 ], [ -70.0894057, 41.2765214, 0.0 ], [ -70.0894863, 41.2765771, 0.0 ], [ -70.0895093, 41.2766045, 0.0 ], [ -70.0895254, 41.276649, 0.0 ], [ -70.0895469, 41.2767095, 0.0 ], [ -70.0895683, 41.2767749, 0.0 ], [ -70.0895668, 41.2768024, 0.0 ], [ -70.0895728, 41.276848, 0.0 ], [ -70.0895694, 41.2768931, 0.0 ], [ -70.0895487, 41.2769235, 0.0 ], [ -70.0895244, 41.2769604, 0.0 ], [ -70.0895018, 41.2770073, 0.0 ], [ -70.0894473, 41.2770758, 0.0 ], [ -70.0893154, 41.2771526, 0.0 ], [ -70.089377, 41.2771722, 0.0 ], [ -70.0901586, 41.2774204, 0.0 ], [ -70.0917102, 41.277941, 0.0 ], [ -70.0920837, 41.2777745, 0.0 ], [ -70.0922647, 41.2776937, 0.0 ], [ -70.0925283, 41.2775763, 0.0 ] ] ] } },
{ "type": "Feature", "properties": { "Name": "Warrens Landing", "Acres": 16.914101, "Address": "55 Warrens Landing Rd", "Area": 736776.85632899997, "FID": 160, "Field_1": "Warrens Landing", "Hunting": null, "Name2": "Warrens Landing", "Owner": "NLB", "Perimeter": 4572.00916, "Seller_Nam": null }, "geometry": { "type": "Polygon", "coordinates": [ [ [ -70.1930543, 41.2886428, 0.0 ], [ -70.1930403, 41.2886226, 0.0 ], [ -70.1930237, 41.288599, 0.0 ], [ -70.1930072, 41.2885784, 0.0 ], [ -70.1929898, 41.2885546, 0.0 ], [ -70.1929782, 41.2885334, 0.0 ], [ -70.1929679, 41.2885119, 0.0 ], [ -70.1929544, 41.288493, 0.0 ], [ -70.192941, 41.2884737, 0.0 ], [ -70.1929288, 41.2884528, 0.0 ], [ -70.1929158, 41.2884305, 0.0 ], [ -70.1929024, 41.2884081, 0.0 ], [ -70.1928877, 41.288388, 0.0 ], [ -70.1928744, 41.2883682, 0.0 ], [ -70.1928617, 41.2883483, 0.0 ], [ -70.1928477, 41.2883278, 0.0 ], [ -70.1928345, 41.2883068, 0.0 ], [ -70.192823, 41.2882866, 0.0 ], [ -70.1928121, 41.2882673, 0.0 ], [ -70.1927997, 41.2882463, 0.0 ], [ -70.1927858, 41.2882218, 0.0 ], [ -70.1927763, 41.2882032, 0.0 ], [ -70.1927675, 41.2881857, 0.0 ], [ -70.1927542, 41.2881602, 0.0 ], [ -70.1927415, 41.2881382, 0.0 ], [ -70.1927291, 41.28812, 0.0 ], [ -70.1927175, 41.2881007, 0.0 ], [ -70.1927059, 41.2880803, 0.0 ], [ -70.1926927, 41.2880594, 0.0 ], [ -70.1926788, 41.2880391, 0.0 ], [ -70.1926681, 41.2880189, 0.0 ], [ -70.1926579, 41.2879987, 0.0 ], [ -70.1926475, 41.287978, 0.0 ], [ -70.1926372, 41.287956, 0.0 ], [ -70.1926246, 41.2879354, 0.0 ], [ -70.1926127, 41.2879161, 0.0 ], [ -70.1925988, 41.2878926, 0.0 ], [ -70.1925841, 41.2878683, 0.0 ], [ -70.1925703, 41.2878433, 0.0 ], [ -70.1925547, 41.2878194, 0.0 ], [ -70.1925428, 41.2878006, 0.0 ], [ -70.1925317, 41.2877808, 0.0 ], [ -70.1925204, 41.287762, 0.0 ], [ -70.1925086, 41.2877419, 0.0 ], [ -70.1924979, 41.2877221, 0.0 ], [ -70.1924844, 41.287697, 0.0 ], [ -70.1924729, 41.2876746, 0.0 ], [ -70.1924604, 41.2876499, 0.0 ], [ -70.1924503, 41.2876299, 0.0 ], [ -70.1924395, 41.2876067, 0.0 ], [ -70.1924285, 41.2875821, 0.0 ], [ -70.1924189, 41.2875564, 0.0 ], [ -70.1924093, 41.2875324, 0.0 ], [ -70.1924007, 41.2875112, 0.0 ], [ -70.1923875, 41.2874873, 0.0 ], [ -70.1923731, 41.2874674, 0.0 ], [ -70.1923583, 41.2874454, 0.0 ], [ -70.1923451, 41.2874257, 0.0 ], [ -70.1923282, 41.2874058, 0.0 ], [ -70.1923118, 41.2873847, 0.0 ], [ -70.1922997, 41.2873627, 0.0 ], [ -70.1922883, 41.2873425, 0.0 ], [ -70.1922796, 41.2873224, 0.0 ], [ -70.1922698, 41.2872992, 0.0 ], [ -70.1922587, 41.2872784, 0.0 ], [ -70.1922495, 41.2872576, 0.0 ], [ -70.1922428, 41.2872388, 0.0 ], [ -70.1922419, 41.2872368, 0.0 ], [ -70.1922319, 41.2872166, 0.0 ], [ -70.1922217, 41.2871938, 0.0 ], [ -70.1922111, 41.2871711, 0.0 ], [ -70.1922027, 41.2871526, 0.0 ], [ -70.1921925, 41.2871281, 0.0 ], [ -70.1921838, 41.2871015, 0.0 ], [ -70.1921759, 41.2870769, 0.0 ], [ -70.1921637, 41.2870514, 0.0 ], [ -70.1921554, 41.2870331, 0.0 ], [ -70.192146, 41.2870088, 0.0 ], [ -70.1921369, 41.2869882, 0.0 ], [ -70.1921295, 41.2869662, 0.0 ], [ -70.1921192, 41.2869438, 0.0 ], [ -70.1921129, 41.2869236, 0.0 ], [ -70.1921037, 41.2868977, 0.0 ], [ -70.1920945, 41.2868724, 0.0 ], [ -70.1920869, 41.2868521, 0.0 ], [ -70.1920753, 41.2868263, 0.0 ], [ -70.1920653, 41.2868066, 0.0 ], [ -70.1920567, 41.286786, 0.0 ], [ -70.1920497, 41.2867653, 0.0 ], [ -70.1920435, 41.2867455, 0.0 ], [ -70.1920372, 41.2867201, 0.0 ], [ -70.1920327, 41.2867009, 0.0 ], [ -70.1920253, 41.286679, 0.0 ], [ -70.1920153, 41.2866556, 0.0 ], [ -70.1920091, 41.2866364, 0.0 ], [ -70.1920023, 41.2866126, 0.0 ], [ -70.1919939, 41.2865893, 0.0 ], [ -70.1919867, 41.2865684, 0.0 ], [ -70.1919806, 41.2865447, 0.0 ], [ -70.1919747, 41.2865233, 0.0 ], [ -70.1919659, 41.2865006, 0.0 ], [ -70.1919611, 41.2864875, 0.0 ], [ -70.1919584, 41.2864799, 0.0 ], [ -70.1919577, 41.286478, 0.0 ], [ -70.191943, 41.2863816, 0.0 ], [ -70.1919515, 41.2862074, 0.0 ], [ -70.1919476, 41.2861665, 0.0 ], [ -70.191941, 41.2861339, 0.0 ], [ -70.1919311, 41.2861018, 0.0 ], [ -70.191919, 41.2860702, 0.0 ], [ -70.1919041, 41.2860393, 0.0 ], [ -70.1918838, 41.2860055, 0.0 ], [ -70.1918292, 41.2860269, 0.0 ], [ -70.1906148, 41.2865034, 0.0 ], [ -70.1898868, 41.2863733, 0.0 ], [ -70.1888038, 41.2862937, 0.0 ], [ -70.1879223, 41.2861864, 0.0 ], [ -70.1879149, 41.286185, 0.0 ], [ -70.1879073, 41.2861847, 0.0 ], [ -70.1878997, 41.2861853, 0.0 ], [ -70.1878923, 41.2861868, 0.0 ], [ -70.1878855, 41.2861893, 0.0 ], [ -70.1878793, 41.2861927, 0.0 ], [ -70.1878739, 41.2861968, 0.0 ], [ -70.1878696, 41.2862015, 0.0 ], [ -70.1878664, 41.2862068, 0.0 ], [ -70.1878644, 41.2862123, 0.0 ], [ -70.1878637, 41.286218, 0.0 ], [ -70.1878644, 41.2862238, 0.0 ], [ -70.1878663, 41.2862293, 0.0 ], [ -70.1878694, 41.2862346, 0.0 ], [ -70.1878737, 41.2862393, 0.0 ], [ -70.1878791, 41.2862435, 0.0 ], [ -70.1879365, 41.2862895, 0.0 ], [ -70.1908189, 41.2888339, 0.0 ], [ -70.1918516, 41.2885066, 0.0 ], [ -70.1931045, 41.2887233, 0.0 ], [ -70.1931504, 41.2887312, 0.0 ], [ -70.193119, 41.2886443, 0.0 ], [ -70.1930631, 41.2885413, 0.0 ], [ -70.1930215, 41.2884727, 0.0 ], [ -70.192965, 41.2884098, 0.0 ], [ -70.1929238, 41.2883726, 0.0 ], [ -70.192875, 41.2882896, 0.0 ], [ -70.1928336, 41.2882125, 0.0 ], [ -70.1927658, 41.2881181, 0.0 ], [ -70.1930543, 41.2886428, 0.0 ] ] ] } },
{ "type": "Feature", "properties": { "Name": "Duck Pond", "Acres": 3.40899, "Address": "84, 86, 90 Union St, Consue Springs", "Area": 148495.15979000001, "FID": 161, "Field_1": "Duck Pond", "Hunting": null, "Name2": "Duck Pond", "Owner": "NLB", "Perimeter": 1942.134365, "Seller_Nam": null }, "geometry": { "type": "Polygon", "coordinates": [ [ [ -70.0935799, 41.2771839, 0.0 ], [ -70.0935794, 41.2771123, 0.0 ], [ -70.0935873, 41.2770832, 0.0 ], [ -70.093604, 41.2770419, 0.0 ], [ -70.093621, 41.2770163, 0.0 ], [ -70.0936438, 41.2769939, 0.0 ], [ -70.0937778, 41.2768847, 0.0 ], [ -70.0941356, 41.2765967, 0.0 ], [ -70.094158, 41.276573, 0.0 ], [ -70.0942166, 41.2765199, 0.0 ], [ -70.0942902, 41.2764519, 0.0 ], [ -70.0943351, 41.2764011, 0.0 ], [ -70.0943768, 41.2763448, 0.0 ], [ -70.0944154, 41.2762823, 0.0 ], [ -70.0944215, 41.2762553, 0.0 ], [ -70.0944167, 41.2762282, 0.0 ], [ -70.0944018, 41.2762033, 0.0 ], [ -70.0942478, 41.2761023, 0.0 ], [ -70.0940544, 41.2762685, 0.0 ], [ -70.0939167, 41.2761817, 0.0 ], [ -70.0938888, 41.2762083, 0.0 ], [ -70.0937462, 41.2761143, 0.0 ], [ -70.0937509, 41.2761102, 0.0 ], [ -70.0936058, 41.2760219, 0.0 ], [ -70.0936123, 41.2760164, 0.0 ], [ -70.0934504, 41.2759253, 0.0 ], [ -70.0932963, 41.276065, 0.0 ], [ -70.09319, 41.2759642, 0.0 ], [ -70.0931132, 41.2758908, 0.0 ], [ -70.0930454, 41.2758267, 0.0 ], [ -70.0929745, 41.2757437, 0.0 ], [ -70.0928414, 41.276515, 0.0 ], [ -70.0928272, 41.2766105, 0.0 ], [ -70.0928245, 41.2766105, 0.0 ], [ -70.0928221, 41.27663, 0.0 ], [ -70.0928077, 41.276743, 0.0 ], [ -70.0927939, 41.2768539, 0.0 ], [ -70.0927819, 41.2769396, 0.0 ], [ -70.0927645, 41.2770432, 0.0 ], [ -70.0927499, 41.2771278, 0.0 ], [ -70.0927404, 41.2771903, 0.0 ], [ -70.0927234, 41.2772918, 0.0 ], [ -70.0926946, 41.2774574, 0.0 ], [ -70.0931908, 41.2772369, 0.0 ], [ -70.09321, 41.277261, 0.0 ], [ -70.0932589, 41.2773246, 0.0 ], [ -70.093377, 41.2772762, 0.0 ], [ -70.0935799, 41.2771839, 0.0 ] ] ] } },
{ "type": "Feature", "properties": { "Name": "Ottison", "Acres": 7.9748, "Address": "160, 162, 170 Orange St", "Area": 347381.11559100001, "FID": 162, "Field_1": "Ottison", "Hunting": null, "Name2": "Ottison", "Owner": "NLB", "Perimeter": 2854.801639, "Seller_Nam": null }, "geometry": { "type": "Polygon", "coordinates": [ [ [ -70.0897437, 41.2729404, 0.0 ], [ -70.0898921, 41.2728033, 0.0 ], [ -70.0893318, 41.2722557, 0.0 ], [ -70.0887377, 41.271675, 0.0 ], [ -70.0886616, 41.2716298, 0.0 ], [ -70.0885869, 41.2715852, 0.0 ], [ -70.0884614, 41.2715106, 0.0 ], [ -70.0876824, 41.2723881, 0.0 ], [ -70.0878434, 41.2725211, 0.0 ], [ -70.0877936, 41.272775, 0.0 ], [ -70.0877642, 41.2728147, 0.0 ], [ -70.0877395, 41.272915, 0.0 ], [ -70.0875792, 41.2730262, 0.0 ], [ -70.0877187, 41.2733376, 0.0 ], [ -70.0877525, 41.2733116, 0.0 ], [ -70.0877781, 41.2732895, 0.0 ], [ -70.0877811, 41.2732493, 0.0 ], [ -70.0877919, 41.2731942, 0.0 ], [ -70.0878144, 41.2731562, 0.0 ], [ -70.0878528, 41.2731169, 0.0 ], [ -70.0878912, 41.2730904, 0.0 ], [ -70.0879359, 41.273072, 0.0 ], [ -70.0879698, 41.2730922, 0.0 ], [ -70.0880336, 41.2731481, 0.0 ], [ -70.0880143, 41.2731878, 0.0 ], [ -70.0880031, 41.2732214, 0.0 ], [ -70.0879979, 41.2732616, 0.0 ], [ -70.0880191, 41.2732923, 0.0 ], [ -70.0880106, 41.2733402, 0.0 ], [ -70.0879967, 41.2733854, 0.0 ], [ -70.0879819, 41.2734223, 0.0 ], [ -70.0879597, 41.2734686, 0.0 ], [ -70.0879418, 41.2735044, 0.0 ], [ -70.087918, 41.2735309, 0.0 ], [ -70.0878773, 41.2735691, 0.0 ], [ -70.0878439, 41.2735995, 0.0 ], [ -70.0878205, 41.2736326, 0.0 ], [ -70.0878143, 41.2736678, 0.0 ], [ -70.08781, 41.2737091, 0.0 ], [ -70.0878052, 41.2737542, 0.0 ], [ -70.0877881, 41.2737862, 0.0 ], [ -70.087721, 41.2738256, 0.0 ], [ -70.0876889, 41.2738664, 0.0 ], [ -70.0877237, 41.273913, 0.0 ], [ -70.0878125, 41.2738951, 0.0 ], [ -70.087866, 41.2739141, 0.0 ], [ -70.0878922, 41.2739365, 0.0 ], [ -70.0879202, 41.2739678, 0.0 ], [ -70.0879396, 41.2740018, 0.0 ], [ -70.0879687, 41.2740633, 0.0 ], [ -70.0879934, 41.2741204, 0.0 ], [ -70.088009, 41.2741715, 0.0 ], [ -70.0880373, 41.2742171, 0.0 ], [ -70.0880461, 41.2742649, 0.0 ], [ -70.0880654, 41.2743121, 0.0 ], [ -70.0881022, 41.2743207, 0.0 ], [ -70.0881571, 41.274331, 0.0 ], [ -70.0882384, 41.2743461, 0.0 ], [ -70.0883079, 41.2743622, 0.0 ], [ -70.0883138, 41.2743608, 0.0 ], [ -70.0883738, 41.2742918, 0.0 ], [ -70.0884334, 41.2742281, 0.0 ], [ -70.0885144, 41.2741414, 0.0 ], [ -70.0884909, 41.2741127, 0.0 ], [ -70.0895398, 41.2731312, 0.0 ], [ -70.0897437, 41.2729404, 0.0 ] ] ] } },
{ "type": "Feature", "properties": { "Name": "Hays (174 Orange St & 2 Milestone Rd)", "Acres": 8.44906, "Address": "174 Orange St", "Area": 357228.32242899999, "FID": 163, "Field_1": "Hays (174 Orange St &amp; 2 Milestone Rd)", "Hunting": null, "Name2": "Hays (174 Orange St &amp; 2 Milestone Rd)", "Owner": "NLB", "Perimeter": 2772.726529, "Seller_Nam": null }, "geometry": { "type": "Polygon", "coordinates": [ [ [ -70.0884614, 41.2715106, 0.0 ], [ -70.0884596, 41.2715103, 0.0 ], [ -70.0883513, 41.2714409, 0.0 ], [ -70.0880485, 41.2713286, 0.0 ], [ -70.0876763, 41.271263, 0.0 ], [ -70.0870304, 41.2712671, 0.0 ], [ -70.0862223, 41.2712721, 0.0 ], [ -70.086054, 41.2712734, 0.0 ], [ -70.0861424, 41.2720707, 0.0 ], [ -70.0867326, 41.2734342, 0.0 ], [ -70.0867915, 41.2734758, 0.0 ], [ -70.086814, 41.273512, 0.0 ], [ -70.0868612, 41.2735932, 0.0 ], [ -70.0870262, 41.2737581, 0.0 ], [ -70.0870928, 41.2737281, 0.0 ], [ -70.0871143, 41.2737496, 0.0 ], [ -70.0871005, 41.2737516, 0.0 ], [ -70.0870849, 41.2737561, 0.0 ], [ -70.0870865, 41.2737715, 0.0 ], [ -70.0870882, 41.2737789, 0.0 ], [ -70.0871217, 41.2737569, 0.0 ], [ -70.087147, 41.2737463, 0.0 ], [ -70.0871809, 41.2737321, 0.0 ], [ -70.0872168, 41.273734, 0.0 ], [ -70.08723, 41.2737347, 0.0 ], [ -70.0872848, 41.2737004, 0.0 ], [ -70.0872887, 41.2736909, 0.0 ], [ -70.0873135, 41.2736751, 0.0 ], [ -70.087318, 41.2736713, 0.0 ], [ -70.0873224, 41.2736675, 0.0 ], [ -70.0873267, 41.2736636, 0.0 ], [ -70.0873314, 41.2736594, 0.0 ], [ -70.0873399, 41.2736521, 0.0 ], [ -70.087344, 41.2736487, 0.0 ], [ -70.0873482, 41.2736454, 0.0 ], [ -70.0873524, 41.2736422, 0.0 ], [ -70.0873567, 41.273639, 0.0 ], [ -70.0873611, 41.2736358, 0.0 ], [ -70.0873656, 41.2736328, 0.0 ], [ -70.0873701, 41.2736297, 0.0 ], [ -70.0873748, 41.2736268, 0.0 ], [ -70.0873794, 41.2736239, 0.0 ], [ -70.0873842, 41.2736211, 0.0 ], [ -70.087389, 41.2736183, 0.0 ], [ -70.0873939, 41.2736156, 0.0 ], [ -70.0873988, 41.273613, 0.0 ], [ -70.0874038, 41.2736104, 0.0 ], [ -70.0874088, 41.2736079, 0.0 ], [ -70.0874176, 41.2736038, 0.0 ], [ -70.087441, 41.273604, 0.0 ], [ -70.0874951, 41.2736032, 0.0 ], [ -70.0875346, 41.2736047, 0.0 ], [ -70.0875901, 41.2736044, 0.0 ], [ -70.087652, 41.273592, 0.0 ], [ -70.0876658, 41.2735645, 0.0 ], [ -70.0876675, 41.2735373, 0.0 ], [ -70.0876697, 41.2735327, 0.0 ], [ -70.0876705, 41.2735294, 0.0 ], [ -70.0876712, 41.2735261, 0.0 ], [ -70.0876718, 41.2735227, 0.0 ], [ -70.0876723, 41.2735194, 0.0 ], [ -70.0876728, 41.2735161, 0.0 ], [ -70.0876732, 41.2735127, 0.0 ], [ -70.0876735, 41.2735094, 0.0 ], [ -70.0876738, 41.2735045, 0.0 ], [ -70.0876744, 41.2735016, 0.0 ], [ -70.087675, 41.2734987, 0.0 ], [ -70.0876755, 41.2734957, 0.0 ], [ -70.0876759, 41.2734927, 0.0 ], [ -70.087676, 41.2734917, 0.0 ], [ -70.0876916, 41.2734417, 0.0 ], [ -70.0877, 41.2734141, 0.0 ], [ -70.0877172, 41.2733436, 0.0 ], [ -70.0877264, 41.2733379, 0.0 ], [ -70.0877398, 41.2733253, 0.0 ], [ -70.0877453, 41.2733201, 0.0 ], [ -70.0877508, 41.2733149, 0.0 ], [ -70.0877561, 41.2733096, 0.0 ], [ -70.0877613, 41.2733042, 0.0 ], [ -70.0877627, 41.2733027, 0.0 ], [ -70.0877525, 41.2733116, 0.0 ], [ -70.0877187, 41.2733376, 0.0 ], [ -70.0875792, 41.2730262, 0.0 ], [ -70.0877395, 41.272915, 0.0 ], [ -70.0877642, 41.2728147, 0.0 ], [ -70.0877936, 41.272775, 0.0 ], [ -70.0878434, 41.2725211, 0.0 ], [ -70.0876824, 41.2723881, 0.0 ], [ -70.0884614, 41.2715106, 0.0 ] ] ] } },
{ "type": "Feature", "properties": { "Name": "Smooth Hummocks Coastal Preserve", "Acres": 2.2082, "Address": "40, 44 W Miacomet Rd", "Area": 96188.704341999997, "FID": 164, "Field_1": "Smooth Hummocks Coastal Preserve", "Hunting": null, "Name2": "Smooth Hummocks Coastal Preserve", "Owner": "NLB", "Perimeter": 1522.05132, "Seller_Nam": null }, "geometry": { "type": "Polygon", "coordinates": [ [ [ -70.1191912, 41.2438889, 0.0 ], [ -70.1192053, 41.2439581, 0.0 ], [ -70.1192693, 41.2439777, 0.0 ], [ -70.1194106, 41.2439976, 0.0 ], [ -70.1194959, 41.2440064, 0.0 ], [ -70.1196032, 41.2440176, 0.0 ], [ -70.1198729, 41.2440573, 0.0 ], [ -70.1200168, 41.2440842, 0.0 ], [ -70.1204772, 41.2433148, 0.0 ], [ -70.1205098, 41.2432604, 0.0 ], [ -70.1206071, 41.2430977, 0.0 ], [ -70.1205308, 41.243087, 0.0 ], [ -70.1203512, 41.2430234, 0.0 ], [ -70.1200356, 41.2429644, 0.0 ], [ -70.1199916, 41.2429592, 0.0 ], [ -70.1199276, 41.2429347, 0.0 ], [ -70.1196643, 41.2428853, 0.0 ], [ -70.1196171, 41.2428738, 0.0 ], [ -70.1195604, 41.2429923, 0.0 ], [ -70.1195462, 41.243022, 0.0 ], [ -70.1195444, 41.2430263, 0.0 ], [ -70.1194909, 41.2431551, 0.0 ], [ -70.1193674, 41.2434506, 0.0 ], [ -70.1193536, 41.2434795, 0.0 ], [ -70.1197074, 41.2435984, 0.0 ], [ -70.1195883, 41.2438282, 0.0 ], [ -70.1192448, 41.2437327, 0.0 ], [ -70.1191912, 41.2438889, 0.0 ] ] ] } },
{ "type": "Feature", "properties": { "Name": "Smooth Hummocks Coastal Preserve", "Acres": 0.621842, "Address": "Miacomet Pk", "Area": 27087.325737, "FID": 165, "Field_1": "Smooth Hummocks Coastal Preserve", "Hunting": null, "Name2": "Smooth Hummocks Coastal Preserve", "Owner": "NLB", "Perimeter": 693.719092, "Seller_Nam": null }, "geometry": { "type": "Polygon", "coordinates": [ [ [ -70.1109301, 41.2445862, 0.0 ], [ -70.11089, 41.2447531, 0.0 ], [ -70.1110658, 41.2447801, 0.0 ], [ -70.1113337, 41.2448214, 0.0 ], [ -70.1115117, 41.2448488, 0.0 ], [ -70.1117024, 41.2448781, 0.0 ], [ -70.1117421, 41.2447122, 0.0 ], [ -70.1117793, 41.2445574, 0.0 ], [ -70.1114224, 41.2445023, 0.0 ], [ -70.1112846, 41.244481, 0.0 ], [ -70.1109669, 41.244432, 0.0 ], [ -70.1109301, 41.2445862, 0.0 ] ] ] } },
{ "type": "Feature", "properties": { "Name": "Smooth Hummocks Coastal Preserve", "Acres": 24.7251, "Address": "Miacomet Pk, Miacomet Flume, Surfside", "Area": 1077019.4942000001, "FID": 166, "Field_1": "Smooth Hummocks Coastal Preserve", "Hunting": null, "Name2": "Smooth Hummocks Coastal Preserve", "Owner": "NLB", "Perimeter": 4628.366737, "Seller_Nam": null }, "geometry": { "type": "Polygon", "coordinates": [ [ [ -70.1136785, 41.2429081, 0.0 ], [ -70.1136777, 41.2431055, 0.0 ], [ -70.1136775, 41.2431645, 0.0 ], [ -70.1122223, 41.2432449, 0.0 ], [ -70.1122091, 41.2433047, 0.0 ], [ -70.1121572, 41.243503, 0.0 ], [ -70.1121037, 41.2437072, 0.0 ], [ -70.1120505, 41.2439054, 0.0 ], [ -70.1121377, 41.2439195, 0.0 ], [ -70.1123238, 41.2439481, 0.0 ], [ -70.112272, 41.2441131, 0.0 ], [ -70.1122652, 41.2441602, 0.0 ], [ -70.1122582, 41.2442087, 0.0 ], [ -70.1122164, 41.2443623, 0.0 ], [ -70.1121723, 41.2445233, 0.0 ], [ -70.1126227, 41.2445917, 0.0 ], [ -70.1129688, 41.2446443, 0.0 ], [ -70.1133298, 41.2446992, 0.0 ], [ -70.1134166, 41.2447123, 0.0 ], [ -70.1136686, 41.2447507, 0.0 ], [ -70.1138571, 41.2447792, 0.0 ], [ -70.1140519, 41.2448088, 0.0 ], [ -70.1143907, 41.2448603, 0.0 ], [ -70.1145619, 41.2448863, 0.0 ], [ -70.1147471, 41.2449145, 0.0 ], [ -70.1149229, 41.2449412, 0.0 ], [ -70.1151073, 41.2449692, 0.0 ], [ -70.1157276, 41.2450634, 0.0 ], [ -70.1159288, 41.2450913, 0.0 ], [ -70.1161124, 41.244787, 0.0 ], [ -70.1161661, 41.2447048, 0.0 ], [ -70.1163433, 41.2444055, 0.0 ], [ -70.116397, 41.2443207, 0.0 ], [ -70.1164806, 41.244156, 0.0 ], [ -70.1165756, 41.2440139, 0.0 ], [ -70.1166292, 41.2439316, 0.0 ], [ -70.1168096, 41.2436323, 0.0 ], [ -70.1168633, 41.2435425, 0.0 ], [ -70.1169538, 41.2433754, 0.0 ], [ -70.1170374, 41.2432332, 0.0 ], [ -70.1171514, 41.2430184, 0.0 ], [ -70.1172473, 41.2428586, 0.0 ], [ -70.1172644, 41.2424518, 0.0 ], [ -70.1172659, 41.2424156, 0.0 ], [ -70.1172705, 41.2423044, 0.0 ], [ -70.1172292, 41.2423025, 0.0 ], [ -70.1171047, 41.2423003, 0.0 ], [ -70.1170561, 41.2422971, 0.0 ], [ -70.1169467, 41.2422628, 0.0 ], [ -70.1168827, 41.2422431, 0.0 ], [ -70.1168183, 41.2422284, 0.0 ], [ -70.1167542, 41.2422233, 0.0 ], [ -70.1166035, 41.2421913, 0.0 ], [ -70.1164496, 41.2421617, 0.0 ], [ -70.1163534, 41.242142, 0.0 ], [ -70.1162505, 41.242098, 0.0 ], [ -70.1162001, 41.2420851, 0.0 ], [ -70.1160516, 41.2420633, 0.0 ], [ -70.116013, 41.2420584, 0.0 ], [ -70.1159362, 41.2420581, 0.0 ], [ -70.115878, 41.2420531, 0.0 ], [ -70.115769, 41.2420333, 0.0 ], [ -70.1157114, 41.2420186, 0.0 ], [ -70.1156152, 41.2419891, 0.0 ], [ -70.1155509, 41.241955, 0.0 ], [ -70.1154547, 41.2419207, 0.0 ], [ -70.1154034, 41.2419157, 0.0 ], [ -70.1153648, 41.2419155, 0.0 ], [ -70.1152885, 41.2419005, 0.0 ], [ -70.1152368, 41.241886, 0.0 ], [ -70.1151855, 41.2418713, 0.0 ], [ -70.1151148, 41.2418371, 0.0 ], [ -70.1150122, 41.2418125, 0.0 ], [ -70.1149028, 41.2417928, 0.0 ], [ -70.1148001, 41.2417876, 0.0 ], [ -70.1146398, 41.2417725, 0.0 ], [ -70.1145357, 41.2417603, 0.0 ], [ -70.1144213, 41.2417427, 0.0 ], [ -70.114379, 41.2417425, 0.0 ], [ -70.1143762, 41.2418941, 0.0 ], [ -70.114376, 41.2419052, 0.0 ], [ -70.1143597, 41.2427894, 0.0 ], [ -70.1139087, 41.2427751, 0.0 ], [ -70.1139081, 41.24283, 0.0 ], [ -70.1136789, 41.242821, 0.0 ], [ -70.1136785, 41.2429081, 0.0 ] ] ] } },
{ "type": "Feature", "properties": { "Name": "Smooth Hummocks Coastal Preserve", "Acres": 3.14501, "Address": "Miacomet Pk", "Area": 136996.051213, "FID": 167, "Field_1": "Smooth Hummocks Coastal Preserve", "Hunting": null, "Name2": "Smooth Hummocks Coastal Preserve", "Owner": "NLB", "Perimeter": 2423.096617, "Seller_Nam": null }, "geometry": { "type": "Polygon", "coordinates": [ [ [ -70.1076649, 41.2447136, 0.0 ], [ -70.1078275, 41.2447382, 0.0 ], [ -70.1088924, 41.2448954, 0.0 ], [ -70.1092507, 41.2449483, 0.0 ], [ -70.1093443, 41.2449621, 0.0 ], [ -70.1094351, 41.2449754, 0.0 ], [ -70.1096095, 41.2450012, 0.0 ], [ -70.1097893, 41.2450278, 0.0 ], [ -70.1105941, 41.2451465, 0.0 ], [ -70.1111268, 41.2452251, 0.0 ], [ -70.111218, 41.2452386, 0.0 ], [ -70.1113093, 41.245252, 0.0 ], [ -70.1114937, 41.2452792, 0.0 ], [ -70.1115813, 41.2452922, 0.0 ], [ -70.1116642, 41.2449633, 0.0 ], [ -70.1115829, 41.2449507, 0.0 ], [ -70.111399, 41.2449222, 0.0 ], [ -70.1110412, 41.2448669, 0.0 ], [ -70.1106779, 41.2448106, 0.0 ], [ -70.1098727, 41.244686, 0.0 ], [ -70.1096979, 41.2446612, 0.0 ], [ -70.1095299, 41.2446354, 0.0 ], [ -70.1093423, 41.2446066, 0.0 ], [ -70.1088873, 41.2445367, 0.0 ], [ -70.108492, 41.244476, 0.0 ], [ -70.1078478, 41.244377, 0.0 ], [ -70.1076649, 41.2447136, 0.0 ] ] ] } },
{ "type": "Feature", "properties": { "Name": "Smooth Hummocks Coastal Preserve", "Acres": 2.83823, "Address": "Miacomet Pk", "Area": 123632.999132, "FID": 168, "Field_1": "Smooth Hummocks Coastal Preserve", "Hunting": null, "Name2": "Smooth Hummocks Coastal Preserve", "Owner": "NLB", "Perimeter": 2405.09061, "Seller_Nam": null }, "geometry": { "type": "Polygon", "coordinates": [ [ [ -70.1118774, 41.244889, 0.0 ], [ -70.1123301, 41.2449573, 0.0 ], [ -70.1126912, 41.2450117, 0.0 ], [ -70.1134791, 41.2451305, 0.0 ], [ -70.1143624, 41.2452636, 0.0 ], [ -70.1146326, 41.2453043, 0.0 ], [ -70.115272, 41.2454007, 0.0 ], [ -70.115524, 41.2454386, 0.0 ], [ -70.1157016, 41.2454654, 0.0 ], [ -70.1157957, 41.2453157, 0.0 ], [ -70.1158397, 41.2452459, 0.0 ], [ -70.1158851, 41.2451736, 0.0 ], [ -70.1119565, 41.2445837, 0.0 ], [ -70.1118774, 41.244889, 0.0 ] ] ] } },
{ "type": "Feature", "properties": { "Name": "Smooth Hummocks Coastal Preserve", "Acres": 1.76872, "Address": "45 W Miacomet Rd", "Area": 77045.281845000005, "FID": 169, "Field_1": "Smooth Hummocks Coastal Preserve", "Hunting": null, "Name2": "Smooth Hummocks Coastal Preserve", "Owner": "NLB", "Perimeter": 1387.668831, "Seller_Nam": null }, "geometry": { "type": "Polygon", "coordinates": [ [ [ -70.1187304, 41.2455134, 0.0 ], [ -70.1191046, 41.2456514, 0.0 ], [ -70.1196337, 41.2448567, 0.0 ], [ -70.1196922, 41.2447357, 0.0 ], [ -70.1199495, 41.2441806, 0.0 ], [ -70.1195529, 41.2441375, 0.0 ], [ -70.1194326, 41.2441181, 0.0 ], [ -70.1187304, 41.2455134, 0.0 ] ] ] } },
{ "type": "Feature", "properties": { "Name": "Smooth Hummocks Coastal Preserve", "Acres": 2.8694, "Address": "Miacomet Pk", "Area": 124990.718564, "FID": 170, "Field_1": "Smooth Hummocks Coastal Preserve", "Hunting": null, "Name2": "Smooth Hummocks Coastal Preserve", "Owner": "NLB", "Perimeter": 2459.070393, "Seller_Nam": null }, "geometry": { "type": "Polygon", "coordinates": [ [ [ -70.1074424, 41.2451233, 0.0 ], [ -70.1077154, 41.2451632, 0.0 ], [ -70.1082531, 41.2452417, 0.0 ], [ -70.1084384, 41.2452687, 0.0 ], [ -70.1093394, 41.2454003, 0.0 ], [ -70.1094139, 41.2454111, 0.0 ], [ -70.1106709, 41.2455946, 0.0 ], [ -70.1107563, 41.2456071, 0.0 ], [ -70.111463, 41.2457103, 0.0 ], [ -70.1115511, 41.2454139, 0.0 ], [ -70.1108281, 41.2453071, 0.0 ], [ -70.1106505, 41.2452808, 0.0 ], [ -70.1104748, 41.2452548, 0.0 ], [ -70.1101142, 41.2452015, 0.0 ], [ -70.1100206, 41.2451877, 0.0 ], [ -70.1090433, 41.2450431, 0.0 ], [ -70.1088544, 41.2450152, 0.0 ], [ -70.1085129, 41.2449646, 0.0 ], [ -70.1083326, 41.244938, 0.0 ], [ -70.1080565, 41.2448972, 0.0 ], [ -70.1076019, 41.2448299, 0.0 ], [ -70.1074424, 41.2451233, 0.0 ] ] ] } },
{ "type": "Feature", "properties": { "Name": "Smooth Hummocks Coastal Preserve", "Acres": 2.87325, "Address": "Miacomet Pk", "Area": 125158.416885, "FID": 171, "Field_1": "Smooth Hummocks Coastal Preserve", "Hunting": null, "Name2": "Smooth Hummocks Coastal Preserve", "Owner": "NLB", "Perimeter": 2329.602831, "Seller_Nam": null }, "geometry": { "type": "Polygon", "coordinates": [ [ [ -70.1117594, 41.2453105, 0.0 ], [ -70.1119338, 41.2453363, 0.0 ], [ -70.1122158, 41.2453778, 0.0 ], [ -70.1125723, 41.2454304, 0.0 ], [ -70.1127399, 41.2454551, 0.0 ], [ -70.1129088, 41.24548, 0.0 ], [ -70.1131032, 41.2455087, 0.0 ], [ -70.1132703, 41.2455333, 0.0 ], [ -70.1133816, 41.2455497, 0.0 ], [ -70.1136296, 41.2455863, 0.0 ], [ -70.1138984, 41.245626, 0.0 ], [ -70.1147799, 41.2457559, 0.0 ], [ -70.1149589, 41.2457823, 0.0 ], [ -70.1150656, 41.245798, 0.0 ], [ -70.11522, 41.2458208, 0.0 ], [ -70.115233, 41.2457781, 0.0 ], [ -70.1152626, 41.2457592, 0.0 ], [ -70.1152627, 41.2457592, 0.0 ], [ -70.1153359, 41.2457397, 0.0 ], [ -70.115336, 41.2457397, 0.0 ], [ -70.1154069, 41.2457302, 0.0 ], [ -70.1155099, 41.2456821, 0.0 ], [ -70.1156243, 41.2456226, 0.0 ], [ -70.115658, 41.2455452, 0.0 ], [ -70.1150508, 41.2454554, 0.0 ], [ -70.1148737, 41.2454292, 0.0 ], [ -70.1139894, 41.2452983, 0.0 ], [ -70.1137142, 41.2452576, 0.0 ], [ -70.1135423, 41.2452322, 0.0 ], [ -70.111845, 41.244981, 0.0 ], [ -70.1117594, 41.2453105, 0.0 ] ] ] } },
{ "type": "Feature", "properties": { "Name": "Smooth Hummocks Coastal Preserve", "Acres": 3.01825, "Address": "Miacomet Pk", "Area": 131474.385671, "FID": 172, "Field_1": "Smooth Hummocks Coastal Preserve", "Hunting": null, "Name2": "Smooth Hummocks Coastal Preserve", "Owner": "NLB", "Perimeter": 2520.469264, "Seller_Nam": null }, "geometry": { "type": "Polygon", "coordinates": [ [ [ -70.1072375, 41.2455008, 0.0 ], [ -70.1076062, 41.2455559, 0.0 ], [ -70.109138, 41.245785, 0.0 ], [ -70.1094945, 41.2458383, 0.0 ], [ -70.109737, 41.2458746, 0.0 ], [ -70.1099223, 41.2459023, 0.0 ], [ -70.1102066, 41.2459448, 0.0 ], [ -70.1105517, 41.2459964, 0.0 ], [ -70.1108106, 41.2460351, 0.0 ], [ -70.110995, 41.2460627, 0.0 ], [ -70.1110808, 41.2460755, 0.0 ], [ -70.1112702, 41.2461039, 0.0 ], [ -70.1113528, 41.2461162, 0.0 ], [ -70.111401, 41.2459568, 0.0 ], [ -70.1114465, 41.2458077, 0.0 ], [ -70.1111581, 41.2457648, 0.0 ], [ -70.1110609, 41.2457502, 0.0 ], [ -70.1108965, 41.2457257, 0.0 ], [ -70.1104328, 41.2456566, 0.0 ], [ -70.1099941, 41.2455912, 0.0 ], [ -70.1096504, 41.24554, 0.0 ], [ -70.1092989, 41.2454876, 0.0 ], [ -70.1089188, 41.245431, 0.0 ], [ -70.1085677, 41.2453786, 0.0 ], [ -70.1082267, 41.2453278, 0.0 ], [ -70.107872, 41.2452749, 0.0 ], [ -70.1075968, 41.2452339, 0.0 ], [ -70.1073988, 41.2452044, 0.0 ], [ -70.1072375, 41.2455008, 0.0 ] ] ] } },
{ "type": "Feature", "properties": { "Name": "Smooth Hummocks Coastal Preserve", "Acres": 2.3377, "Address": "Miacomet Pk", "Area": 101829.759314, "FID": 173, "Field_1": "Smooth Hummocks Coastal Preserve", "Hunting": null, "Name2": "Smooth Hummocks Coastal Preserve", "Owner": "NLB", "Perimeter": 2138.878907, "Seller_Nam": null }, "geometry": { "type": "Polygon", "coordinates": [ [ [ -70.1116542, 41.2457273, 0.0 ], [ -70.1117323, 41.2457391, 0.0 ], [ -70.1119072, 41.2457654, 0.0 ], [ -70.1124444, 41.2458465, 0.0 ], [ -70.1128041, 41.2459007, 0.0 ], [ -70.1128949, 41.2459144, 0.0 ], [ -70.1129839, 41.2459278, 0.0 ], [ -70.1133309, 41.2459801, 0.0 ], [ -70.1135025, 41.2460061, 0.0 ], [ -70.1136951, 41.2460351, 0.0 ], [ -70.1138786, 41.2460627, 0.0 ], [ -70.1140607, 41.2460902, 0.0 ], [ -70.1143096, 41.2461278, 0.0 ], [ -70.1144063, 41.2461423, 0.0 ], [ -70.1145848, 41.2461692, 0.0 ], [ -70.1146797, 41.2461835, 0.0 ], [ -70.115102, 41.2462472, 0.0 ], [ -70.1149617, 41.2460745, 0.0 ], [ -70.1148832, 41.2459779, 0.0 ], [ -70.1149817, 41.2459228, 0.0 ], [ -70.1147632, 41.2458894, 0.0 ], [ -70.1146647, 41.2458744, 0.0 ], [ -70.1144871, 41.2458473, 0.0 ], [ -70.1143845, 41.2458317, 0.0 ], [ -70.114132, 41.2457931, 0.0 ], [ -70.1137759, 41.2457388, 0.0 ], [ -70.1135857, 41.2457097, 0.0 ], [ -70.1134154, 41.2456837, 0.0 ], [ -70.1129826, 41.2456176, 0.0 ], [ -70.1125316, 41.2455488, 0.0 ], [ -70.1121724, 41.245494, 0.0 ], [ -70.1118209, 41.2454403, 0.0 ], [ -70.1117328, 41.2454268, 0.0 ], [ -70.1116542, 41.2457273, 0.0 ] ] ] } },
{ "type": "Feature", "properties": { "Name": "Smooth Hummocks Coastal Preserve", "Acres": 3.11666, "Address": "Miacomet Pk", "Area": 135761.111217, "FID": 174, "Field_1": "Smooth Hummocks Coastal Preserve", "Hunting": null, "Name2": "Smooth Hummocks Coastal Preserve", "Owner": "NLB", "Perimeter": 2570.349874, "Seller_Nam": null }, "geometry": { "type": "Polygon", "coordinates": [ [ [ -70.1070373, 41.245874, 0.0 ], [ -70.1075052, 41.2459475, 0.0 ], [ -70.1076846, 41.2459756, 0.0 ], [ -70.1079421, 41.2460161, 0.0 ], [ -70.1081324, 41.2460459, 0.0 ], [ -70.1083031, 41.2460728, 0.0 ], [ -70.1089234, 41.2461701, 0.0 ], [ -70.1090047, 41.2461829, 0.0 ], [ -70.1092004, 41.2462136, 0.0 ], [ -70.1093389, 41.2462354, 0.0 ], [ -70.1093775, 41.2462411, 0.0 ], [ -70.109828, 41.2463082, 0.0 ], [ -70.1108953, 41.2464673, 0.0 ], [ -70.1109847, 41.2464807, 0.0 ], [ -70.1110542, 41.2464921, 0.0 ], [ -70.1111405, 41.2465063, 0.0 ], [ -70.1112431, 41.2465232, 0.0 ], [ -70.1112863, 41.2463691, 0.0 ], [ -70.1113309, 41.2462096, 0.0 ], [ -70.111221, 41.2461926, 0.0 ], [ -70.1111424, 41.2461805, 0.0 ], [ -70.1110661, 41.2461686, 0.0 ], [ -70.1109771, 41.2461548, 0.0 ], [ -70.1106048, 41.2460971, 0.0 ], [ -70.1102605, 41.2460438, 0.0 ], [ -70.1099935, 41.2460025, 0.0 ], [ -70.1099004, 41.245988, 0.0 ], [ -70.1093596, 41.2459044, 0.0 ], [ -70.1092755, 41.2458922, 0.0 ], [ -70.1090966, 41.2458662, 0.0 ], [ -70.109003, 41.2458526, 0.0 ], [ -70.1083813, 41.2457624, 0.0 ], [ -70.1082042, 41.2457366, 0.0 ], [ -70.108018, 41.2457096, 0.0 ], [ -70.1077619, 41.2456724, 0.0 ], [ -70.1075825, 41.2456464, 0.0 ], [ -70.1074862, 41.2456324, 0.0 ], [ -70.1071896, 41.2455894, 0.0 ], [ -70.1070373, 41.245874, 0.0 ] ] ] } },
{ "type": "Feature", "properties": { "Name": "Smooth Hummocks Coastal Preserve", "Acres": 3.58053, "Address": "36 W Miacomet Rd", "Area": 155967.38133800001, "FID": 175, "Field_1": "Smooth Hummocks Coastal Preserve", "Hunting": null, "Name2": "Smooth Hummocks Coastal Preserve", "Owner": "NLB", "Perimeter": 3730.870323, "Seller_Nam": null }, "geometry": { "type": "Polygon", "coordinates": [ [ [ -70.1172283, 41.2463425, 0.0 ], [ -70.1172471, 41.2463814, 0.0 ], [ -70.1172728, 41.2464203, 0.0 ], [ -70.1172917, 41.2464495, 0.0 ], [ -70.1173302, 41.2464787, 0.0 ], [ -70.1173203, 41.2465361, 0.0 ], [ -70.1173164, 41.2465803, 0.0 ], [ -70.1173165, 41.2465803, 0.0 ], [ -70.1173566, 41.2465561, 0.0 ], [ -70.1173708, 41.2465309, 0.0 ], [ -70.1177496, 41.2456556, 0.0 ], [ -70.1183482, 41.2448743, 0.0 ], [ -70.1190253, 41.2439647, 0.0 ], [ -70.1190653, 41.2437224, 0.0 ], [ -70.1192147, 41.2434367, 0.0 ], [ -70.119371, 41.2430686, 0.0 ], [ -70.1194049, 41.2429972, 0.0 ], [ -70.1194245, 41.242956, 0.0 ], [ -70.1194842, 41.2428305, 0.0 ], [ -70.1194017, 41.2427875, 0.0 ], [ -70.1192473, 41.242753, 0.0 ], [ -70.1191575, 41.2427333, 0.0 ], [ -70.1190644, 41.242716, 0.0 ], [ -70.1188464, 41.2426862, 0.0 ], [ -70.1186858, 41.2426323, 0.0 ], [ -70.1186409, 41.2426177, 0.0 ], [ -70.1185672, 41.2427597, 0.0 ], [ -70.1185599, 41.2427739, 0.0 ], [ -70.1181904, 41.2434861, 0.0 ], [ -70.1181904, 41.2434861, 0.0 ], [ -70.1182984, 41.2435186, 0.0 ], [ -70.1184455, 41.2436306, 0.0 ], [ -70.1185222, 41.243723, 0.0 ], [ -70.1184898, 41.2437423, 0.0 ], [ -70.1184514, 41.2437761, 0.0 ], [ -70.1184443, 41.2438246, 0.0 ], [ -70.1184699, 41.2438732, 0.0 ], [ -70.1184697, 41.2439217, 0.0 ], [ -70.1184631, 41.2439605, 0.0 ], [ -70.1184242, 41.2439991, 0.0 ], [ -70.1183727, 41.2440281, 0.0 ], [ -70.118334, 41.2440376, 0.0 ], [ -70.1182888, 41.2440763, 0.0 ], [ -70.11834, 41.2441104, 0.0 ], [ -70.1184109, 41.2441058, 0.0 ], [ -70.1184684, 41.2441399, 0.0 ], [ -70.1184745, 41.2441836, 0.0 ], [ -70.1184093, 41.2443677, 0.0 ], [ -70.1183895, 41.2444161, 0.0 ], [ -70.1183573, 41.2444791, 0.0 ], [ -70.1183376, 41.2445178, 0.0 ], [ -70.1182988, 41.2445371, 0.0 ], [ -70.1182412, 41.2445223, 0.0 ], [ -70.1182412, 41.2445223, 0.0 ], [ -70.1182088, 41.2445416, 0.0 ], [ -70.1182281, 41.2445756, 0.0 ], [ -70.1182601, 41.2446194, 0.0 ], [ -70.1182531, 41.2446582, 0.0 ], [ -70.1182201, 41.2448618, 0.0 ], [ -70.1182003, 41.2449053, 0.0 ], [ -70.1181549, 41.2449682, 0.0 ], [ -70.1181229, 41.2449972, 0.0 ], [ -70.1180394, 41.2449921, 0.0 ], [ -70.1180393, 41.2449921, 0.0 ], [ -70.1180073, 41.2449484, 0.0 ], [ -70.1179685, 41.2449725, 0.0 ], [ -70.1180005, 41.2450308, 0.0 ], [ -70.118013, 41.2450745, 0.0 ], [ -70.118, 41.2451181, 0.0 ], [ -70.1179743, 41.2451519, 0.0 ], [ -70.1179546, 41.2451858, 0.0 ], [ -70.1179416, 41.2452246, 0.0 ], [ -70.1179287, 41.2452633, 0.0 ], [ -70.1179152, 41.2453166, 0.0 ], [ -70.1178894, 41.2453747, 0.0 ], [ -70.117857, 41.2453989, 0.0 ], [ -70.1178181, 41.2454376, 0.0 ], [ -70.117805, 41.2454957, 0.0 ], [ -70.1177789, 41.2455296, 0.0 ], [ -70.1177596, 41.2455683, 0.0 ], [ -70.1177403, 41.2456022, 0.0 ], [ -70.1176823, 41.2455875, 0.0 ], [ -70.1176822, 41.2455875, 0.0 ], [ -70.1176442, 41.2455631, 0.0 ], [ -70.1175861, 41.2455532, 0.0 ], [ -70.1175474, 41.2455725, 0.0 ], [ -70.117573, 41.2456114, 0.0 ], [ -70.1176439, 41.2456164, 0.0 ], [ -70.1176439, 41.2456164, 0.0 ], [ -70.1176884, 41.2456214, 0.0 ], [ -70.1176818, 41.2456602, 0.0 ], [ -70.1176036, 41.2458976, 0.0 ], [ -70.1175838, 41.2459363, 0.0 ], [ -70.1175259, 41.2459798, 0.0 ], [ -70.117481, 41.2459554, 0.0 ], [ -70.1174489, 41.245931, 0.0 ], [ -70.1173912, 41.2459357, 0.0 ], [ -70.1173718, 41.2459841, 0.0 ], [ -70.1174102, 41.2460134, 0.0 ], [ -70.1174615, 41.2460184, 0.0 ], [ -70.1174616, 41.2460184, 0.0 ], [ -70.1175192, 41.2460283, 0.0 ], [ -70.1175318, 41.2460574, 0.0 ], [ -70.117506, 41.2461058, 0.0 ], [ -70.11748, 41.24613, 0.0 ], [ -70.1174541, 41.2461929, 0.0 ], [ -70.1174343, 41.2462414, 0.0 ], [ -70.1174151, 41.2462656, 0.0 ], [ -70.1173698, 41.2463139, 0.0 ], [ -70.1173052, 41.2463234, 0.0 ], [ -70.1173052, 41.2463234, 0.0 ], [ -70.1172603, 41.246299, 0.0 ], [ -70.1172222, 41.2462989, 0.0 ], [ -70.1172222, 41.2462989, 0.0 ], [ -70.1172283, 41.2463425, 0.0 ] ] ] } },
{ "type": "Feature", "properties": { "Name": "Smooth Hummocks Coastal Preserve", "Acres": 2.95703, "Address": "Miacomet Pk", "Area": 128807.608784, "FID": 176, "Field_1": "Smooth Hummocks Coastal Preserve", "Hunting": null, "Name2": "Smooth Hummocks Coastal Preserve", "Owner": "NLB", "Perimeter": 2337.567173, "Seller_Nam": null }, "geometry": { "type": "Polygon", "coordinates": [ [ [ -70.1115231, 41.2461391, 0.0 ], [ -70.1122574, 41.2462612, 0.0 ], [ -70.1125144, 41.2463039, 0.0 ], [ -70.1127892, 41.2463495, 0.0 ], [ -70.1130466, 41.2463924, 0.0 ], [ -70.1132138, 41.2464156, 0.0 ], [ -70.1138605, 41.2465111, 0.0 ], [ -70.1140285, 41.2465374, 0.0 ], [ -70.1142133, 41.2465664, 0.0 ], [ -70.1144772, 41.2466071, 0.0 ], [ -70.1147437, 41.2466497, 0.0 ], [ -70.1148341, 41.2466638, 0.0 ], [ -70.1150171, 41.2466926, 0.0 ], [ -70.1153019, 41.2467373, 0.0 ], [ -70.1153814, 41.246579, 0.0 ], [ -70.1153123, 41.2465059, 0.0 ], [ -70.1152049, 41.2463738, 0.0 ], [ -70.1151109, 41.2463594, 0.0 ], [ -70.1148334, 41.2463169, 0.0 ], [ -70.1147471, 41.2463037, 0.0 ], [ -70.1145614, 41.2462753, 0.0 ], [ -70.1143039, 41.2462358, 0.0 ], [ -70.1141218, 41.246208, 0.0 ], [ -70.1139501, 41.2461816, 0.0 ], [ -70.1138352, 41.2461641, 0.0 ], [ -70.1134824, 41.2461101, 0.0 ], [ -70.1131345, 41.2460568, 0.0 ], [ -70.1128793, 41.2460177, 0.0 ], [ -70.112615, 41.2459773, 0.0 ], [ -70.1123357, 41.2459345, 0.0 ], [ -70.111615, 41.2458241, 0.0 ], [ -70.1115231, 41.2461391, 0.0 ] ] ] } },
{ "type": "Feature", "properties": { "Name": "Smooth Hummocks Coastal Preserve", "Acres": 3.21257, "Address": "Miacomet Pk", "Area": 139938.85023000001, "FID": 177, "Field_1": "Smooth Hummocks Coastal Preserve", "Hunting": null, "Name2": "Smooth Hummocks Coastal Preserve", "Owner": "NLB", "Perimeter": 2633.875626, "Seller_Nam": null }, "geometry": { "type": "Polygon", "coordinates": [ [ [ -70.1068268, 41.2462836, 0.0 ], [ -70.107058, 41.2463185, 0.0 ], [ -70.1072283, 41.2463441, 0.0 ], [ -70.1073981, 41.2463697, 0.0 ], [ -70.1075675, 41.2463952, 0.0 ], [ -70.1077528, 41.2464232, 0.0 ], [ -70.1079186, 41.2464481, 0.0 ], [ -70.1080966, 41.2464749, 0.0 ], [ -70.1082932, 41.2465064, 0.0 ], [ -70.108454, 41.2465321, 0.0 ], [ -70.1089948, 41.2466186, 0.0 ], [ -70.1092741, 41.246659, 0.0 ], [ -70.1096434, 41.2467124, 0.0 ], [ -70.1098109, 41.2467366, 0.0 ], [ -70.109994, 41.2467631, 0.0 ], [ -70.1101643, 41.2467878, 0.0 ], [ -70.1103523, 41.246815, 0.0 ], [ -70.1105153, 41.2468386, 0.0 ], [ -70.1107102, 41.2468667, 0.0 ], [ -70.1108791, 41.2468911, 0.0 ], [ -70.1109686, 41.2469041, 0.0 ], [ -70.1111389, 41.2469287, 0.0 ], [ -70.1111853, 41.246776, 0.0 ], [ -70.1112272, 41.2466263, 0.0 ], [ -70.1109632, 41.2465861, 0.0 ], [ -70.1107974, 41.2465626, 0.0 ], [ -70.1104418, 41.2465122, 0.0 ], [ -70.106986, 41.2459723, 0.0 ], [ -70.1068268, 41.2462836, 0.0 ] ] ] } },
{ "type": "Feature", "properties": { "Name": "Smooth Hummocks Coastal Preserve", "Acres": 2.83993, "Address": "Miacomet Pk", "Area": 123706.648009, "FID": 178, "Field_1": "Smooth Hummocks Coastal Preserve", "Hunting": null, "Name2": "Smooth Hummocks Coastal Preserve", "Owner": "NLB", "Perimeter": 2324.491638, "Seller_Nam": null }, "geometry": { "type": "Polygon", "coordinates": [ [ [ -70.1114216, 41.2465526, 0.0 ], [ -70.1116854, 41.2465929, 0.0 ], [ -70.1118853, 41.2466234, 0.0 ], [ -70.1120633, 41.2466507, 0.0 ], [ -70.1123362, 41.2466924, 0.0 ], [ -70.1125215, 41.2467207, 0.0 ], [ -70.1127699, 41.2467587, 0.0 ], [ -70.113046, 41.2468008, 0.0 ], [ -70.113225, 41.2468282, 0.0 ], [ -70.113398, 41.2468546, 0.0 ], [ -70.1144711, 41.2470187, 0.0 ], [ -70.1149021, 41.2470845, 0.0 ], [ -70.1150897, 41.2471132, 0.0 ], [ -70.1151338, 41.2470344, 0.0 ], [ -70.114928, 41.2470053, 0.0 ], [ -70.1149567, 41.2469192, 0.0 ], [ -70.1148532, 41.2469022, 0.0 ], [ -70.1149059, 41.2467522, 0.0 ], [ -70.1145589, 41.2466992, 0.0 ], [ -70.114196, 41.2466457, 0.0 ], [ -70.1140207, 41.2466198, 0.0 ], [ -70.1138186, 41.24659, 0.0 ], [ -70.1134867, 41.246541, 0.0 ], [ -70.1133091, 41.2465149, 0.0 ], [ -70.1131252, 41.2464877, 0.0 ], [ -70.112865, 41.2464403, 0.0 ], [ -70.1126334, 41.2464029, 0.0 ], [ -70.1124408, 41.2463722, 0.0 ], [ -70.1121675, 41.2463285, 0.0 ], [ -70.1119967, 41.2463013, 0.0 ], [ -70.1118019, 41.2462702, 0.0 ], [ -70.1115167, 41.2462246, 0.0 ], [ -70.1114216, 41.2465526, 0.0 ] ] ] } },
{ "type": "Feature", "properties": { "Name": "Smooth Hummocks Coastal Preserve", "Acres": 3.40673, "Address": "Miacomet Pk", "Area": 148396.761363, "FID": 179, "Field_1": "Smooth Hummocks Coastal Preserve", "Hunting": null, "Name2": "Smooth Hummocks Coastal Preserve", "Owner": "NLB", "Perimeter": 2706.864033, "Seller_Nam": null }, "geometry": { "type": "Polygon", "coordinates": [ [ [ -70.1066058, 41.2466821, 0.0 ], [ -70.106936, 41.2467308, 0.0 ], [ -70.1071104, 41.2467571, 0.0 ], [ -70.1072993, 41.2467857, 0.0 ], [ -70.1079214, 41.2468799, 0.0 ], [ -70.108089, 41.2469053, 0.0 ], [ -70.1103297, 41.2472444, 0.0 ], [ -70.1105813, 41.2472824, 0.0 ], [ -70.1108452, 41.2473223, 0.0 ], [ -70.1109338, 41.2473357, 0.0 ], [ -70.1110368, 41.2473513, 0.0 ], [ -70.1111261, 41.2470227, 0.0 ], [ -70.1110434, 41.2470104, 0.0 ], [ -70.1109212, 41.2469922, 0.0 ], [ -70.1106687, 41.2469546, 0.0 ], [ -70.1104108, 41.2469163, 0.0 ], [ -70.108621, 41.2466499, 0.0 ], [ -70.1085043, 41.2466325, 0.0 ], [ -70.1074743, 41.2464792, 0.0 ], [ -70.1073844, 41.2464637, 0.0 ], [ -70.1071896, 41.2464301, 0.0 ], [ -70.1070293, 41.2464059, 0.0 ], [ -70.1067836, 41.2463688, 0.0 ], [ -70.1066058, 41.2466821, 0.0 ] ] ] } },
{ "type": "Feature", "properties": { "Name": "Smooth Hummocks Coastal Preserve", "Acres": 2.74968, "Address": "Miacomet Pk", "Area": 119775.596865, "FID": 180, "Field_1": "Smooth Hummocks Coastal Preserve", "Hunting": null, "Name2": "Smooth Hummocks Coastal Preserve", "Owner": "NLB", "Perimeter": 2266.216369, "Seller_Nam": null }, "geometry": { "type": "Polygon", "coordinates": [ [ [ -70.1113156, 41.2469591, 0.0 ], [ -70.1115024, 41.2469887, 0.0 ], [ -70.111866, 41.2470464, 0.0 ], [ -70.1120418, 41.2470743, 0.0 ], [ -70.1122103, 41.247101, 0.0 ], [ -70.1123919, 41.2471298, 0.0 ], [ -70.1132912, 41.2472723, 0.0 ], [ -70.113916, 41.2473714, 0.0 ], [ -70.1143469, 41.2474397, 0.0 ], [ -70.1144414, 41.2474547, 0.0 ], [ -70.1145258, 41.2474681, 0.0 ], [ -70.1146194, 41.2474829, 0.0 ], [ -70.1147061, 41.2474966, 0.0 ], [ -70.1148772, 41.2475238, 0.0 ], [ -70.1149664, 41.2473531, 0.0 ], [ -70.1149963, 41.2472963, 0.0 ], [ -70.1149964, 41.2472962, 0.0 ], [ -70.1150432, 41.2472072, 0.0 ], [ -70.114963, 41.247195, 0.0 ], [ -70.1148829, 41.2471828, 0.0 ], [ -70.1148824, 41.2471827, 0.0 ], [ -70.1146166, 41.2471422, 0.0 ], [ -70.1144426, 41.2471158, 0.0 ], [ -70.1139798, 41.2470453, 0.0 ], [ -70.1133646, 41.2469517, 0.0 ], [ -70.1125673, 41.2468303, 0.0 ], [ -70.1123041, 41.2467902, 0.0 ], [ -70.1121284, 41.2467635, 0.0 ], [ -70.1117683, 41.2467086, 0.0 ], [ -70.1115921, 41.2466818, 0.0 ], [ -70.1113818, 41.2466498, 0.0 ], [ -70.1113156, 41.2469591, 0.0 ] ] ] } },
{ "type": "Feature", "properties": { "Name": "Smooth Hummocks Coastal Preserve", "Acres": 1.65623, "Address": "Miacomet Pk", "Area": 72144.913878000007, "FID": 181, "Field_1": "Smooth Hummocks Coastal Preserve", "Hunting": null, "Name2": "Smooth Hummocks Coastal Preserve", "Owner": "NLB", "Perimeter": 2626.232548, "Seller_Nam": null }, "geometry": { "type": "Polygon", "coordinates": [ [ [ -70.1064744, 41.2469167, 0.0 ], [ -70.1066729, 41.246943, 0.0 ], [ -70.1068468, 41.2469685, 0.0 ], [ -70.1074794, 41.2470612, 0.0 ], [ -70.108043, 41.2471464, 0.0 ], [ -70.1086039, 41.2472313, 0.0 ], [ -70.1091629, 41.2473159, 0.0 ], [ -70.1096847, 41.2473948, 0.0 ], [ -70.1101798, 41.2474696, 0.0 ], [ -70.1106216, 41.2475364, 0.0 ], [ -70.1107166, 41.2475508, 0.0 ], [ -70.1107938, 41.2475625, 0.0 ], [ -70.1109745, 41.2475898, 0.0 ], [ -70.1110114, 41.2474264, 0.0 ], [ -70.1108415, 41.2474013, 0.0 ], [ -70.1106662, 41.2473754, 0.0 ], [ -70.1067165, 41.2467932, 0.0 ], [ -70.106553, 41.2467766, 0.0 ], [ -70.1064744, 41.2469167, 0.0 ] ] ] } },
{ "type": "Feature", "properties": { "Name": "Smooth Hummocks Coastal Preserve", "Acres": 2.5884, "Address": "Miacomet Pk", "Area": 112750.08552199999, "FID": 182, "Field_1": "Smooth Hummocks Coastal Preserve", "Hunting": null, "Name2": "Smooth Hummocks Coastal Preserve", "Owner": "NLB", "Perimeter": 2196.84294, "Seller_Nam": null }, "geometry": { "type": "Polygon", "coordinates": [ [ [ -70.1112514, 41.2472049, 0.0 ], [ -70.1112209, 41.2473578, 0.0 ], [ -70.1115742, 41.2474133, 0.0 ], [ -70.1118412, 41.2474552, 0.0 ], [ -70.1120242, 41.247484, 0.0 ], [ -70.113442, 41.2477066, 0.0 ], [ -70.1137958, 41.2477622, 0.0 ], [ -70.113987, 41.2477922, 0.0 ], [ -70.1142549, 41.2478343, 0.0 ], [ -70.114348, 41.2478489, 0.0 ], [ -70.1145106, 41.2478745, 0.0 ], [ -70.1146714, 41.2478997, 0.0 ], [ -70.1147596, 41.2477324, 0.0 ], [ -70.114792, 41.2476715, 0.0 ], [ -70.1148309, 41.2475979, 0.0 ], [ -70.1145893, 41.2475607, 0.0 ], [ -70.1144285, 41.247536, 0.0 ], [ -70.114156, 41.247494, 0.0 ], [ -70.1140643, 41.2474798, 0.0 ], [ -70.1138935, 41.2474535, 0.0 ], [ -70.112018, 41.2471643, 0.0 ], [ -70.1115634, 41.2470942, 0.0 ], [ -70.1112818, 41.2470508, 0.0 ], [ -70.1112514, 41.2472049, 0.0 ] ] ] } },
{ "type": "Feature", "properties": { "Name": "Smooth Hummocks Coastal Preserve", "Acres": 1.29986, "Address": "Miacomet Pk", "Area": 56621.700076000001, "FID": 183, "Field_1": "Smooth Hummocks Coastal Preserve", "Hunting": null, "Name2": "Smooth Hummocks Coastal Preserve", "Owner": "NLB", "Perimeter": 2039.394334, "Seller_Nam": null }, "geometry": { "type": "Polygon", "coordinates": [ [ [ -70.1111435, 41.2476156, 0.0 ], [ -70.1111961, 41.2476245, 0.0 ], [ -70.1112579, 41.2476338, 0.0 ], [ -70.111331, 41.2476449, 0.0 ], [ -70.1117702, 41.2477113, 0.0 ], [ -70.1118628, 41.2477254, 0.0 ], [ -70.1119482, 41.2477383, 0.0 ], [ -70.1120368, 41.2477516, 0.0 ], [ -70.1122325, 41.2477813, 0.0 ], [ -70.1123179, 41.2477942, 0.0 ], [ -70.1123942, 41.2478057, 0.0 ], [ -70.1124941, 41.2478209, 0.0 ], [ -70.1126508, 41.2478446, 0.0 ], [ -70.1127543, 41.2478603, 0.0 ], [ -70.1128374, 41.2478728, 0.0 ], [ -70.1130232, 41.2479009, 0.0 ], [ -70.1131839, 41.2479252, 0.0 ], [ -70.1132779, 41.2479394, 0.0 ], [ -70.113366, 41.2479528, 0.0 ], [ -70.1134578, 41.2479667, 0.0 ], [ -70.1135513, 41.2479808, 0.0 ], [ -70.1136453, 41.247995, 0.0 ], [ -70.1137298, 41.2480078, 0.0 ], [ -70.1138143, 41.2480206, 0.0 ], [ -70.1139137, 41.2480356, 0.0 ], [ -70.1140028, 41.2480491, 0.0 ], [ -70.1140968, 41.2480633, 0.0 ], [ -70.1141812, 41.2480761, 0.0 ], [ -70.1142812, 41.2480912, 0.0 ], [ -70.1143629, 41.2481036, 0.0 ], [ -70.114426, 41.2481131, 0.0 ], [ -70.1145518, 41.2481322, 0.0 ], [ -70.1145859, 41.2480622, 0.0 ], [ -70.1146255, 41.247981, 0.0 ], [ -70.1144874, 41.2479599, 0.0 ], [ -70.1144079, 41.2479477, 0.0 ], [ -70.1143203, 41.2479343, 0.0 ], [ -70.1142317, 41.2479208, 0.0 ], [ -70.1141445, 41.2479074, 0.0 ], [ -70.1140519, 41.2478933, 0.0 ], [ -70.1139629, 41.2478797, 0.0 ], [ -70.1138684, 41.2478653, 0.0 ], [ -70.1137853, 41.2478526, 0.0 ], [ -70.1136994, 41.2478395, 0.0 ], [ -70.1135954, 41.2478235, 0.0 ], [ -70.1135069, 41.24781, 0.0 ], [ -70.1134097, 41.2477952, 0.0 ], [ -70.1133211, 41.2477816, 0.0 ], [ -70.1132335, 41.2477682, 0.0 ], [ -70.1130582, 41.2477415, 0.0 ], [ -70.1128743, 41.2477134, 0.0 ], [ -70.112788, 41.2477001, 0.0 ], [ -70.1126912, 41.2476854, 0.0 ], [ -70.1125341, 41.2476613, 0.0 ], [ -70.1124338, 41.247646, 0.0 ], [ -70.112362, 41.247635, 0.0 ], [ -70.1122862, 41.2476234, 0.0 ], [ -70.1120891, 41.2475933, 0.0 ], [ -70.1120046, 41.2475804, 0.0 ], [ -70.1119151, 41.2475667, 0.0 ], [ -70.1118098, 41.2475506, 0.0 ], [ -70.1112516, 41.2474653, 0.0 ], [ -70.1111858, 41.2474552, 0.0 ], [ -70.1111435, 41.2476156, 0.0 ] ] ] } },
{ "type": "Feature", "properties": { "Name": "Smooth Hummocks Coastal Preserve", "Acres": 0.713563, "Address": "W Miacomet Rd", "Area": 31082.683423, "FID": 184, "Field_1": "Smooth Hummocks Coastal Preserve", "Hunting": null, "Name2": "Smooth Hummocks Coastal Preserve", "Owner": "NLB", "Perimeter": 1214.244456, "Seller_Nam": null }, "geometry": { "type": "Polygon", "coordinates": [ [ [ -70.1168079, 41.247184, 0.0 ], [ -70.1168123, 41.2472185, 0.0 ], [ -70.116812, 41.24726, 0.0 ], [ -70.1167841, 41.2472944, 0.0 ], [ -70.1167292, 41.2473494, 0.0 ], [ -70.1166736, 41.2474563, 0.0 ], [ -70.1166732, 41.2475185, 0.0 ], [ -70.1166728, 41.2476013, 0.0 ], [ -70.1166721, 41.2477118, 0.0 ], [ -70.1166716, 41.2477947, 0.0 ], [ -70.1166849, 41.24785, 0.0 ], [ -70.1166935, 41.2479328, 0.0 ], [ -70.1166885, 41.2480226, 0.0 ], [ -70.1166924, 41.2481262, 0.0 ], [ -70.1166921, 41.2481814, 0.0 ], [ -70.1166467, 41.24824, 0.0 ], [ -70.1169248, 41.248342, 0.0 ], [ -70.1169422, 41.248318, 0.0 ], [ -70.1169578, 41.2482932, 0.0 ], [ -70.1169706, 41.2482676, 0.0 ], [ -70.1169817, 41.2482414, 0.0 ], [ -70.11699, 41.2482147, 0.0 ], [ -70.1169957, 41.2481876, 0.0 ], [ -70.116999, 41.2481603, 0.0 ], [ -70.1170001, 41.2481328, 0.0 ], [ -70.1169984, 41.2481054, 0.0 ], [ -70.1169945, 41.2480782, 0.0 ], [ -70.1169878, 41.2480512, 0.0 ], [ -70.1169789, 41.2480246, 0.0 ], [ -70.1169672, 41.2479985, 0.0 ], [ -70.1168806, 41.2478867, 0.0 ], [ -70.1168721, 41.24786, 0.0 ], [ -70.116865, 41.247833, 0.0 ], [ -70.1168597, 41.2478059, 0.0 ], [ -70.1168553, 41.2477786, 0.0 ], [ -70.1168528, 41.2477513, 0.0 ], [ -70.1168516, 41.2477238, 0.0 ], [ -70.1168517, 41.2476964, 0.0 ], [ -70.1168532, 41.247669, 0.0 ], [ -70.1168561, 41.2476416, 0.0 ], [ -70.1168604, 41.2476144, 0.0 ], [ -70.116866, 41.2475873, 0.0 ], [ -70.1168734, 41.2475604, 0.0 ], [ -70.1168818, 41.2475337, 0.0 ], [ -70.1168919, 41.2475073, 0.0 ], [ -70.1169034, 41.2474812, 0.0 ], [ -70.1169158, 41.2474555, 0.0 ], [ -70.1169301, 41.2474302, 0.0 ], [ -70.1169452, 41.2474053, 0.0 ], [ -70.1169617, 41.2473809, 0.0 ], [ -70.1169796, 41.247357, 0.0 ], [ -70.1169988, 41.2473336, 0.0 ], [ -70.117019, 41.2473108, 0.0 ], [ -70.1170405, 41.2472886, 0.0 ], [ -70.1170629, 41.2472671, 0.0 ], [ -70.1170875, 41.2472456, 0.0 ], [ -70.1171086, 41.2472234, 0.0 ], [ -70.1171287, 41.2472005, 0.0 ], [ -70.1171475, 41.2471769, 0.0 ], [ -70.1171649, 41.2471529, 0.0 ], [ -70.117181, 41.2471283, 0.0 ], [ -70.1171956, 41.2471032, 0.0 ], [ -70.117209, 41.2470776, 0.0 ], [ -70.1172209, 41.2470517, 0.0 ], [ -70.1172353, 41.2470148, 0.0 ], [ -70.1172381, 41.2470056, 0.0 ], [ -70.1171407, 41.246969, 0.0 ], [ -70.1171406, 41.246969, 0.0 ], [ -70.1171309, 41.246985, 0.0 ], [ -70.1170831, 41.2470641, 0.0 ], [ -70.1169954, 41.2471432, 0.0 ], [ -70.1169357, 41.2471741, 0.0 ], [ -70.116904, 41.2471567, 0.0 ], [ -70.1168951, 41.2471256, 0.0 ], [ -70.116877, 41.2470979, 0.0 ], [ -70.1168129, 41.2471149, 0.0 ], [ -70.1167895, 41.2471563, 0.0 ], [ -70.1168079, 41.247184, 0.0 ] ] ] } },
{ "type": "Feature", "properties": { "Name": "Smooth Hummocks Coastal Preserve", "Acres": 29.146099, "Address": "Smooth Hummocks, Mioxes Pond Rd", "Area": 1820802.48612, "FID": 185, "Field_1": "Smooth Hummocks Coastal Preserve", "Hunting": null, "Name2": "Smooth Hummocks Coastal Preserve", "Owner": "NLB", "Perimeter": 6673.467836, "Seller_Nam": null }, "geometry": { "type": "Polygon", "coordinates": [ [ [ -70.1299772, 41.2505357, 0.0 ], [ -70.1293554, 41.2514904, 0.0 ], [ -70.13121, 41.2514298, 0.0 ], [ -70.1318993, 41.2514073, 0.0 ], [ -70.1319752, 41.2514048, 0.0 ], [ -70.1326586, 41.2513825, 0.0 ], [ -70.133952, 41.2493943, 0.0 ], [ -70.1352533, 41.247393, 0.0 ], [ -70.1350535, 41.2473499, 0.0 ], [ -70.1348942, 41.2473132, 0.0 ], [ -70.1347984, 41.2472937, 0.0 ], [ -70.134649, 41.2472546, 0.0 ], [ -70.134506, 41.2472222, 0.0 ], [ -70.1344416, 41.2472066, 0.0 ], [ -70.1343291, 41.2471625, 0.0 ], [ -70.1342556, 41.2471431, 0.0 ], [ -70.1342102, 41.2471312, 0.0 ], [ -70.1341181, 41.2471026, 0.0 ], [ -70.1340391, 41.2470796, 0.0 ], [ -70.1339139, 41.2470376, 0.0 ], [ -70.1338018, 41.2470013, 0.0 ], [ -70.1336689, 41.2469571, 0.0 ], [ -70.1335704, 41.2469311, 0.0 ], [ -70.1334206, 41.246892, 0.0 ], [ -70.1332844, 41.2468581, 0.0 ], [ -70.1331204, 41.2468395, 0.0 ], [ -70.1330319, 41.2468212, 0.0 ], [ -70.132957, 41.2468056, 0.0 ], [ -70.1329207, 41.2467931, 0.0 ], [ -70.1328574, 41.2468911, 0.0 ], [ -70.1328004, 41.2469794, 0.0 ], [ -70.1309833, 41.2497951, 0.0 ], [ -70.1305215, 41.2497001, 0.0 ], [ -70.1299772, 41.2505357, 0.0 ] ] ] } },
{ "type": "Feature", "properties": { "Name": "Smooth Hummocks Coastal Preserve", "Acres": 32.7234, "Address": "Smooth Hummocks", "Area": 1425426.99731, "FID": 186, "Field_1": "Smooth Hummocks Coastal Preserve", "Hunting": null, "Name2": "Smooth Hummocks Coastal Preserve", "Owner": "NLB", "Perimeter": 8057.145793, "Seller_Nam": null }, "geometry": { "type": "Polygon", "coordinates": [ [ [ -70.1245378, 41.244457, 0.0 ], [ -70.1244922, 41.2445268, 0.0 ], [ -70.1235151, 41.2460239, 0.0 ], [ -70.1234775, 41.2460815, 0.0 ], [ -70.1231867, 41.2465416, 0.0 ], [ -70.1188763, 41.2533079, 0.0 ], [ -70.1188314, 41.2533783, 0.0 ], [ -70.1201869, 41.2536996, 0.0 ], [ -70.1202383, 41.2536196, 0.0 ], [ -70.1234827, 41.2485742, 0.0 ], [ -70.1235363, 41.2484908, 0.0 ], [ -70.1248131, 41.2465325, 0.0 ], [ -70.1258217, 41.2449489, 0.0 ], [ -70.1258316, 41.2449333, 0.0 ], [ -70.1259414, 41.2447609, 0.0 ], [ -70.1258611, 41.244739, 0.0 ], [ -70.1256554, 41.2446947, 0.0 ], [ -70.1255143, 41.2446554, 0.0 ], [ -70.1254566, 41.2446407, 0.0 ], [ -70.1253926, 41.2446356, 0.0 ], [ -70.1252963, 41.2446256, 0.0 ], [ -70.1252318, 41.2446157, 0.0 ], [ -70.1251678, 41.2445912, 0.0 ], [ -70.1251039, 41.2445716, 0.0 ], [ -70.1250268, 41.2445374, 0.0 ], [ -70.1249114, 41.2445322, 0.0 ], [ -70.1248664, 41.2445272, 0.0 ], [ -70.1247925, 41.2444935, 0.0 ], [ -70.1246905, 41.2444404, 0.0 ], [ -70.1246398, 41.2444098, 0.0 ], [ -70.1245886, 41.2443791, 0.0 ], [ -70.1245378, 41.244457, 0.0 ] ] ] } },
{ "type": "Feature", "properties": { "Name": "Smooth Hummocks Coastal Preserve", "Acres": 30.25, "Address": "10, 12, 14, 16, 18, 20, 22, 24 Walbang Ave, 9, 11, 13, 15, 17, 19 Cudweed Rd", "Area": 1317686.4067500001, "FID": 187, "Field_1": "Smooth Hummocks Coastal Preserve", "Hunting": null, "Name2": "Smooth Hummocks Coastal Preserve", "Owner": "NLB", "Perimeter": 5271.541014, "Seller_Nam": null }, "geometry": { "type": "Polygon", "coordinates": [ [ [ -70.1389177, 41.2503828, 0.0 ], [ -70.1388751, 41.2504477, 0.0 ], [ -70.1385661, 41.2509206, 0.0 ], [ -70.1382452, 41.2514122, 0.0 ], [ -70.1379206, 41.2519083, 0.0 ], [ -70.137601, 41.2523975, 0.0 ], [ -70.1373393, 41.2527885, 0.0 ], [ -70.1373223, 41.2528126, 0.0 ], [ -70.1373158, 41.2528395, 0.0 ], [ -70.1373202, 41.2528666, 0.0 ], [ -70.1373355, 41.2528914, 0.0 ], [ -70.13736, 41.2529115, 0.0 ], [ -70.1373917, 41.2529251, 0.0 ], [ -70.1385663, 41.253344, 0.0 ], [ -70.1397895, 41.2537802, 0.0 ], [ -70.1398245, 41.2537876, 0.0 ], [ -70.1398608, 41.2537868, 0.0 ], [ -70.139895, 41.2537778, 0.0 ], [ -70.1399242, 41.2537616, 0.0 ], [ -70.1399457, 41.2537395, 0.0 ], [ -70.1402074, 41.2533386, 0.0 ], [ -70.1405224, 41.2528564, 0.0 ], [ -70.1408465, 41.2523602, 0.0 ], [ -70.1411706, 41.2518641, 0.0 ], [ -70.1414792, 41.2513913, 0.0 ], [ -70.1417913, 41.2509136, 0.0 ], [ -70.1421416, 41.2503777, 0.0 ], [ -70.1427584, 41.2494333, 0.0 ], [ -70.142811, 41.2493528, 0.0 ], [ -70.1429076, 41.249205, 0.0 ], [ -70.142825, 41.2491798, 0.0 ], [ -70.1426866, 41.2491351, 0.0 ], [ -70.1425159, 41.2490943, 0.0 ], [ -70.1422656, 41.2490532, 0.0 ], [ -70.1420471, 41.2490244, 0.0 ], [ -70.1419917, 41.2490138, 0.0 ], [ -70.1419404, 41.2490039, 0.0 ], [ -70.1417643, 41.2489579, 0.0 ], [ -70.141605, 41.2489099, 0.0 ], [ -70.1414671, 41.248862, 0.0 ], [ -70.1413497, 41.2488109, 0.0 ], [ -70.1412536, 41.2487505, 0.0 ], [ -70.141107, 41.2487057, 0.0 ], [ -70.1410063, 41.2486768, 0.0 ], [ -70.1408855, 41.248657, 0.0 ], [ -70.1407901, 41.2488026, 0.0 ], [ -70.140676, 41.2489767, 0.0 ], [ -70.1399247, 41.2501231, 0.0 ], [ -70.1392069, 41.2500358, 0.0 ], [ -70.1392622, 41.2500711, 0.0 ], [ -70.1392839, 41.2500931, 0.0 ], [ -70.139301, 41.2501173, 0.0 ], [ -70.1393131, 41.2501432, 0.0 ], [ -70.1393198, 41.2501702, 0.0 ], [ -70.139321, 41.2501976, 0.0 ], [ -70.1393168, 41.2502248, 0.0 ], [ -70.1393071, 41.2502512, 0.0 ], [ -70.139292, 41.2502762, 0.0 ], [ -70.1392723, 41.2502992, 0.0 ], [ -70.1392481, 41.2503197, 0.0 ], [ -70.1392203, 41.2503372, 0.0 ], [ -70.1391888, 41.2503512, 0.0 ], [ -70.1391551, 41.2503616, 0.0 ], [ -70.1391201, 41.250368, 0.0 ], [ -70.1390837, 41.2503702, 0.0 ], [ -70.1390473, 41.2503684, 0.0 ], [ -70.1390119, 41.2503623, 0.0 ], [ -70.1389729, 41.2503532, 0.0 ], [ -70.1389383, 41.2503609, 0.0 ], [ -70.1389177, 41.2503828, 0.0 ] ] ] } },
{ "type": "Feature", "properties": { "Name": "Smooth Hummocks Coastal Preserve", "Acres": 1.7708, "Address": "7 Cudweed Rd", "Area": 77135.675151999996, "FID": 188, "Field_1": "Smooth Hummocks Coastal Preserve", "Hunting": null, "Name2": "Smooth Hummocks Coastal Preserve", "Owner": "NLB", "Perimeter": 1158.363417, "Seller_Nam": null }, "geometry": { "type": "Polygon", "coordinates": [ [ [ -70.1372389, 41.2530276, 0.0 ], [ -70.1372061, 41.2530389, 0.0 ], [ -70.1371773, 41.2530556, 0.0 ], [ -70.1368863, 41.2534865, 0.0 ], [ -70.1381781, 41.2539244, 0.0 ], [ -70.1384835, 41.253435, 0.0 ], [ -70.1381826, 41.2533281, 0.0 ], [ -70.1373457, 41.2530308, 0.0 ], [ -70.1373112, 41.2530235, 0.0 ], [ -70.1372748, 41.2530224, 0.0 ], [ -70.1372389, 41.2530276, 0.0 ] ] ] } },
{ "type": "Feature", "properties": { "Name": "Smooth Hummocks Coastal Preserve", "Acres": 60.816101, "Address": "Smooth Hummocks, 33 W Miacomet Rd, W Miacomet Rd", "Area": 2649139.4738599998, "FID": 189, "Field_1": "Smooth Hummocks Coastal Preserve", "Hunting": null, "Name2": "Smooth Hummocks Coastal Preserve", "Owner": "NLB", "Perimeter": 8101.858953, "Seller_Nam": null }, "geometry": { "type": "Polygon", "coordinates": [ [ [ -70.1154646, 41.2506845, 0.0 ], [ -70.1154549, 41.250711, 0.0 ], [ -70.1154461, 41.2507376, 0.0 ], [ -70.1154377, 41.2507643, 0.0 ], [ -70.1154299, 41.2507911, 0.0 ], [ -70.1154224, 41.250818, 0.0 ], [ -70.1154159, 41.2508449, 0.0 ], [ -70.1154094, 41.250872, 0.0 ], [ -70.1154038, 41.2508991, 0.0 ], [ -70.1153991, 41.2509263, 0.0 ], [ -70.1153944, 41.2509535, 0.0 ], [ -70.1153906, 41.2509808, 0.0 ], [ -70.1153872, 41.2510081, 0.0 ], [ -70.1153843, 41.2510355, 0.0 ], [ -70.1153819, 41.2510629, 0.0 ], [ -70.1153804, 41.2510903, 0.0 ], [ -70.1153793, 41.2511177, 0.0 ], [ -70.1153787, 41.2511452, 0.0 ], [ -70.1153785, 41.2511726, 0.0 ], [ -70.1153793, 41.2512, 0.0 ], [ -70.1153805, 41.2512275, 0.0 ], [ -70.1153821, 41.2512549, 0.0 ], [ -70.1153842, 41.2512823, 0.0 ], [ -70.1153873, 41.2513096, 0.0 ], [ -70.1153907, 41.251337, 0.0 ], [ -70.1153947, 41.2513643, 0.0 ], [ -70.1153991, 41.2513915, 0.0 ], [ -70.1154043, 41.2514186, 0.0 ], [ -70.1154101, 41.2514458, 0.0 ], [ -70.1154163, 41.2514728, 0.0 ], [ -70.115423, 41.2514998, 0.0 ], [ -70.1154305, 41.2515266, 0.0 ], [ -70.1154381, 41.2515534, 0.0 ], [ -70.1154466, 41.2515801, 0.0 ], [ -70.115456, 41.2516067, 0.0 ], [ -70.1154744, 41.2516345, 0.0 ], [ -70.1154925, 41.2516582, 0.0 ], [ -70.1155096, 41.2516824, 0.0 ], [ -70.1155258, 41.2517069, 0.0 ], [ -70.1155416, 41.2517318, 0.0 ], [ -70.1155556, 41.251757, 0.0 ], [ -70.115569, 41.2517826, 0.0 ], [ -70.1155883, 41.251824, 0.0 ], [ -70.1155986, 41.2518503, 0.0 ], [ -70.1156085, 41.2518768, 0.0 ], [ -70.115617, 41.2519034, 0.0 ], [ -70.1156245, 41.2519303, 0.0 ], [ -70.1156307, 41.2519573, 0.0 ], [ -70.115636, 41.2519845, 0.0 ], [ -70.1156404, 41.2520117, 0.0 ], [ -70.1156434, 41.2520391, 0.0 ], [ -70.1156456, 41.2520665, 0.0 ], [ -70.1156463, 41.2520939, 0.0 ], [ -70.1156461, 41.2521213, 0.0 ], [ -70.1156451, 41.2521488, 0.0 ], [ -70.1156399, 41.2521778, 0.0 ], [ -70.1156343, 41.2522049, 0.0 ], [ -70.1156314, 41.2522323, 0.0 ], [ -70.1156303, 41.2522597, 0.0 ], [ -70.1156311, 41.2522871, 0.0 ], [ -70.1156346, 41.2523145, 0.0 ], [ -70.1156394, 41.2523416, 0.0 ], [ -70.115647, 41.2523685, 0.0 ], [ -70.1156559, 41.2523951, 0.0 ], [ -70.1156671, 41.2524211, 0.0 ], [ -70.1156806, 41.2524467, 0.0 ], [ -70.1156959, 41.2524716, 0.0 ], [ -70.1157126, 41.2524959, 0.0 ], [ -70.1157315, 41.2525193, 0.0 ], [ -70.1157523, 41.2525419, 0.0 ], [ -70.1157745, 41.2525636, 0.0 ], [ -70.1157984, 41.2525842, 0.0 ], [ -70.1158405, 41.2526132, 0.0 ], [ -70.1160393, 41.2527452, 0.0 ], [ -70.116705, 41.2531873, 0.0 ], [ -70.1181482, 41.2541461, 0.0 ], [ -70.1186565, 41.2533596, 0.0 ], [ -70.1187138, 41.2532708, 0.0 ], [ -70.1226012, 41.2472566, 0.0 ], [ -70.1206659, 41.2470583, 0.0 ], [ -70.1210296, 41.2465081, 0.0 ], [ -70.1212901, 41.2461033, 0.0 ], [ -70.1201823, 41.2459691, 0.0 ], [ -70.1198264, 41.2465161, 0.0 ], [ -70.1188453, 41.2480245, 0.0 ], [ -70.118072, 41.2479645, 0.0 ], [ -70.1176729, 41.2485845, 0.0 ], [ -70.1167403, 41.2500329, 0.0 ], [ -70.1159246, 41.2497496, 0.0 ], [ -70.1154646, 41.2506845, 0.0 ] ] ] } },
{ "type": "Feature", "properties": { "Name": "Smooth Hummocks Coastal Preserve", "Acres": 17.674, "Address": "Smooth Hummocks", "Area": 769878.24419600004, "FID": 190, "Field_1": "Smooth Hummocks Coastal Preserve", "Hunting": null, "Name2": "Smooth Hummocks Coastal Preserve", "Owner": "NLB", "Perimeter": 3794.861906, "Seller_Nam": null }, "geometry": { "type": "Polygon", "coordinates": [ [ [ -70.1285582, 41.2517062, 0.0 ], [ -70.1273072, 41.2524364, 0.0 ], [ -70.1269323, 41.2528857, 0.0 ], [ -70.1259038, 41.2541195, 0.0 ], [ -70.1253998, 41.254724, 0.0 ], [ -70.1271203, 41.2546796, 0.0 ], [ -70.1273281, 41.2546693, 0.0 ], [ -70.1285734, 41.2546325, 0.0 ], [ -70.1295706, 41.2546009, 0.0 ], [ -70.1291449, 41.2518301, 0.0 ], [ -70.1291335, 41.2517549, 0.0 ], [ -70.1290464, 41.2517238, 0.0 ], [ -70.1287175, 41.2516063, 0.0 ], [ -70.1285582, 41.2517062, 0.0 ] ] ] } },
{ "type": "Feature", "properties": { "Name": "Smooth Hummocks Coastal Preserve", "Acres": 76.929497, "Address": "5 W Miacomet Rd, Off Bartlett Rd, Smooth Hummocks", "Area": 3351036.4300500001, "FID": 191, "Field_1": "Smooth Hummocks Coastal Preserve", "Hunting": null, "Name2": "Smooth Hummocks Coastal Preserve", "Owner": "NLB", "Perimeter": 12021.983217000001, "Seller_Nam": null }, "geometry": { "type": "Polygon", "coordinates": [ [ [ -70.118761, 41.2545332, 0.0 ], [ -70.119057, 41.2546791, 0.0 ], [ -70.1195303, 41.2549068, 0.0 ], [ -70.1200377, 41.2548891, 0.0 ], [ -70.1225918, 41.2547965, 0.0 ], [ -70.1243659, 41.2547499, 0.0 ], [ -70.1246487, 41.2547429, 0.0 ], [ -70.1250406, 41.2547331, 0.0 ], [ -70.1271996, 41.25217, 0.0 ], [ -70.1274779, 41.2519049, 0.0 ], [ -70.1278839, 41.2514949, 0.0 ], [ -70.1265441, 41.2513711, 0.0 ], [ -70.124908, 41.2512199, 0.0 ], [ -70.1269293, 41.2480762, 0.0 ], [ -70.1280065, 41.2481656, 0.0 ], [ -70.1285551, 41.2473037, 0.0 ], [ -70.1290012, 41.246615, 0.0 ], [ -70.1290779, 41.2464852, 0.0 ], [ -70.1293647, 41.2460501, 0.0 ], [ -70.1294325, 41.2459473, 0.0 ], [ -70.1295836, 41.2457181, 0.0 ], [ -70.1295086, 41.2457179, 0.0 ], [ -70.1293192, 41.2456877, 0.0 ], [ -70.1291884, 41.2456675, 0.0 ], [ -70.1290381, 41.2456374, 0.0 ], [ -70.1288941, 41.2456221, 0.0 ], [ -70.1287572, 41.2455673, 0.0 ], [ -70.1286724, 41.2455325, 0.0 ], [ -70.1285666, 41.2455103, 0.0 ], [ -70.1284913, 41.2454799, 0.0 ], [ -70.1284483, 41.2454597, 0.0 ], [ -70.1284079, 41.2454408, 0.0 ], [ -70.1282799, 41.2454161, 0.0 ], [ -70.1281705, 41.2453818, 0.0 ], [ -70.1280294, 41.2453377, 0.0 ], [ -70.1278883, 41.2452936, 0.0 ], [ -70.1277731, 41.2452447, 0.0 ], [ -70.127651, 41.2452104, 0.0 ], [ -70.1275807, 41.2451956, 0.0 ], [ -70.1275294, 41.2451858, 0.0 ], [ -70.1274522, 41.2451661, 0.0 ], [ -70.1273879, 41.2451319, 0.0 ], [ -70.1273302, 41.2451172, 0.0 ], [ -70.1272985, 41.2450929, 0.0 ], [ -70.1272278, 41.2450684, 0.0 ], [ -70.1271702, 41.2450488, 0.0 ], [ -70.1270739, 41.2450339, 0.0 ], [ -70.1269599, 41.2450192, 0.0 ], [ -70.1268129, 41.2452535, 0.0 ], [ -70.1268082, 41.245261, 0.0 ], [ -70.1260117, 41.2465306, 0.0 ], [ -70.1230707, 41.25105, 0.0 ], [ -70.1225496, 41.2510018, 0.0 ], [ -70.1207253, 41.2538272, 0.0 ], [ -70.1206735, 41.2539072, 0.0 ], [ -70.1205505, 41.2540987, 0.0 ], [ -70.1204441, 41.2542635, 0.0 ], [ -70.1203097, 41.2544722, 0.0 ], [ -70.1201016, 41.2544542, 0.0 ], [ -70.1197377, 41.2544187, 0.0 ], [ -70.1193964, 41.2543896, 0.0 ], [ -70.1191411, 41.2543668, 0.0 ], [ -70.1189085, 41.2543441, 0.0 ], [ -70.1186163, 41.2543165, 0.0 ], [ -70.1183583, 41.2542928, 0.0 ], [ -70.118761, 41.2545332, 0.0 ] ] ] } },
{ "type": "Feature", "properties": { "Name": "Mizzenmast/Burchell", "Acres": 67.307602, "Address": "Smooth Hummocks, Appleton Rd, Mizzenmast Ext, 101 Miacomet Rd, W Miacomet Rd", "Area": 2712518.9386700001, "FID": 192, "Field_1": "Mizzenmast/Burchell", "Hunting": false, "Name2": "Mizzenmast/Burchell", "Owner": "NLB", "Perimeter": 15430.032269, "Seller_Nam": null }, "geometry": { "type": "Polygon", "coordinates": [ [ [ -70.1088243, 41.2617598, 0.0 ], [ -70.1085624, 41.2625195, 0.0 ], [ -70.1090468, 41.2624154, 0.0 ], [ -70.109324, 41.2623557, 0.0 ], [ -70.1096614, 41.2622832, 0.0 ], [ -70.1101425, 41.2621798, 0.0 ], [ -70.1106506, 41.2620704, 0.0 ], [ -70.1107771, 41.262046, 0.0 ], [ -70.111261, 41.2619473, 0.0 ], [ -70.1116539, 41.2618637, 0.0 ], [ -70.1120686, 41.2617789, 0.0 ], [ -70.1126267, 41.2616614, 0.0 ], [ -70.113335, 41.2615088, 0.0 ], [ -70.1133623, 41.2615029, 0.0 ], [ -70.1141634, 41.2589812, 0.0 ], [ -70.1133886, 41.2589223, 0.0 ], [ -70.113535, 41.2581526, 0.0 ], [ -70.1137203, 41.2572455, 0.0 ], [ -70.1139521, 41.2564815, 0.0 ], [ -70.1138789, 41.2560525, 0.0 ], [ -70.1137979, 41.2553303, 0.0 ], [ -70.1137706, 41.2546451, 0.0 ], [ -70.1149735, 41.2527875, 0.0 ], [ -70.1164919, 41.2535474, 0.0 ], [ -70.1180394, 41.2543219, 0.0 ], [ -70.1181427, 41.2543752, 0.0 ], [ -70.1183549, 41.2544753, 0.0 ], [ -70.1181712, 41.2543297, 0.0 ], [ -70.1180697, 41.2542709, 0.0 ], [ -70.1166365, 41.2533076, 0.0 ], [ -70.1158283, 41.2527642, 0.0 ], [ -70.1157975, 41.2527498, 0.0 ], [ -70.1157676, 41.2527344, 0.0 ], [ -70.1157386, 41.2527177, 0.0 ], [ -70.1157109, 41.2527, 0.0 ], [ -70.1156842, 41.2526813, 0.0 ], [ -70.1156589, 41.2526616, 0.0 ], [ -70.1156349, 41.252641, 0.0 ], [ -70.1156123, 41.2526195, 0.0 ], [ -70.1155911, 41.2525971, 0.0 ], [ -70.1155717, 41.252574, 0.0 ], [ -70.1155536, 41.2525502, 0.0 ], [ -70.1155369, 41.2525257, 0.0 ], [ -70.1155225, 41.2525006, 0.0 ], [ -70.1155091, 41.252475, 0.0 ], [ -70.1154978, 41.2524489, 0.0 ], [ -70.1154885, 41.2524225, 0.0 ], [ -70.1154804, 41.2523957, 0.0 ], [ -70.1154742, 41.2523686, 0.0 ], [ -70.1154698, 41.2523414, 0.0 ], [ -70.1154677, 41.252314, 0.0 ], [ -70.115467, 41.2522866, 0.0 ], [ -70.115468, 41.2522591, 0.0 ], [ -70.1154714, 41.2522318, 0.0 ], [ -70.1154761, 41.2522046, 0.0 ], [ -70.1154804, 41.2521733, 0.0 ], [ -70.1154823, 41.2521458, 0.0 ], [ -70.115483, 41.2521184, 0.0 ], [ -70.1154827, 41.2520909, 0.0 ], [ -70.1154533, 41.2520534, 0.0 ], [ -70.1154754, 41.2520198, 0.0 ], [ -70.1154705, 41.2519926, 0.0 ], [ -70.1154648, 41.2519656, 0.0 ], [ -70.1154572, 41.2519386, 0.0 ], [ -70.1154492, 41.2519119, 0.0 ], [ -70.1154393, 41.2518855, 0.0 ], [ -70.1154286, 41.2518592, 0.0 ], [ -70.1154169, 41.2518333, 0.0 ], [ -70.1154039, 41.2518077, 0.0 ], [ -70.1153899, 41.2517823, 0.0 ], [ -70.1153746, 41.2517574, 0.0 ], [ -70.1153584, 41.2517329, 0.0 ], [ -70.1153399, 41.2517047, 0.0 ], [ -70.1153264, 41.2516792, 0.0 ], [ -70.1153134, 41.2516536, 0.0 ], [ -70.1153008, 41.2516278, 0.0 ], [ -70.1152892, 41.2516018, 0.0 ], [ -70.115278, 41.2515757, 0.0 ], [ -70.1152677, 41.2515494, 0.0 ], [ -70.1152574, 41.251523, 0.0 ], [ -70.1152484, 41.2514965, 0.0 ], [ -70.1152395, 41.2514698, 0.0 ], [ -70.1152319, 41.251443, 0.0 ], [ -70.1152243, 41.2514162, 0.0 ], [ -70.1152177, 41.2513892, 0.0 ], [ -70.1152119, 41.2513621, 0.0 ], [ -70.1152062, 41.251335, 0.0 ], [ -70.1152018, 41.2513078, 0.0 ], [ -70.1151974, 41.2512805, 0.0 ], [ -70.1151939, 41.2512532, 0.0 ], [ -70.1151914, 41.2512258, 0.0 ], [ -70.1151893, 41.2511984, 0.0 ], [ -70.1151881, 41.251171, 0.0 ], [ -70.1151869, 41.2511435, 0.0 ], [ -70.1151779, 41.2511141, 0.0 ], [ -70.1151887, 41.2510612, 0.0 ], [ -70.1151907, 41.2510338, 0.0 ], [ -70.1151931, 41.2510064, 0.0 ], [ -70.115196, 41.2509791, 0.0 ], [ -70.1151998, 41.2509518, 0.0 ], [ -70.1152045, 41.2509246, 0.0 ], [ -70.1152097, 41.2508974, 0.0 ], [ -70.1152153, 41.2508703, 0.0 ], [ -70.1152218, 41.2508433, 0.0 ], [ -70.1152288, 41.2508164, 0.0 ], [ -70.1152367, 41.2507896, 0.0 ], [ -70.115245, 41.2507629, 0.0 ], [ -70.1152543, 41.2507363, 0.0 ], [ -70.1152635, 41.2507098, 0.0 ], [ -70.1152741, 41.2506835, 0.0 ], [ -70.1152847, 41.2506573, 0.0 ], [ -70.1152962, 41.2506313, 0.0 ], [ -70.1153087, 41.2506054, 0.0 ], [ -70.1153215, 41.2505797, 0.0 ], [ -70.1153349, 41.2505542, 0.0 ], [ -70.1153487, 41.2505289, 0.0 ], [ -70.1156362, 41.2499437, 0.0 ], [ -70.1157641, 41.2496828, 0.0 ], [ -70.1157156, 41.2496663, 0.0 ], [ -70.1157156, 41.2496663, 0.0 ], [ -70.1156607, 41.2497145, 0.0 ], [ -70.1155877, 41.2497039, 0.0 ], [ -70.1155876, 41.2497039, 0.0 ], [ -70.1155233, 41.2497485, 0.0 ], [ -70.1155231, 41.2497761, 0.0 ], [ -70.1155231, 41.2497761, 0.0 ], [ -70.1155917, 41.2497764, 0.0 ], [ -70.1156283, 41.2497558, 0.0 ], [ -70.1156604, 41.2497766, 0.0 ], [ -70.1156464, 41.2498284, 0.0 ], [ -70.1156304, 41.2498566, 0.0 ], [ -70.1155123, 41.2500661, 0.0 ], [ -70.1154866, 41.2501144, 0.0 ], [ -70.1154412, 41.2500935, 0.0 ], [ -70.1154044, 41.2501003, 0.0 ], [ -70.1153769, 41.2501451, 0.0 ], [ -70.115404, 41.2501625, 0.0 ], [ -70.1154543, 41.2501972, 0.0 ], [ -70.1154404, 41.250242, 0.0 ], [ -70.1151581, 41.25079, 0.0 ], [ -70.1150886, 41.2509244, 0.0 ], [ -70.1150381, 41.2510836, 0.0 ], [ -70.1149381, 41.2512381, 0.0 ], [ -70.1148827, 41.2513105, 0.0 ], [ -70.1148687, 41.2513795, 0.0 ], [ -70.1148451, 41.2514485, 0.0 ], [ -70.1147669, 41.2515172, 0.0 ], [ -70.1147167, 41.2515551, 0.0 ], [ -70.1146524, 41.2515963, 0.0 ], [ -70.1145969, 41.2516686, 0.0 ], [ -70.1145503, 41.2517893, 0.0 ], [ -70.1145091, 41.2518375, 0.0 ], [ -70.1144034, 41.2518855, 0.0 ], [ -70.114229, 41.2520092, 0.0 ], [ -70.1141277, 41.252071, 0.0 ], [ -70.1139718, 41.2521499, 0.0 ], [ -70.1139053, 41.2522396, 0.0 ], [ -70.1139053, 41.2522396, 0.0 ], [ -70.1139181, 41.252312, 0.0 ], [ -70.1138859, 41.2523671, 0.0 ], [ -70.1138585, 41.2523981, 0.0 ], [ -70.113835, 41.252436, 0.0 ], [ -70.1138211, 41.2524808, 0.0 ], [ -70.1137983, 41.2525049, 0.0 ], [ -70.1137568, 41.252522, 0.0 ], [ -70.1137294, 41.2525461, 0.0 ], [ -70.1137201, 41.2525737, 0.0 ], [ -70.1136922, 41.2526116, 0.0 ], [ -70.1136692, 41.252646, 0.0 ], [ -70.1136689, 41.2527082, 0.0 ], [ -70.1136361, 41.252784, 0.0 ], [ -70.1136086, 41.2528254, 0.0 ], [ -70.1135031, 41.2529079, 0.0 ], [ -70.113406, 41.2530353, 0.0 ], [ -70.1133692, 41.2531112, 0.0 ], [ -70.1133162, 41.2532314, 0.0 ], [ -70.113295, 41.2532767, 0.0 ], [ -70.1132579, 41.2533352, 0.0 ], [ -70.1131979, 41.2534041, 0.0 ], [ -70.1131523, 41.2534246, 0.0 ], [ -70.1130927, 41.2534348, 0.0 ], [ -70.1130927, 41.2534348, 0.0 ], [ -70.1130194, 41.2534587, 0.0 ], [ -70.1130194, 41.2534587, 0.0 ], [ -70.1129092, 41.2534894, 0.0 ], [ -70.1129092, 41.2534894, 0.0 ], [ -70.112806, 41.2535685, 0.0 ], [ -70.1127323, 41.2536476, 0.0 ], [ -70.1126587, 41.2537165, 0.0 ], [ -70.1125716, 41.2537714, 0.0 ], [ -70.1124248, 41.2538296, 0.0 ], [ -70.1123327, 41.253888, 0.0 ], [ -70.1122408, 41.2539671, 0.0 ], [ -70.1121671, 41.2540566, 0.0 ], [ -70.1121668, 41.2541119, 0.0 ], [ -70.1121847, 41.2541602, 0.0 ], [ -70.1122076, 41.2542052, 0.0 ], [ -70.112221, 41.2542363, 0.0 ], [ -70.1122208, 41.2542847, 0.0 ], [ -70.1121836, 41.2543467, 0.0 ], [ -70.1121831, 41.2544227, 0.0 ], [ -70.1122106, 41.2544607, 0.0 ], [ -70.1122377, 41.2544953, 0.0 ], [ -70.112242, 41.2545368, 0.0 ], [ -70.1122965, 41.2546233, 0.0 ], [ -70.1123433, 41.2547095, 0.0 ], [ -70.1124485, 41.2548172, 0.0 ], [ -70.1124897, 41.2548553, 0.0 ], [ -70.1125168, 41.254883, 0.0 ], [ -70.1125393, 41.2549142, 0.0 ], [ -70.1125805, 41.2549419, 0.0 ], [ -70.1126075, 41.2549938, 0.0 ], [ -70.1125982, 41.2550283, 0.0 ], [ -70.1125571, 41.2550592, 0.0 ], [ -70.1125204, 41.2550556, 0.0 ], [ -70.1125203, 41.2550556, 0.0 ], [ -70.1125387, 41.2550177, 0.0 ], [ -70.1125208, 41.2549797, 0.0 ], [ -70.1124615, 41.2549277, 0.0 ], [ -70.1124253, 41.2549, 0.0 ], [ -70.1123748, 41.2549136, 0.0 ], [ -70.1123199, 41.2548927, 0.0 ], [ -70.112256, 41.2548545, 0.0 ], [ -70.1122061, 41.254844, 0.0 ], [ -70.1121831, 41.2548128, 0.0 ], [ -70.112188, 41.2547576, 0.0 ], [ -70.1121836, 41.2547299, 0.0 ], [ -70.1121197, 41.2546987, 0.0 ], [ -70.1120926, 41.2546744, 0.0 ], [ -70.1120654, 41.2546467, 0.0 ], [ -70.1120333, 41.2546224, 0.0 ], [ -70.1120021, 41.2545675, 0.0 ], [ -70.1120022, 41.2545672, 0.0 ], [ -70.1120472, 41.2545776, 0.0 ], [ -70.1120472, 41.2545776, 0.0 ], [ -70.112084, 41.2545846, 0.0 ], [ -70.1121157, 41.254602, 0.0 ], [ -70.1121613, 41.2546505, 0.0 ], [ -70.1121613, 41.2546504, 0.0 ], [ -70.1121751, 41.254616, 0.0 ], [ -70.1121664, 41.2545642, 0.0 ], [ -70.1121438, 41.2545365, 0.0 ], [ -70.1121486, 41.2544985, 0.0 ], [ -70.1121353, 41.2544432, 0.0 ], [ -70.1121215, 41.2543914, 0.0 ], [ -70.1121308, 41.2543534, 0.0 ], [ -70.112136, 41.2543189, 0.0 ], [ -70.1121544, 41.2542775, 0.0 ], [ -70.1121592, 41.2542465, 0.0 ], [ -70.1121411, 41.2542223, 0.0 ], [ -70.1119627, 41.2541906, 0.0 ], [ -70.1119626, 41.2541906, 0.0 ], [ -70.1119849, 41.2542735, 0.0 ], [ -70.1119888, 41.2543771, 0.0 ], [ -70.1120022, 41.2545015, 0.0 ], [ -70.1120018, 41.2545666, 0.0 ], [ -70.1120017, 41.2545678, 0.0 ], [ -70.1119923, 41.2546326, 0.0 ], [ -70.112033, 41.2546638, 0.0 ], [ -70.1120554, 41.2547261, 0.0 ], [ -70.112114, 41.2548782, 0.0 ], [ -70.1121686, 41.2549474, 0.0 ], [ -70.1121775, 41.2549889, 0.0 ], [ -70.1121239, 41.2550577, 0.0 ], [ -70.112173, 41.2551386, 0.0 ], [ -70.1110929, 41.2562711, 0.0 ], [ -70.1108875, 41.2564865, 0.0 ], [ -70.1106986, 41.2566845, 0.0 ], [ -70.1106386, 41.2567474, 0.0 ], [ -70.1104913, 41.2571421, 0.0 ], [ -70.1103323, 41.2576526, 0.0 ], [ -70.1101788, 41.2581628, 0.0 ], [ -70.1100225, 41.2586699, 0.0 ], [ -70.1098955, 41.2590838, 0.0 ], [ -70.1098209, 41.2593131, 0.0 ], [ -70.109623, 41.2599448, 0.0 ], [ -70.110999, 41.2600652, 0.0 ], [ -70.1110269, 41.2601082, 0.0 ], [ -70.1110413, 41.2601334, 0.0 ], [ -70.1110548, 41.2601589, 0.0 ], [ -70.1110674, 41.2601847, 0.0 ], [ -70.1110786, 41.2602107, 0.0 ], [ -70.1110889, 41.260237, 0.0 ], [ -70.1110983, 41.2602636, 0.0 ], [ -70.1111063, 41.2602903, 0.0 ], [ -70.1111134, 41.2603173, 0.0 ], [ -70.1111191, 41.2603444, 0.0 ], [ -70.111124, 41.2603716, 0.0 ], [ -70.1111275, 41.2603989, 0.0 ], [ -70.11113, 41.2604262, 0.0 ], [ -70.1111317, 41.2604537, 0.0 ], [ -70.111132, 41.2604811, 0.0 ], [ -70.1111309, 41.2605086, 0.0 ], [ -70.1111289, 41.260536, 0.0 ], [ -70.1111276, 41.2605481, 0.0 ], [ -70.111126, 41.2605633, 0.0 ], [ -70.1111218, 41.2605906, 0.0 ], [ -70.1111166, 41.2606177, 0.0 ], [ -70.1111101, 41.2606447, 0.0 ], [ -70.1111026, 41.2606716, 0.0 ], [ -70.1110939, 41.2606982, 0.0 ], [ -70.1110841, 41.2607247, 0.0 ], [ -70.1110735, 41.2607509, 0.0 ], [ -70.1110616, 41.2607768, 0.0 ], [ -70.1110487, 41.2608025, 0.0 ], [ -70.1110349, 41.2608278, 0.0 ], [ -70.1110197, 41.2608528, 0.0 ], [ -70.1110037, 41.2608775, 0.0 ], [ -70.1109867, 41.2609017, 0.0 ], [ -70.1109688, 41.2609255, 0.0 ], [ -70.1109496, 41.260949, 0.0 ], [ -70.1109299, 41.2609719, 0.0 ], [ -70.1109089, 41.2609944, 0.0 ], [ -70.1107293, 41.2612134, 0.0 ], [ -70.1106856, 41.2611981, 0.0 ], [ -70.1099775, 41.2609482, 0.0 ], [ -70.1094657, 41.2611573, 0.0 ], [ -70.1090399, 41.2611485, 0.0 ], [ -70.1088243, 41.2617598, 0.0 ] ] ] } },
{ "type": "Feature", "properties": { "Name": "Cisco", "Acres": 12.0222, "Address": "260, 260 R Hummock Pond Rd", "Area": 523686.24737200001, "FID": 193, "Field_1": "Cisco", "Hunting": null, "Name2": "Cisco", "Owner": "NLB", "Perimeter": 3675.304735, "Seller_Nam": null }, "geometry": { "type": "Polygon", "coordinates": [ [ [ -70.153002, 41.2529006, 0.0 ], [ -70.1526857, 41.2533838, 0.0 ], [ -70.1521623, 41.2541915, 0.0 ], [ -70.1530852, 41.2538467, 0.0 ], [ -70.1552164, 41.2530532, 0.0 ], [ -70.1551513, 41.2530388, 0.0 ], [ -70.1532008, 41.2526064, 0.0 ], [ -70.1531967, 41.2526056, 0.0 ], [ -70.153002, 41.2529006, 0.0 ] ] ] } },
{ "type": "Feature", "properties": { "Name": "Cisco", "Acres": 35.013802, "Address": "Smooth Hummocks", "Area": 1525193.2316399999, "FID": 194, "Field_1": "Cisco", "Hunting": null, "Name2": "Cisco", "Owner": "NLB", "Perimeter": 5773.644922, "Seller_Nam": null }, "geometry": { "type": "Polygon", "coordinates": [ [ [ -70.1478624, 41.2510073, 0.0 ], [ -70.1476279, 41.2513599, 0.0 ], [ -70.1500349, 41.2521259, 0.0 ], [ -70.1499781, 41.2522138, 0.0 ], [ -70.1497865, 41.2525117, 0.0 ], [ -70.1495797, 41.2528322, 0.0 ], [ -70.1495293, 41.2529108, 0.0 ], [ -70.1493638, 41.2531674, 0.0 ], [ -70.1492025, 41.2534179, 0.0 ], [ -70.1491525, 41.2534954, 0.0 ], [ -70.1490003, 41.2537319, 0.0 ], [ -70.148833, 41.2539914, 0.0 ], [ -70.1487812, 41.2540715, 0.0 ], [ -70.1487601, 41.2541046, 0.0 ], [ -70.1503875, 41.2544499, 0.0 ], [ -70.1509183, 41.2545732, 0.0 ], [ -70.1509751, 41.2545856, 0.0 ], [ -70.1509971, 41.254626, 0.0 ], [ -70.1519833, 41.2542596, 0.0 ], [ -70.1525745, 41.2533529, 0.0 ], [ -70.1528866, 41.2528823, 0.0 ], [ -70.1535826, 41.2518173, 0.0 ], [ -70.153679, 41.2516699, 0.0 ], [ -70.1537138, 41.2516164, 0.0 ], [ -70.1539462, 41.251261, 0.0 ], [ -70.153919, 41.2512429, 0.0 ], [ -70.1538909, 41.2512254, 0.0 ], [ -70.1538619, 41.2512086, 0.0 ], [ -70.1538325, 41.2511928, 0.0 ], [ -70.1538016, 41.2511783, 0.0 ], [ -70.1537694, 41.2511653, 0.0 ], [ -70.1537363, 41.2511538, 0.0 ], [ -70.1537027, 41.2511437, 0.0 ], [ -70.1536687, 41.2511334, 0.0 ], [ -70.1536355, 41.2511228, 0.0 ], [ -70.153602, 41.2511117, 0.0 ], [ -70.1535688, 41.2511003, 0.0 ], [ -70.1535362, 41.2510885, 0.0 ], [ -70.1535035, 41.2510763, 0.0 ], [ -70.1534708, 41.2510643, 0.0 ], [ -70.1532651, 41.2510251, 0.0 ], [ -70.1532261, 41.2510203, 0.0 ], [ -70.1531902, 41.2510159, 0.0 ], [ -70.1531543, 41.2510112, 0.0 ], [ -70.1531184, 41.2510063, 0.0 ], [ -70.153083, 41.251001, 0.0 ], [ -70.1530471, 41.2509955, 0.0 ], [ -70.1530117, 41.2509897, 0.0 ], [ -70.1529762, 41.2509835, 0.0 ], [ -70.1529408, 41.2509771, 0.0 ], [ -70.1529054, 41.2509704, 0.0 ], [ -70.1525806, 41.2509285, 0.0 ], [ -70.1525447, 41.2509258, 0.0 ], [ -70.1525083, 41.250923, 0.0 ], [ -70.1524725, 41.2509199, 0.0 ], [ -70.1524361, 41.2509166, 0.0 ], [ -70.1524002, 41.2509132, 0.0 ], [ -70.1523639, 41.2509095, 0.0 ], [ -70.152328, 41.2509056, 0.0 ], [ -70.1522921, 41.2509015, 0.0 ], [ -70.1522562, 41.2508971, 0.0 ], [ -70.1522203, 41.2508928, 0.0 ], [ -70.152184, 41.2508901, 0.0 ], [ -70.1521476, 41.2508892, 0.0 ], [ -70.1521112, 41.2508903, 0.0 ], [ -70.1520749, 41.2508914, 0.0 ], [ -70.1520389, 41.25089, 0.0 ], [ -70.1520026, 41.2508861, 0.0 ], [ -70.1519672, 41.2508807, 0.0 ], [ -70.1519313, 41.2508761, 0.0 ], [ -70.1518954, 41.2508721, 0.0 ], [ -70.151859, 41.2508687, 0.0 ], [ -70.1518232, 41.2508661, 0.0 ], [ -70.1517864, 41.2508613, 0.0 ], [ -70.1517509, 41.2508564, 0.0 ], [ -70.151715, 41.2508519, 0.0 ], [ -70.1516791, 41.2508479, 0.0 ], [ -70.1516428, 41.2508443, 0.0 ], [ -70.1516069, 41.2508412, 0.0 ], [ -70.1515706, 41.2508386, 0.0 ], [ -70.1515342, 41.2508364, 0.0 ], [ -70.1514978, 41.2508347, 0.0 ], [ -70.1513661, 41.2508158, 0.0 ], [ -70.1513298, 41.2508134, 0.0 ], [ -70.1512939, 41.2508108, 0.0 ], [ -70.1512575, 41.250808, 0.0 ], [ -70.1512216, 41.250805, 0.0 ], [ -70.1511853, 41.2508017, 0.0 ], [ -70.1511494, 41.2507983, 0.0 ], [ -70.151113, 41.2507946, 0.0 ], [ -70.1510771, 41.2507908, 0.0 ], [ -70.1510413, 41.2507867, 0.0 ], [ -70.1510054, 41.2507824, 0.0 ], [ -70.150969, 41.250777, 0.0 ], [ -70.1509091, 41.2507678, 0.0 ], [ -70.1508696, 41.2507606, 0.0 ], [ -70.1508341, 41.2507545, 0.0 ], [ -70.1507987, 41.2507482, 0.0 ], [ -70.1507633, 41.2507418, 0.0 ], [ -70.1507279, 41.2507353, 0.0 ], [ -70.1506929, 41.2507285, 0.0 ], [ -70.1506575, 41.2507217, 0.0 ], [ -70.1506225, 41.2507146, 0.0 ], [ -70.1505871, 41.2507075, 0.0 ], [ -70.1505521, 41.2507002, 0.0 ], [ -70.1505284, 41.2506951, 0.0 ], [ -70.1505172, 41.2506927, 0.0 ], [ -70.1504822, 41.2506851, 0.0 ], [ -70.1504473, 41.2506774, 0.0 ], [ -70.1504123, 41.2506695, 0.0 ], [ -70.1503582, 41.250661, 0.0 ], [ -70.1502134, 41.2506241, 0.0 ], [ -70.1500811, 41.2505509, 0.0 ], [ -70.1499128, 41.2504775, 0.0 ], [ -70.149726, 41.2503904, 0.0 ], [ -70.1495696, 41.2503126, 0.0 ], [ -70.1494313, 41.2502575, 0.0 ], [ -70.1493109, 41.2502435, 0.0 ], [ -70.1492022, 41.2502477, 0.0 ], [ -70.1491236, 41.2502429, 0.0 ], [ -70.148985, 41.2502243, 0.0 ], [ -70.1488765, 41.2502149, 0.0 ], [ -70.1487437, 41.250219, 0.0 ], [ -70.1486532, 41.2502324, 0.0 ], [ -70.1485569, 41.2502139, 0.0 ], [ -70.1484784, 41.2501863, 0.0 ], [ -70.1484084, 41.2501789, 0.0 ], [ -70.1481399, 41.2505897, 0.0 ], [ -70.1480968, 41.2506546, 0.0 ], [ -70.1478624, 41.2510073, 0.0 ] ] ] } },
{ "type": "Feature", "properties": { "Name": "Hummock Pond Rd", "Acres": 13.8997, "Address": "1 Heller Wy", "Area": 605470.28068800003, "FID": 195, "Field_1": "Hummock Pond Rd", "Hunting": null, "Name2": "Hummock Pond Rd", "Owner": "NLB", "Perimeter": 3280.207169, "Seller_Nam": null }, "geometry": { "type": "Polygon", "coordinates": [ [ [ -70.1441063, 41.2567964, 0.0 ], [ -70.1447963, 41.2569886, 0.0 ], [ -70.1475463, 41.2559624, 0.0 ], [ -70.1482412, 41.2549001, 0.0 ], [ -70.1458265, 41.2541271, 0.0 ], [ -70.1441063, 41.2567964, 0.0 ] ] ] } },
{ "type": "Feature", "properties": { "Name": "Hummock Pond Rd", "Acres": 1.93056, "Address": "231 Hummock Pond Rd", "Area": 84094.999345999997, "FID": 196, "Field_1": "Hummock Pond Rd", "Hunting": null, "Name2": "Hummock Pond Rd", "Owner": "NLB", "Perimeter": 1866.299294, "Seller_Nam": null }, "geometry": { "type": "Polygon", "coordinates": [ [ [ -70.1450874, 41.2570391, 0.0 ], [ -70.1448533, 41.2571265, 0.0 ], [ -70.1446112, 41.2572433, 0.0 ], [ -70.1443614, 41.2573659, 0.0 ], [ -70.1469355, 41.2568589, 0.0 ], [ -70.1472696, 41.2563601, 0.0 ], [ -70.1471862, 41.2562346, 0.0 ], [ -70.1450874, 41.2570391, 0.0 ] ] ] } },
{ "type": "Feature", "properties": { "Name": "Sanford/Head of the Plains", "Acres": 0.032066, "Address": "The Plains", "Area": 1396.790667, "FID": 197, "Field_1": "Sanford/Head of the Plains", "Hunting": null, "Name2": "Sanford/Head of the Plains", "Owner": "NLB", "Perimeter": 226.83255, "Seller_Nam": null }, "geometry": { "type": "Polygon", "coordinates": [ [ [ -70.1605329, 41.2661772, 0.0 ], [ -70.1605023, 41.2661918, 0.0 ], [ -70.1604714, 41.2662062, 0.0 ], [ -70.1604408, 41.2662209, 0.0 ], [ -70.1604103, 41.266236, 0.0 ], [ -70.1603802, 41.2662514, 0.0 ], [ -70.1603505, 41.2662672, 0.0 ], [ -70.1603236, 41.2662854, 0.0 ], [ -70.1602999, 41.2663061, 0.0 ], [ -70.1602897, 41.2663439, 0.0 ], [ -70.1606192, 41.2661852, 0.0 ], [ -70.1605675, 41.2661686, 0.0 ], [ -70.1605329, 41.2661772, 0.0 ] ] ] } },
{ "type": "Feature", "properties": { "Name": "Sanford/Head of the Plains", "Acres": 0.062783, "Address": "The Plains", "Area": 2734.823669, "FID": 198, "Field_1": "Sanford/Head of the Plains", "Hunting": null, "Name2": "Sanford/Head of the Plains", "Owner": "NLB", "Perimeter": 362.384019, "Seller_Nam": null }, "geometry": { "type": "Polygon", "coordinates": [ [ [ -70.159519, 41.2666882, 0.0 ], [ -70.1598689, 41.2665468, 0.0 ], [ -70.1600764, 41.2664468, 0.0 ], [ -70.1599945, 41.2664497, 0.0 ], [ -70.1599603, 41.2664588, 0.0 ], [ -70.1599257, 41.2664674, 0.0 ], [ -70.1598652, 41.2664811, 0.0 ], [ -70.1598355, 41.2665004, 0.0 ], [ -70.1598023, 41.2665119, 0.0 ], [ -70.1597699, 41.2665241, 0.0 ], [ -70.1597376, 41.2665371, 0.0 ], [ -70.1597062, 41.2665508, 0.0 ], [ -70.1596756, 41.2665653, 0.0 ], [ -70.1596451, 41.2665805, 0.0 ], [ -70.1596154, 41.2665964, 0.0 ], [ -70.1595867, 41.2666131, 0.0 ], [ -70.1595584, 41.2666304, 0.0 ], [ -70.1595306, 41.2666483, 0.0 ], [ -70.159519, 41.2666882, 0.0 ] ] ] } },
{ "type": "Feature", "properties": { "Name": "Sanford/Head of the Plains", "Acres": 2.96789, "Address": "Clark Cove Rd", "Area": 129280.707037, "FID": 199, "Field_1": "Sanford/Head of the Plains", "Hunting": null, "Name2": "Sanford/Head of the Plains", "Owner": "NLB", "Perimeter": 2622.612989, "Seller_Nam": null }, "geometry": { "type": "Polygon", "coordinates": [ [ [ -70.1635869, 41.264074, 0.0 ], [ -70.1635795, 41.2641008, 0.0 ], [ -70.1635689, 41.2641272, 0.0 ], [ -70.1635565, 41.2641529, 0.0 ], [ -70.1635413, 41.2641779, 0.0 ], [ -70.1635244, 41.2642021, 0.0 ], [ -70.1634988, 41.2642276, 0.0 ], [ -70.1634687, 41.264243, 0.0 ], [ -70.1634341, 41.2642518, 0.0 ], [ -70.1633986, 41.2642574, 0.0 ], [ -70.163364, 41.2642656, 0.0 ], [ -70.1633303, 41.2642761, 0.0 ], [ -70.1632984, 41.264289, 0.0 ], [ -70.1632679, 41.2643041, 0.0 ], [ -70.1632396, 41.2643213, 0.0 ], [ -70.1630308, 41.2644384, 0.0 ], [ -70.1629524, 41.2644724, 0.0 ], [ -70.1629146, 41.264486, 0.0 ], [ -70.1628786, 41.2644902, 0.0 ], [ -70.1628427, 41.2644942, 0.0 ], [ -70.1628072, 41.2644995, 0.0 ], [ -70.1627722, 41.2645071, 0.0 ], [ -70.162738, 41.2645167, 0.0 ], [ -70.1627052, 41.2645286, 0.0 ], [ -70.1626742, 41.264543, 0.0 ], [ -70.1626455, 41.2645597, 0.0 ], [ -70.162619, 41.2645785, 0.0 ], [ -70.1625953, 41.2645993, 0.0 ], [ -70.1625747, 41.2646218, 0.0 ], [ -70.1624662, 41.2647673, 0.0 ], [ -70.1623714, 41.2648934, 0.0 ], [ -70.1623499, 41.2649157, 0.0 ], [ -70.1623226, 41.264934, 0.0 ], [ -70.1622916, 41.264948, 0.0 ], [ -70.1622619, 41.264964, 0.0 ], [ -70.1622364, 41.2649835, 0.0 ], [ -70.1622153, 41.2650059, 0.0 ], [ -70.1621998, 41.2650305, 0.0 ], [ -70.1621883, 41.2650566, 0.0 ], [ -70.1621781, 41.265083, 0.0 ], [ -70.1621703, 41.2651097, 0.0 ], [ -70.1621633, 41.2651367, 0.0 ], [ -70.1621563, 41.2651636, 0.0 ], [ -70.1621498, 41.2651906, 0.0 ], [ -70.1621429, 41.2652175, 0.0 ], [ -70.1621336, 41.2652441, 0.0 ], [ -70.1621226, 41.2652703, 0.0 ], [ -70.1621097, 41.265296, 0.0 ], [ -70.1620955, 41.2653211, 0.0 ], [ -70.1620795, 41.2653457, 0.0 ], [ -70.1620616, 41.2653696, 0.0 ], [ -70.1620419, 41.2653928, 0.0 ], [ -70.1620209, 41.2654152, 0.0 ], [ -70.1619926, 41.2654381, 0.0 ], [ -70.1619684, 41.2654586, 0.0 ], [ -70.1619465, 41.2654803, 0.0 ], [ -70.1619259, 41.2655031, 0.0 ], [ -70.161908, 41.2655269, 0.0 ], [ -70.1617873, 41.2656663, 0.0 ], [ -70.1617658, 41.2656907, 0.0 ], [ -70.1617425, 41.2657118, 0.0 ], [ -70.1617165, 41.265731, 0.0 ], [ -70.1616882, 41.2657481, 0.0 ], [ -70.1616576, 41.2657629, 0.0 ], [ -70.1616253, 41.2657754, 0.0 ], [ -70.1615911, 41.2657852, 0.0 ], [ -70.1615561, 41.2657921, 0.0 ], [ -70.1615206, 41.2657982, 0.0 ], [ -70.1614851, 41.2658048, 0.0 ], [ -70.1614501, 41.2658119, 0.0 ], [ -70.1614155, 41.26582, 0.0 ], [ -70.1613827, 41.2658318, 0.0 ], [ -70.1613526, 41.2658474, 0.0 ], [ -70.1613266, 41.2658664, 0.0 ], [ -70.1613028, 41.2658873, 0.0 ], [ -70.1612822, 41.2659098, 0.0 ], [ -70.1612639, 41.2659335, 0.0 ], [ -70.1612488, 41.2659584, 0.0 ], [ -70.1612364, 41.2659843, 0.0 ], [ -70.1612271, 41.2660108, 0.0 ], [ -70.1612211, 41.2660379, 0.0 ], [ -70.1612163, 41.2660851, 0.0 ], [ -70.161218, 41.2661125, 0.0 ], [ -70.1612192, 41.26614, 0.0 ], [ -70.16122, 41.2661674, 0.0 ], [ -70.1612207, 41.2661948, 0.0 ], [ -70.1612206, 41.2662223, 0.0 ], [ -70.16122, 41.2662497, 0.0 ], [ -70.1612194, 41.2662772, 0.0 ], [ -70.1612183, 41.2663046, 0.0 ], [ -70.1612168, 41.266332, 0.0 ], [ -70.1612149, 41.2663594, 0.0 ], [ -70.1612125, 41.2663868, 0.0 ], [ -70.1612096, 41.2664142, 0.0 ], [ -70.1612063, 41.2664415, 0.0 ], [ -70.1612029, 41.2664688, 0.0 ], [ -70.1611987, 41.2664961, 0.0 ], [ -70.1611945, 41.2665234, 0.0 ], [ -70.1611898, 41.2665506, 0.0 ], [ -70.1611846, 41.2665777, 0.0 ], [ -70.1611768, 41.2666054, 0.0 ], [ -70.1611694, 41.2666323, 0.0 ], [ -70.1611642, 41.2666595, 0.0 ], [ -70.1611609, 41.2666868, 0.0 ], [ -70.1611598, 41.2667143, 0.0 ], [ -70.1611606, 41.2667417, 0.0 ], [ -70.1611636, 41.266769, 0.0 ], [ -70.1611685, 41.2667962, 0.0 ], [ -70.1611756, 41.2668231, 0.0 ], [ -70.1611851, 41.2668497, 0.0 ], [ -70.1612308, 41.2668742, 0.0 ], [ -70.1612245, 41.2667926, 0.0 ], [ -70.1618888, 41.2660692, 0.0 ], [ -70.1635289, 41.2642993, 0.0 ], [ -70.1636916, 41.2641402, 0.0 ], [ -70.163594, 41.2640168, 0.0 ], [ -70.1635869, 41.264074, 0.0 ] ] ] } },
{ "type": "Feature", "properties": { "Name": "Sanford/Head of the Plains", "Acres": 9.90911, "Address": "Clark Cove Rd", "Area": 431638.93845700001, "FID": 200, "Field_1": "Sanford/Head of the Plains", "Hunting": null, "Name2": "Sanford/Head of the Plains", "Owner": "NLB", "Perimeter": 3038.522323, "Seller_Nam": null }, "geometry": { "type": "Polygon", "coordinates": [ [ [ -70.1635409, 41.2645301, 0.0 ], [ -70.1627892, 41.2653428, 0.0 ], [ -70.1620947, 41.2660937, 0.0 ], [ -70.1617723, 41.266442, 0.0 ], [ -70.1621343, 41.266874, 0.0 ], [ -70.1623865, 41.2671752, 0.0 ], [ -70.1629765, 41.2678156, 0.0 ], [ -70.1636736, 41.2663993, 0.0 ], [ -70.1637375, 41.2662565, 0.0 ], [ -70.1646374, 41.2653572, 0.0 ], [ -70.1637941, 41.2642763, 0.0 ], [ -70.1635409, 41.2645301, 0.0 ] ] ] } },
{ "type": "Feature", "properties": { "Name": "Sanford/Head of the Plains", "Acres": 19.428699, "Address": "The Plains, Clark Cove Rd, Massasoit Bridge Rd", "Area": 846311.79920600005, "FID": 201, "Field_1": "Sanford/Head of the Plains", "Hunting": null, "Name2": "Sanford/Head of the Plains", "Owner": "NLB", "Perimeter": 4261.546703, "Seller_Nam": null }, "geometry": { "type": "Polygon", "coordinates": [ [ [ -70.1589294, 41.2678927, 0.0 ], [ -70.1595777, 41.2685948, 0.0 ], [ -70.1596194, 41.2686387, 0.0 ], [ -70.1611036, 41.2702018, 0.0 ], [ -70.1621838, 41.2691671, 0.0 ], [ -70.1624228, 41.268938, 0.0 ], [ -70.1625828, 41.2686132, 0.0 ], [ -70.1629027, 41.267933, 0.0 ], [ -70.1623892, 41.2673473, 0.0 ], [ -70.1623535, 41.2673064, 0.0 ], [ -70.1619797, 41.2668784, 0.0 ], [ -70.1616887, 41.2665313, 0.0 ], [ -70.1613823, 41.2668587, 0.0 ], [ -70.1614156, 41.2673812, 0.0 ], [ -70.1613387, 41.2673881, 0.0 ], [ -70.1612104, 41.2673996, 0.0 ], [ -70.1609957, 41.2674188, 0.0 ], [ -70.1606572, 41.2663103, 0.0 ], [ -70.1599042, 41.2666757, 0.0 ], [ -70.1598563, 41.266699, 0.0 ], [ -70.1596143, 41.2668112, 0.0 ], [ -70.1589294, 41.2678927, 0.0 ] ] ] } },
{ "type": "Feature", "properties": { "Name": "Sanford/Head of the Plains", "Acres": 24.954399, "Address": "Lower Plains", "Area": 1087007.5947499999, "FID": 202, "Field_1": "Sanford/Head of the Plains", "Hunting": null, "Name2": "Sanford/Head of the Plains", "Owner": "NLB", "Perimeter": 4382.243089, "Seller_Nam": null }, "geometry": { "type": "Polygon", "coordinates": [ [ [ -70.1639264, 41.2663086, 0.0 ], [ -70.163795, 41.2665789, 0.0 ], [ -70.1631056, 41.2680006, 0.0 ], [ -70.1636341, 41.2685974, 0.0 ], [ -70.1651899, 41.2704076, 0.0 ], [ -70.1663535, 41.2696968, 0.0 ], [ -70.1674847, 41.2690059, 0.0 ], [ -70.1671805, 41.2686367, 0.0 ], [ -70.1647236, 41.2654782, 0.0 ], [ -70.1639264, 41.2663086, 0.0 ] ] ] } },
{ "type": "Feature", "properties": { "Name": "Sanford/Head of the Plains", "Acres": 16.488701, "Address": "Massasoit Bridge Rd", "Area": 718246.04062500002, "FID": 203, "Field_1": "Sanford/Head of the Plains", "Hunting": null, "Name2": "Sanford/Head of the Plains", "Owner": "NLB", "Perimeter": 3567.345904, "Seller_Nam": null }, "geometry": { "type": "Polygon", "coordinates": [ [ [ -70.1628041, 41.2686219, 0.0 ], [ -70.1626286, 41.2689769, 0.0 ], [ -70.1623033, 41.2692785, 0.0 ], [ -70.1611949, 41.2703073, 0.0 ], [ -70.1627211, 41.2719334, 0.0 ], [ -70.1639942, 41.2711573, 0.0 ], [ -70.1651027, 41.2704814, 0.0 ], [ -70.1634926, 41.2686111, 0.0 ], [ -70.1630415, 41.2681009, 0.0 ], [ -70.1628041, 41.2686219, 0.0 ] ] ] } },
{ "type": "Feature", "properties": { "Name": "Sanford/Head of the Plains", "Acres": 20.659, "Address": "The Plains, Massasoit Bridge Rd", "Area": 899900.79593200004, "FID": 204, "Field_1": "Sanford/Head of the Plains", "Hunting": null, "Name2": "Sanford/Head of the Plains", "Owner": "NLB", "Perimeter": 3936.827882, "Seller_Nam": null }, "geometry": { "type": "Polygon", "coordinates": [ [ [ -70.1584892, 41.2685968, 0.0 ], [ -70.1581393, 41.2691688, 0.0 ], [ -70.1566836, 41.2699749, 0.0 ], [ -70.157451, 41.2709656, 0.0 ], [ -70.1584166, 41.272213, 0.0 ], [ -70.1595408, 41.2716705, 0.0 ], [ -70.1599114, 41.2713181, 0.0 ], [ -70.1609914, 41.2702637, 0.0 ], [ -70.1594295, 41.2686015, 0.0 ], [ -70.1588592, 41.2680028, 0.0 ], [ -70.1584892, 41.2685968, 0.0 ] ] ] } },
{ "type": "Feature", "properties": { "Name": "Sanford/Head of the Plains", "Acres": 5.73893, "Address": "13 Massasoit Bridge Rd, County Rd", "Area": 249986.99832300001, "FID": 205, "Field_1": "Sanford/Head of the Plains", "Hunting": null, "Name2": "Sanford/Head of the Plains", "Owner": "NLB", "Perimeter": 2342.204875, "Seller_Nam": null }, "geometry": { "type": "Polygon", "coordinates": [ [ [ -70.1710389, 41.2731932, 0.0 ], [ -70.1712454, 41.2734576, 0.0 ], [ -70.1714245, 41.2733799, 0.0 ], [ -70.1721962, 41.2730174, 0.0 ], [ -70.1724212, 41.2730318, 0.0 ], [ -70.1725027, 41.2730094, 0.0 ], [ -70.1725413, 41.2728408, 0.0 ], [ -70.172664, 41.2723076, 0.0 ], [ -70.1734678, 41.272345, 0.0 ], [ -70.1727087, 41.271366, 0.0 ], [ -70.1718961, 41.2719112, 0.0 ], [ -70.1713208, 41.2722972, 0.0 ], [ -70.170677, 41.2727291, 0.0 ], [ -70.1710389, 41.2731932, 0.0 ] ] ] } },
{ "type": "Feature", "properties": { "Name": "Sanford/Head of the Plains", "Acres": 14.6034, "Address": "Massasoit Bridge Rd", "Area": 636122.49475800002, "FID": 206, "Field_1": "Sanford/Head of the Plains", "Hunting": null, "Name2": "Sanford/Head of the Plains", "Owner": "NLB", "Perimeter": 3396.965555, "Seller_Nam": null }, "geometry": { "type": "Polygon", "coordinates": [ [ [ -70.1600072, 41.271439, 0.0 ], [ -70.1596403, 41.2717865, 0.0 ], [ -70.158517, 41.2723336, 0.0 ], [ -70.1596558, 41.2737819, 0.0 ], [ -70.1611985, 41.2728532, 0.0 ], [ -70.162629, 41.2719919, 0.0 ], [ -70.1611194, 41.2703853, 0.0 ], [ -70.1600072, 41.271439, 0.0 ] ] ] } },
{ "type": "Feature", "properties": { "Name": "Sanford/Head of the Plains", "Acres": 29.306499, "Address": "17, 19 Massasoit Bridge Rd", "Area": 1276586.3065500001, "FID": 207, "Field_1": "Sanford/Head of the Plains", "Hunting": null, "Name2": "Sanford/Head of the Plains", "Owner": "NLB", "Perimeter": 4983.977303, "Seller_Nam": null }, "geometry": { "type": "Polygon", "coordinates": [ [ [ -70.1670301, 41.2695089, 0.0 ], [ -70.1653648, 41.2705281, 0.0 ], [ -70.1685856, 41.2742748, 0.0 ], [ -70.1690918, 41.2739952, 0.0 ], [ -70.1702528, 41.2737093, 0.0 ], [ -70.1709867, 41.2735342, 0.0 ], [ -70.1676003, 41.2691599, 0.0 ], [ -70.1670301, 41.2695089, 0.0 ] ] ] } },
{ "type": "Feature", "properties": { "Name": "Sanford/Head of the Plains", "Acres": 19.342699, "Address": "Massasoit Bridge Rd, Barrett Farm Rd", "Area": 842564.114481, "FID": 208, "Field_1": "Sanford/Head of the Plains", "Hunting": null, "Name2": "Sanford/Head of the Plains", "Owner": "NLB", "Perimeter": 4134.759119, "Seller_Nam": null }, "geometry": { "type": "Polygon", "coordinates": [ [ [ -70.1551075, 41.2708488, 0.0 ], [ -70.1548394, 41.2709975, 0.0 ], [ -70.1543389, 41.2713095, 0.0 ], [ -70.156112, 41.2746612, 0.0 ], [ -70.1561282, 41.2745187, 0.0 ], [ -70.1566252, 41.2734029, 0.0 ], [ -70.1567162, 41.2733005, 0.0 ], [ -70.1569449, 41.273044, 0.0 ], [ -70.1570204, 41.2729594, 0.0 ], [ -70.157142, 41.2728229, 0.0 ], [ -70.1582936, 41.2722677, 0.0 ], [ -70.1565673, 41.2700392, 0.0 ], [ -70.1551075, 41.2708488, 0.0 ] ] ] } },
{ "type": "Feature", "properties": { "Name": "Sanford/Head of the Plains", "Acres": 9.73509, "Address": "Massasoit Bridge Rd, Barrett Farm Rd", "Area": 424058.96674300003, "FID": 209, "Field_1": "Sanford/Head of the Plains", "Hunting": null, "Name2": "Sanford/Head of the Plains", "Owner": "NLB", "Perimeter": 2768.623793, "Seller_Nam": null }, "geometry": { "type": "Polygon", "coordinates": [ [ [ -70.1572661, 41.2729245, 0.0 ], [ -70.1568205, 41.2734441, 0.0 ], [ -70.1562967, 41.2745631, 0.0 ], [ -70.1563208, 41.2749907, 0.0 ], [ -70.1575604, 41.2745515, 0.0 ], [ -70.1595253, 41.2738552, 0.0 ], [ -70.1583798, 41.2723922, 0.0 ], [ -70.1572661, 41.2729245, 0.0 ] ] ] } },
{ "type": "Feature", "properties": { "Name": "Sanford/Head of the Plains", "Acres": 7.35694, "Address": "Barrett Farm Rd", "Area": 320466.87843899999, "FID": 210, "Field_1": "Sanford/Head of the Plains", "Hunting": null, "Name2": "Sanford/Head of the Plains", "Owner": "NLB", "Perimeter": 3314.196572, "Seller_Nam": null }, "geometry": { "type": "Polygon", "coordinates": [ [ [ -70.1535437, 41.2718176, 0.0 ], [ -70.1542172, 41.2730963, 0.0 ], [ -70.155455, 41.2754162, 0.0 ], [ -70.155667, 41.2753175, 0.0 ], [ -70.1561489, 41.2750665, 0.0 ], [ -70.1542006, 41.2714057, 0.0 ], [ -70.1535437, 41.2718176, 0.0 ] ] ] } },
{ "type": "Feature", "properties": { "Name": "Sanford/Head of the Plains", "Acres": 34.670601, "Address": "21, 23 Massasoit Bridge Rd", "Area": 1510245.6218300001, "FID": 211, "Field_1": "Sanford/Head of the Plains", "Hunting": null, "Name2": "Sanford/Head of the Plains", "Owner": "NLB", "Perimeter": 5099.248158, "Seller_Nam": null }, "geometry": { "type": "Polygon", "coordinates": [ [ [ -70.1641137, 41.2712802, 0.0 ], [ -70.1628474, 41.2720407, 0.0 ], [ -70.1646789, 41.2748162, 0.0 ], [ -70.1649005, 41.2751519, 0.0 ], [ -70.1654316, 41.2759561, 0.0 ], [ -70.1664992, 41.2755423, 0.0 ], [ -70.1671172, 41.2751004, 0.0 ], [ -70.1674109, 41.2749259, 0.0 ], [ -70.1684775, 41.2743373, 0.0 ], [ -70.165264, 41.2705894, 0.0 ], [ -70.1641137, 41.2712802, 0.0 ] ] ] } },
{ "type": "Feature", "properties": { "Name": "Sanford/Head of the Plains", "Acres": 5.60415, "Address": "22, 24 Massasoit Bridge Rd", "Area": 244115.89403200001, "FID": 212, "Field_1": "Sanford/Head of the Plains", "Hunting": null, "Name2": "Sanford/Head of the Plains", "Owner": "NLB", "Perimeter": 2963.318653, "Seller_Nam": null }, "geometry": { "type": "Polygon", "coordinates": [ [ [ -70.1687794, 41.276153, 0.0 ], [ -70.1693817, 41.275665, 0.0 ], [ -70.1688646, 41.2745881, 0.0 ], [ -70.169408, 41.2740613, 0.0 ], [ -70.1691721, 41.2741261, 0.0 ], [ -70.168681, 41.2743973, 0.0 ], [ -70.1675294, 41.2750545, 0.0 ], [ -70.1672439, 41.2752154, 0.0 ], [ -70.1665773, 41.2756616, 0.0 ], [ -70.1659151, 41.2759273, 0.0 ], [ -70.1680159, 41.2756095, 0.0 ], [ -70.1687794, 41.276153, 0.0 ] ] ] } },
{ "type": "Feature", "properties": { "Name": "Sanford/Head of the Plains", "Acres": 100.214, "Address": "27, 33 Massasoit Bridge Rd", "Area": 4365294.5636900002, "FID": 213, "Field_1": "Sanford/Head of the Plains", "Hunting": null, "Name2": "Sanford/Head of the Plains", "Owner": "NLB", "Perimeter": 11857.169111, "Seller_Nam": null }, "geometry": { "type": "Polygon", "coordinates": [ [ [ -70.1598185, 41.2738818, 0.0 ], [ -70.1580376, 41.2745328, 0.0 ], [ -70.1561919, 41.2751936, 0.0 ], [ -70.1550647, 41.2757911, 0.0 ], [ -70.1538138, 41.2764412, 0.0 ], [ -70.1513937, 41.277714, 0.0 ], [ -70.1510891, 41.2778677, 0.0 ], [ -70.1501896, 41.2783721, 0.0 ], [ -70.1500564, 41.2784533, 0.0 ], [ -70.1499145, 41.2785393, 0.0 ], [ -70.1486579, 41.2793034, 0.0 ], [ -70.1484047, 41.2809019, 0.0 ], [ -70.1496204, 41.2802867, 0.0 ], [ -70.1502051, 41.2800596, 0.0 ], [ -70.1502575, 41.2800429, 0.0 ], [ -70.1505609, 41.279946, 0.0 ], [ -70.1507386, 41.2798893, 0.0 ], [ -70.1517986, 41.2795507, 0.0 ], [ -70.1596134, 41.2770276, 0.0 ], [ -70.1604338, 41.2767631, 0.0 ], [ -70.1632807, 41.2764663, 0.0 ], [ -70.1641357, 41.2763771, 0.0 ], [ -70.1644792, 41.2763413, 0.0 ], [ -70.1653103, 41.2760238, 0.0 ], [ -70.1634387, 41.2731571, 0.0 ], [ -70.1629728, 41.2733083, 0.0 ], [ -70.1623498, 41.2723419, 0.0 ], [ -70.1612075, 41.2730389, 0.0 ], [ -70.1598185, 41.2738818, 0.0 ] ] ] } },
{ "type": "Feature", "properties": { "Name": "Sanford/Head of the Plains", "Acres": 173.89999, "Address": "136 Madaket Rd, Barrett Farm Rd, The Plains", "Area": 7575066.3849299997, "FID": 214, "Field_1": "Sanford/Head of the Plains", "Hunting": null, "Name2": "Sanford/Head of the Plains", "Owner": "NLB", "Perimeter": 19035.712562000001, "Seller_Nam": null }, "geometry": { "type": "Polygon", "coordinates": [ [ [ -70.159519, 41.2666882, 0.0 ], [ -70.1593498, 41.2667836, 0.0 ], [ -70.1593274, 41.2668053, 0.0 ], [ -70.1593046, 41.2668267, 0.0 ], [ -70.1592817, 41.2668478, 0.0 ], [ -70.159258, 41.2668688, 0.0 ], [ -70.1592342, 41.2668894, 0.0 ], [ -70.15921, 41.2669099, 0.0 ], [ -70.1591854, 41.2669301, 0.0 ], [ -70.1591603, 41.26695, 0.0 ], [ -70.1591315, 41.2669719, 0.0 ], [ -70.159105, 41.2669906, 0.0 ], [ -70.1590795, 41.2670101, 0.0 ], [ -70.1590544, 41.2670302, 0.0 ], [ -70.1590306, 41.2670508, 0.0 ], [ -70.1590078, 41.2670721, 0.0 ], [ -70.1589854, 41.2670939, 0.0 ], [ -70.1589639, 41.267116, 0.0 ], [ -70.1589419, 41.2671378, 0.0 ], [ -70.1589196, 41.2671595, 0.0 ], [ -70.1588967, 41.2671809, 0.0 ], [ -70.1588739, 41.2672022, 0.0 ], [ -70.158808, 41.2672815, 0.0 ], [ -70.1587901, 41.2673054, 0.0 ], [ -70.1587673, 41.2673265, 0.0 ], [ -70.1587394, 41.2673442, 0.0 ], [ -70.158708, 41.2673577, 0.0 ], [ -70.1586739, 41.2673674, 0.0 ], [ -70.1586415, 41.2673796, 0.0 ], [ -70.1586083, 41.2673911, 0.0 ], [ -70.1585777, 41.2674059, 0.0 ], [ -70.1585499, 41.2674237, 0.0 ], [ -70.1585257, 41.2674441, 0.0 ], [ -70.1585056, 41.2674669, 0.0 ], [ -70.1584872, 41.2674906, 0.0 ], [ -70.1584685, 41.2675142, 0.0 ], [ -70.1584497, 41.2675377, 0.0 ], [ -70.1584309, 41.2675609, 0.0 ], [ -70.1583968, 41.267659, 0.0 ], [ -70.158367, 41.2677122, 0.0 ], [ -70.1583641, 41.2677395, 0.0 ], [ -70.1583539, 41.2677659, 0.0 ], [ -70.1583374, 41.2677903, 0.0 ], [ -70.1583151, 41.2678118, 0.0 ], [ -70.1582877, 41.26783, 0.0 ], [ -70.1582689, 41.2678532, 0.0 ], [ -70.1582647, 41.2678802, 0.0 ], [ -70.1582595, 41.2679072, 0.0 ], [ -70.1582426, 41.2679315, 0.0 ], [ -70.1582166, 41.2679504, 0.0 ], [ -70.1581837, 41.2679662, 0.0 ], [ -70.1581691, 41.2679913, 0.0 ], [ -70.1581612, 41.2680181, 0.0 ], [ -70.1581601, 41.2680455, 0.0 ], [ -70.1581623, 41.2680732, 0.0 ], [ -70.1581517, 41.2680994, 0.0 ], [ -70.1581397, 41.2681255, 0.0 ], [ -70.1581273, 41.2681513, 0.0 ], [ -70.1581144, 41.2681768, 0.0 ], [ -70.1580217, 41.2683565, 0.0 ], [ -70.1579579, 41.2684574, 0.0 ], [ -70.1579387, 41.2684806, 0.0 ], [ -70.1579131, 41.2685003, 0.0 ], [ -70.1578831, 41.2685154, 0.0 ], [ -70.1578494, 41.2685254, 0.0 ], [ -70.1578084, 41.2685299, 0.0 ], [ -70.1577756, 41.2685417, 0.0 ], [ -70.1577428, 41.2685535, 0.0 ], [ -70.15771, 41.268565, 0.0 ], [ -70.1576768, 41.2685764, 0.0 ], [ -70.1576435, 41.2685877, 0.0 ], [ -70.1576125, 41.2686092, 0.0 ], [ -70.1575417, 41.2686659, 0.0 ], [ -70.1574509, 41.2687188, 0.0 ], [ -70.1573093, 41.2688399, 0.0 ], [ -70.157225, 41.2688775, 0.0 ], [ -70.1571715, 41.2689313, 0.0 ], [ -70.1570726, 41.2689904, 0.0 ], [ -70.1569556, 41.2690999, 0.0 ], [ -70.156834, 41.2692139, 0.0 ], [ -70.1568052, 41.2692407, 0.0 ], [ -70.1567154, 41.2692831, 0.0 ], [ -70.1566871, 41.269319, 0.0 ], [ -70.1566164, 41.2693599, 0.0 ], [ -70.1565095, 41.2694473, 0.0 ], [ -70.1564202, 41.2694859, 0.0 ], [ -70.1562988, 41.2695696, 0.0 ], [ -70.1562057, 41.2696254, 0.0 ], [ -70.1560939, 41.2697091, 0.0 ], [ -70.1559402, 41.2698032, 0.0 ], [ -70.1558653, 41.269859, 0.0 ], [ -70.1558238, 41.2698869, 0.0 ], [ -70.1557723, 41.2699148, 0.0 ], [ -70.1557116, 41.2699426, 0.0 ], [ -70.1556982, 41.2699891, 0.0 ], [ -70.1555907, 41.2700193, 0.0 ], [ -70.1555023, 41.2700681, 0.0 ], [ -70.1554815, 41.2701251, 0.0 ], [ -70.1554309, 41.270142, 0.0 ], [ -70.1553708, 41.2701621, 0.0 ], [ -70.1553142, 41.270204, 0.0 ], [ -70.1552491, 41.2702256, 0.0 ], [ -70.1552207, 41.2702641, 0.0 ], [ -70.1551309, 41.2703035, 0.0 ], [ -70.1550989, 41.27033, 0.0 ], [ -70.1550411, 41.2703498, 0.0 ], [ -70.1549293, 41.2704172, 0.0 ], [ -70.1548523, 41.2704437, 0.0 ], [ -70.154764, 41.2704702, 0.0 ], [ -70.1546454, 41.2705276, 0.0 ], [ -70.1544656, 41.2705761, 0.0 ], [ -70.1543353, 41.2706157, 0.0 ], [ -70.1541758, 41.2706865, 0.0 ], [ -70.1540987, 41.2707396, 0.0 ], [ -70.154069, 41.2707574, 0.0 ], [ -70.1540511, 41.2707885, 0.0 ], [ -70.1540332, 41.2708151, 0.0 ], [ -70.1540099, 41.2708373, 0.0 ], [ -70.1539802, 41.2708728, 0.0 ], [ -70.1539387, 41.270886, 0.0 ], [ -70.1539033, 41.2708859, 0.0 ], [ -70.1538794, 41.2709259, 0.0 ], [ -70.1538674, 41.2709704, 0.0 ], [ -70.1538317, 41.2710014, 0.0 ], [ -70.1537254, 41.2710634, 0.0 ], [ -70.1536543, 41.2711077, 0.0 ], [ -70.1535539, 41.2711652, 0.0 ], [ -70.1535125, 41.2711696, 0.0 ], [ -70.1534298, 41.2711649, 0.0 ], [ -70.1533593, 41.2711647, 0.0 ], [ -70.1532765, 41.2711822, 0.0 ], [ -70.1531996, 41.2711953, 0.0 ], [ -70.1531111, 41.2712396, 0.0 ], [ -70.1530517, 41.2712928, 0.0 ], [ -70.1529864, 41.2713416, 0.0 ], [ -70.1529038, 41.2714036, 0.0 ], [ -70.1528442, 41.271488, 0.0 ], [ -70.1527383, 41.2716593, 0.0 ], [ -70.152678, 41.2717145, 0.0 ], [ -70.1525829, 41.2717988, 0.0 ], [ -70.1521757, 41.2720158, 0.0 ], [ -70.1519915, 41.2721085, 0.0 ], [ -70.1503533, 41.2725984, 0.0 ], [ -70.150401, 41.2726842, 0.0 ], [ -70.1458733, 41.2736874, 0.0 ], [ -70.1436783, 41.2741821, 0.0 ], [ -70.1415805, 41.2795259, 0.0 ], [ -70.1413415, 41.2800678, 0.0 ], [ -70.1407808, 41.2813812, 0.0 ], [ -70.1395031, 41.2844732, 0.0 ], [ -70.139497, 41.2844898, 0.0 ], [ -70.1397501, 41.284486, 0.0 ], [ -70.1398512, 41.2844813, 0.0 ], [ -70.1399518, 41.2844724, 0.0 ], [ -70.1400516, 41.2844593, 0.0 ], [ -70.1410227, 41.2841186, 0.0 ], [ -70.1414843, 41.2839505, 0.0 ], [ -70.1420271, 41.2837488, 0.0 ], [ -70.1428788, 41.2834366, 0.0 ], [ -70.1434294, 41.2832271, 0.0 ], [ -70.1440104, 41.2828513, 0.0 ], [ -70.1440525, 41.2828059, 0.0 ], [ -70.1451667, 41.2815485, 0.0 ], [ -70.1462134, 41.280669, 0.0 ], [ -70.1467364, 41.2803422, 0.0 ], [ -70.1467733, 41.2803169, 0.0 ], [ -70.1472376, 41.2799993, 0.0 ], [ -70.1473882, 41.2798974, 0.0 ], [ -70.1475598, 41.2797795, 0.0 ], [ -70.1479436, 41.2795434, 0.0 ], [ -70.1482182, 41.2793804, 0.0 ], [ -70.1501941, 41.2782078, 0.0 ], [ -70.1515647, 41.2774584, 0.0 ], [ -70.1522386, 41.2771138, 0.0 ], [ -70.1527134, 41.2768645, 0.0 ], [ -70.1527336, 41.2768538, 0.0 ], [ -70.1527, 41.276797, 0.0 ], [ -70.1526923, 41.2768008, 0.0 ], [ -70.1506316, 41.2730986, 0.0 ], [ -70.1505618, 41.2729732, 0.0 ], [ -70.1507393, 41.2729487, 0.0 ], [ -70.1523268, 41.272414, 0.0 ], [ -70.1549639, 41.2707547, 0.0 ], [ -70.1553665, 41.2705483, 0.0 ], [ -70.1557893, 41.2703075, 0.0 ], [ -70.1563844, 41.2699798, 0.0 ], [ -70.1567488, 41.2697739, 0.0 ], [ -70.1579989, 41.2690651, 0.0 ], [ -70.1582855, 41.2685999, 0.0 ], [ -70.159519, 41.2666882, 0.0 ] ] ] } },
{ "type": "Feature", "properties": { "Name": "Sanford/Head of the Plains", "Acres": 7.43101, "Address": "129, 133, 135, 137 Madaket Rd, 2 Eel Pt Rd", "Area": 323693.30030900001, "FID": 215, "Field_1": "Sanford/Head of the Plains", "Hunting": null, "Name2": "Sanford/Head of the Plains", "Owner": "NLB", "Perimeter": 2988.441445, "Seller_Nam": null }, "geometry": { "type": "Polygon", "coordinates": [ [ [ -70.1424732, 41.2852639, 0.0 ], [ -70.1430446, 41.2850734, 0.0 ], [ -70.1432232, 41.2850139, 0.0 ], [ -70.1431544, 41.2848679, 0.0 ], [ -70.1433051, 41.2848304, 0.0 ], [ -70.1433663, 41.2849472, 0.0 ], [ -70.1435517, 41.2849035, 0.0 ], [ -70.144008, 41.2847962, 0.0 ], [ -70.14376, 41.2841439, 0.0 ], [ -70.1435478, 41.2836226, 0.0 ], [ -70.1434583, 41.2833541, 0.0 ], [ -70.1429551, 41.2835397, 0.0 ], [ -70.1425523, 41.2836884, 0.0 ], [ -70.1424675, 41.2837194, 0.0 ], [ -70.1419653, 41.2839036, 0.0 ], [ -70.1402381, 41.2845372, 0.0 ], [ -70.140318, 41.2845675, 0.0 ], [ -70.1403502, 41.2845802, 0.0 ], [ -70.1403824, 41.284593, 0.0 ], [ -70.1404142, 41.284606, 0.0 ], [ -70.1404464, 41.2846191, 0.0 ], [ -70.1404782, 41.2846322, 0.0 ], [ -70.1405298, 41.2846542, 0.0 ], [ -70.1405989, 41.2846835, 0.0 ], [ -70.1406302, 41.2846972, 0.0 ], [ -70.1406615, 41.2847111, 0.0 ], [ -70.1406928, 41.2847251, 0.0 ], [ -70.1407241, 41.2847392, 0.0 ], [ -70.140755, 41.2847535, 0.0 ], [ -70.1407863, 41.2847678, 0.0 ], [ -70.1408171, 41.2847823, 0.0 ], [ -70.140848, 41.2847969, 0.0 ], [ -70.1408788, 41.2848116, 0.0 ], [ -70.1409092, 41.2848264, 0.0 ], [ -70.1409396, 41.2848413, 0.0 ], [ -70.1409704, 41.2848564, 0.0 ], [ -70.141003, 41.2848729, 0.0 ], [ -70.1421804, 41.2844656, 0.0 ], [ -70.1424732, 41.2852639, 0.0 ] ] ] } },
{ "type": "Feature", "properties": { "Name": "Trott's Hills", "Acres": 16.8388, "Address": "167, 171 Madaket Rd", "Area": 733497.06518799998, "FID": 216, "Field_1": "Trott's Hills", "Hunting": null, "Name2": "Trott's Hills", "Owner": "NLB", "Perimeter": 3989.272962, "Seller_Nam": null }, "geometry": { "type": "Polygon", "coordinates": [ [ [ -70.1571445, 41.2851956, 0.0 ], [ -70.1583155, 41.2853077, 0.0 ], [ -70.1584046, 41.2853185, 0.0 ], [ -70.1580722, 41.2844343, 0.0 ], [ -70.159217, 41.2846018, 0.0 ], [ -70.1595387, 41.2846489, 0.0 ], [ -70.1585579, 41.2820755, 0.0 ], [ -70.1571742, 41.2820426, 0.0 ], [ -70.1559591, 41.2820137, 0.0 ], [ -70.1571445, 41.2851956, 0.0 ] ] ] } },
{ "type": "Feature", "properties": { "Name": "Trott's Hills", "Acres": 25.4534, "Address": "155 Madaket Rd, 6 Worth Rd, 9, 11, 13, 15, 19 Greeneaf Rd", "Area": 1108744.3831499999, "FID": 217, "Field_1": "Trott's Hills", "Hunting": null, "Name2": "Trott's Hills", "Owner": "NLB", "Perimeter": 6555.863973, "Seller_Nam": null }, "geometry": { "type": "Polygon", "coordinates": [ [ [ -70.1543356, 41.287683, 0.0 ], [ -70.1555077, 41.2876842, 0.0 ], [ -70.1538946, 41.283425, 0.0 ], [ -70.1532602, 41.2817043, 0.0 ], [ -70.1527866, 41.2816494, 0.0 ], [ -70.1520409, 41.2816271, 0.0 ], [ -70.1522678, 41.2822256, 0.0 ], [ -70.1512402, 41.2824504, 0.0 ], [ -70.1515097, 41.2831655, 0.0 ], [ -70.1525428, 41.2829516, 0.0 ], [ -70.1527289, 41.2834426, 0.0 ], [ -70.1529294, 41.2839725, 0.0 ], [ -70.1518219, 41.2839736, 0.0 ], [ -70.1520848, 41.2846536, 0.0 ], [ -70.1523719, 41.2853975, 0.0 ], [ -70.1526532, 41.2861258, 0.0 ], [ -70.153023, 41.2870765, 0.0 ], [ -70.1539534, 41.2866745, 0.0 ], [ -70.1543356, 41.287683, 0.0 ] ] ] } },
{ "type": "Feature", "properties": { "Name": "Trott's Hills", "Acres": 28.110901, "Address": "159, 163 Madaket Rd, 5 Worth Rd, 2 Braeburn Wy", "Area": 1224506.1645800001, "FID": 218, "Field_1": "Trott's Hills", "Hunting": null, "Name2": "Trott's Hills", "Owner": "NLB", "Perimeter": 5710.778406, "Seller_Nam": null }, "geometry": { "type": "Polygon", "coordinates": [ [ [ -70.1543975, 41.2843955, 0.0 ], [ -70.1556208, 41.2876994, 0.0 ], [ -70.1567757, 41.2876948, 0.0 ], [ -70.1563823, 41.286645, 0.0 ], [ -70.1575513, 41.2866347, 0.0 ], [ -70.1572808, 41.2859114, 0.0 ], [ -70.1558195, 41.282008, 0.0 ], [ -70.1555885, 41.2820073, 0.0 ], [ -70.1545991, 41.2818835, 0.0 ], [ -70.1540651, 41.2818166, 0.0 ], [ -70.1534147, 41.2817411, 0.0 ], [ -70.1543975, 41.2843955, 0.0 ] ] ] } },
{ "type": "Feature", "properties": { "Name": "Trott's Hills", "Acres": 21.5089, "Address": "171, 175, 177, 179 Madaket Rd", "Area": 936924.83187700005, "FID": 219, "Field_1": "Trott's Hills", "Hunting": null, "Name2": "Trott's Hills", "Owner": "NLB", "Perimeter": 6771.291819, "Seller_Nam": null }, "geometry": { "type": "Polygon", "coordinates": [ [ [ -70.1592678, 41.2835827, 0.0 ], [ -70.1597248, 41.2848035, 0.0 ], [ -70.159676, 41.2850092, 0.0 ], [ -70.1595123, 41.2856998, 0.0 ], [ -70.1594663, 41.2858934, 0.0 ], [ -70.1592677, 41.286732, 0.0 ], [ -70.1590462, 41.2876923, 0.0 ], [ -70.1590071, 41.2878648, 0.0 ], [ -70.1597516, 41.2886611, 0.0 ], [ -70.161481, 41.2824899, 0.0 ], [ -70.1636215, 41.2823682, 0.0 ], [ -70.1634783, 41.2823493, 0.0 ], [ -70.1618535, 41.2821431, 0.0 ], [ -70.1615356, 41.2821306, 0.0 ], [ -70.1603642, 41.2821048, 0.0 ], [ -70.1587012, 41.2820682, 0.0 ], [ -70.1592678, 41.2835827, 0.0 ] ] ] } },
{ "type": "Feature", "properties": { "Name": "Powers/Sustainable Nantucket", "Acres": 17.747999, "Address": "168 Hummock Pond Rd", "Area": 773097.80655700003, "FID": 220, "Field_1": "Powers/Sustainable Nantucket", "Hunting": null, "Name2": "Powers/Sustainable Nantucket", "Owner": "NLB", "Perimeter": 5851.276034, "Seller_Nam": null }, "geometry": { "type": "Polygon", "coordinates": [ [ [ -70.1319245, 41.2626016, 0.0 ], [ -70.1319398, 41.2626265, 0.0 ], [ -70.1319551, 41.2626513, 0.0 ], [ -70.1319713, 41.2626759, 0.0 ], [ -70.1319876, 41.2627004, 0.0 ], [ -70.1320047, 41.2627247, 0.0 ], [ -70.1320218, 41.2627489, 0.0 ], [ -70.1320394, 41.2627729, 0.0 ], [ -70.1320575, 41.2627967, 0.0 ], [ -70.132076, 41.2628203, 0.0 ], [ -70.132095, 41.2628438, 0.0 ], [ -70.1321248, 41.2628797, 0.0 ], [ -70.1325136, 41.2634196, 0.0 ], [ -70.1326722, 41.2636079, 0.0 ], [ -70.1326948, 41.2636296, 0.0 ], [ -70.1327174, 41.2636509, 0.0 ], [ -70.1327414, 41.2636718, 0.0 ], [ -70.1327654, 41.2636922, 0.0 ], [ -70.1327903, 41.2637121, 0.0 ], [ -70.1328161, 41.2637316, 0.0 ], [ -70.1328423, 41.2637506, 0.0 ], [ -70.1328781, 41.2637751, 0.0 ], [ -70.1329067, 41.2637918, 0.0 ], [ -70.1329343, 41.2638098, 0.0 ], [ -70.1329606, 41.2638288, 0.0 ], [ -70.1329855, 41.263849, 0.0 ], [ -70.1330085, 41.2638701, 0.0 ], [ -70.1330302, 41.2638922, 0.0 ], [ -70.1330501, 41.2639151, 0.0 ], [ -70.1330682, 41.2639388, 0.0 ], [ -70.1330848, 41.2639633, 0.0 ], [ -70.1331069, 41.2640026, 0.0 ], [ -70.133124, 41.2640268, 0.0 ], [ -70.1331403, 41.2640513, 0.0 ], [ -70.133156, 41.264076, 0.0 ], [ -70.1331714, 41.264101, 0.0 ], [ -70.1331858, 41.2641261, 0.0 ], [ -70.1331997, 41.2641515, 0.0 ], [ -70.1332132, 41.264177, 0.0 ], [ -70.1332258, 41.2642027, 0.0 ], [ -70.1332379, 41.2642286, 0.0 ], [ -70.1332492, 41.2642547, 0.0 ], [ -70.1332599, 41.2642809, 0.0 ], [ -70.1332743, 41.2643185, 0.0 ], [ -70.1332777, 41.2643458, 0.0 ], [ -70.1332799, 41.2643732, 0.0 ], [ -70.1332964, 41.2644206, 0.0 ], [ -70.1336228, 41.2642793, 0.0 ], [ -70.1328764, 41.2632684, 0.0 ], [ -70.1344483, 41.2625966, 0.0 ], [ -70.1344999, 41.2626429, 0.0 ], [ -70.1345373, 41.2626217, 0.0 ], [ -70.134674, 41.2628053, 0.0 ], [ -70.1338723, 41.2631475, 0.0 ], [ -70.13445, 41.2639203, 0.0 ], [ -70.1351359, 41.263619, 0.0 ], [ -70.135244, 41.2635715, 0.0 ], [ -70.1358652, 41.2632983, 0.0 ], [ -70.1352211, 41.2622851, 0.0 ], [ -70.1346736, 41.2615724, 0.0 ], [ -70.1334967, 41.2595933, 0.0 ], [ -70.133213, 41.2596771, 0.0 ], [ -70.1332522, 41.2615298, 0.0 ], [ -70.1322321, 41.2617391, 0.0 ], [ -70.1322174, 41.2617643, 0.0 ], [ -70.1322027, 41.2617893, 0.0 ], [ -70.1321871, 41.2618142, 0.0 ], [ -70.1321715, 41.2618389, 0.0 ], [ -70.132155, 41.2618634, 0.0 ], [ -70.1321385, 41.2618878, 0.0 ], [ -70.1321216, 41.2619121, 0.0 ], [ -70.1321037, 41.2619361, 0.0 ], [ -70.1320858, 41.26196, 0.0 ], [ -70.1320675, 41.2619837, 0.0 ], [ -70.1320487, 41.2620073, 0.0 ], [ -70.13203, 41.2620306, 0.0 ], [ -70.1320071, 41.2620573, 0.0 ], [ -70.1318991, 41.262103, 0.0 ], [ -70.1318667, 41.2621155, 0.0 ], [ -70.1318375, 41.2621319, 0.0 ], [ -70.1318124, 41.2621518, 0.0 ], [ -70.1317923, 41.2621746, 0.0 ], [ -70.1317776, 41.2621996, 0.0 ], [ -70.1317688, 41.2622262, 0.0 ], [ -70.1317659, 41.2622536, 0.0 ], [ -70.1317694, 41.2622808, 0.0 ], [ -70.1317851, 41.2623188, 0.0 ], [ -70.1317954, 41.2623451, 0.0 ], [ -70.1318066, 41.2623713, 0.0 ], [ -70.1318179, 41.2623973, 0.0 ], [ -70.1318295, 41.2624233, 0.0 ], [ -70.1318421, 41.2624491, 0.0 ], [ -70.1318547, 41.2624749, 0.0 ], [ -70.1318677, 41.2625005, 0.0 ], [ -70.1318812, 41.2625259, 0.0 ], [ -70.1318952, 41.2625513, 0.0 ], [ -70.1319096, 41.2625765, 0.0 ], [ -70.1319245, 41.2626016, 0.0 ] ] ] } },
{ "type": "Feature", "properties": { "Name": "Powers", "Acres": 9.21433, "Address": "Hummock Pond, Bartlett Farm Rd", "Area": 401374.757255, "FID": 221, "Field_1": "Powers", "Hunting": null, "Name2": "Powers", "Owner": "NLB", "Perimeter": 4277.515044, "Seller_Nam": null }, "geometry": { "type": "Polygon", "coordinates": [ [ [ -70.1316528, 41.2627233, 0.0 ], [ -70.1319507, 41.2631164, 0.0 ], [ -70.1322472, 41.2635076, 0.0 ], [ -70.1309528, 41.2641392, 0.0 ], [ -70.1316124, 41.2651335, 0.0 ], [ -70.1328958, 41.2645946, 0.0 ], [ -70.1332381, 41.2644458, 0.0 ], [ -70.1332206, 41.264397, 0.0 ], [ -70.1332167, 41.2643697, 0.0 ], [ -70.1332105, 41.2643427, 0.0 ], [ -70.1332015, 41.2643161, 0.0 ], [ -70.1331898, 41.26429, 0.0 ], [ -70.1331759, 41.2642647, 0.0 ], [ -70.1331597, 41.2642402, 0.0 ], [ -70.1330342, 41.2639988, 0.0 ], [ -70.1330093, 41.2639788, 0.0 ], [ -70.1329839, 41.2639589, 0.0 ], [ -70.132959, 41.2639391, 0.0 ], [ -70.1329337, 41.2639193, 0.0 ], [ -70.1329083, 41.2638996, 0.0 ], [ -70.132883, 41.2638799, 0.0 ], [ -70.1328576, 41.2638603, 0.0 ], [ -70.1328323, 41.2638408, 0.0 ], [ -70.1328065, 41.2638213, 0.0 ], [ -70.1327807, 41.2638019, 0.0 ], [ -70.1327304, 41.263764, 0.0 ], [ -70.1326743, 41.2637177, 0.0 ], [ -70.1324363, 41.2634229, 0.0 ], [ -70.1319446, 41.262741, 0.0 ], [ -70.1319279, 41.2627167, 0.0 ], [ -70.1319112, 41.2626922, 0.0 ], [ -70.131895, 41.2626677, 0.0 ], [ -70.1318788, 41.2626431, 0.0 ], [ -70.131863, 41.2626184, 0.0 ], [ -70.1318477, 41.2625936, 0.0 ], [ -70.1318324, 41.2625687, 0.0 ], [ -70.131817, 41.2625437, 0.0 ], [ -70.1318022, 41.2625186, 0.0 ], [ -70.1317878, 41.2624935, 0.0 ], [ -70.1317734, 41.2624682, 0.0 ], [ -70.1317594, 41.2624429, 0.0 ], [ -70.1317459, 41.2624175, 0.0 ], [ -70.1317324, 41.262392, 0.0 ], [ -70.1317072, 41.2623434, 0.0 ], [ -70.1316946, 41.2623177, 0.0 ], [ -70.1316866, 41.2622909, 0.0 ], [ -70.1316836, 41.2622636, 0.0 ], [ -70.1316851, 41.2622362, 0.0 ], [ -70.1316916, 41.2622092, 0.0 ], [ -70.1317027, 41.2621831, 0.0 ], [ -70.1317183, 41.2621583, 0.0 ], [ -70.131738, 41.2621353, 0.0 ], [ -70.1317617, 41.2621145, 0.0 ], [ -70.1318028, 41.2620885, 0.0 ], [ -70.1319016, 41.262057, 0.0 ], [ -70.1319308, 41.2620406, 0.0 ], [ -70.1319577, 41.2620223, 0.0 ], [ -70.1319824, 41.2620021, 0.0 ], [ -70.1320043, 41.2619802, 0.0 ], [ -70.1320236, 41.2619569, 0.0 ], [ -70.1320433, 41.2619263, 0.0 ], [ -70.1321167, 41.2618096, 0.0 ], [ -70.1321246, 41.2617829, 0.0 ], [ -70.1321266, 41.261753, 0.0 ], [ -70.1297527, 41.262257, 0.0 ], [ -70.1303255, 41.2631456, 0.0 ], [ -70.1316023, 41.2626569, 0.0 ], [ -70.1316528, 41.2627233, 0.0 ] ] ] } },
{ "type": "Feature", "properties": { "Name": "Powers", "Acres": 5.33, "Address": "132, 140, 142 Hummock Pond Rd", "Area": 232174.054282, "FID": 222, "Field_1": "Powers", "Hunting": null, "Name2": "Powers", "Owner": "NLB", "Perimeter": 2734.387871, "Seller_Nam": null }, "geometry": { "type": "Polygon", "coordinates": [ [ [ -70.1298025, 41.2654262, 0.0 ], [ -70.1286547, 41.2661087, 0.0 ], [ -70.1284161, 41.2662506, 0.0 ], [ -70.1277596, 41.2666423, 0.0 ], [ -70.1283973, 41.2671226, 0.0 ], [ -70.1284495, 41.2670838, 0.0 ], [ -70.1292101, 41.2665395, 0.0 ], [ -70.1302615, 41.2657871, 0.0 ], [ -70.1305272, 41.2655968, 0.0 ], [ -70.1314446, 41.2652116, 0.0 ], [ -70.1311099, 41.2646617, 0.0 ], [ -70.1298025, 41.2654262, 0.0 ] ] ] } },
{ "type": "Feature", "properties": { "Name": "Powers", "Acres": 112.406, "Address": "171 R, 181 Hummock Pond Rd", "Area": 4896371.9505799999, "FID": 223, "Field_1": "Powers", "Hunting": null, "Name2": "Powers", "Owner": "NLB", "Perimeter": 14772.414072, "Seller_Nam": null }, "geometry": { "type": "Polygon", "coordinates": [ [ [ -70.1370592, 41.2685309, 0.0 ], [ -70.1374479, 41.2687877, 0.0 ], [ -70.1375476, 41.2688382, 0.0 ], [ -70.1382577, 41.2685372, 0.0 ], [ -70.1402494, 41.2676058, 0.0 ], [ -70.140516, 41.2677428, 0.0 ], [ -70.1406174, 41.2676568, 0.0 ], [ -70.1407017, 41.2675417, 0.0 ], [ -70.1407382, 41.2674527, 0.0 ], [ -70.1407551, 41.2673481, 0.0 ], [ -70.1409145, 41.266967, 0.0 ], [ -70.1410289, 41.2668336, 0.0 ], [ -70.1412262, 41.2666812, 0.0 ], [ -70.1413311, 41.2665298, 0.0 ], [ -70.1414517, 41.2664253, 0.0 ], [ -70.1415029, 41.2662188, 0.0 ], [ -70.141542, 41.2661362, 0.0 ], [ -70.1416234, 41.2660541, 0.0 ], [ -70.1417539, 41.2659587, 0.0 ], [ -70.1421101, 41.2657696, 0.0 ], [ -70.1425204, 41.2653217, 0.0 ], [ -70.1427709, 41.265161, 0.0 ], [ -70.1428008, 41.265084, 0.0 ], [ -70.1427549, 41.265007, 0.0 ], [ -70.1427638, 41.264796, 0.0 ], [ -70.1428474, 41.2642963, 0.0 ], [ -70.1428709, 41.2639994, 0.0 ], [ -70.1429846, 41.2637439, 0.0 ], [ -70.143176, 41.2634853, 0.0 ], [ -70.1432504, 41.2633558, 0.0 ], [ -70.1433056, 41.2633231, 0.0 ], [ -70.1433373, 41.2632683, 0.0 ], [ -70.1433299, 41.2632034, 0.0 ], [ -70.143272, 41.2631444, 0.0 ], [ -70.1431901, 41.2629808, 0.0 ], [ -70.1431828, 41.2629154, 0.0 ], [ -70.143199, 41.2628515, 0.0 ], [ -70.142949, 41.2628393, 0.0 ], [ -70.1426491, 41.2628198, 0.0 ], [ -70.1423496, 41.2628, 0.0 ], [ -70.142418, 41.2628409, 0.0 ], [ -70.1420367, 41.2631501, 0.0 ], [ -70.1401637, 41.2616216, 0.0 ], [ -70.1402886, 41.2615531, 0.0 ], [ -70.1402707, 41.2615018, 0.0 ], [ -70.1398132, 41.261694, 0.0 ], [ -70.1394568, 41.2618437, 0.0 ], [ -70.1383926, 41.2623171, 0.0 ], [ -70.1372892, 41.2628079, 0.0 ], [ -70.1369131, 41.2629928, 0.0 ], [ -70.1368981, 41.2629818, 0.0 ], [ -70.1355307, 41.2635951, 0.0 ], [ -70.1406535, 41.2669769, 0.0 ], [ -70.1405998, 41.2670602, 0.0 ], [ -70.1371002, 41.2647472, 0.0 ], [ -70.1354122, 41.2636493, 0.0 ], [ -70.1361892, 41.2645967, 0.0 ], [ -70.1355142, 41.2648751, 0.0 ], [ -70.1355733, 41.2649514, 0.0 ], [ -70.1343481, 41.2654354, 0.0 ], [ -70.1336169, 41.2644252, 0.0 ], [ -70.1319995, 41.2651101, 0.0 ], [ -70.131937, 41.2651323, 0.0 ], [ -70.1312907, 41.2654102, 0.0 ], [ -70.131252, 41.2654256, 0.0 ], [ -70.1312133, 41.2654412, 0.0 ], [ -70.1311755, 41.265457, 0.0 ], [ -70.1311372, 41.2654732, 0.0 ], [ -70.1310993, 41.2654895, 0.0 ], [ -70.1310615, 41.2655061, 0.0 ], [ -70.1310241, 41.265523, 0.0 ], [ -70.1309867, 41.2655401, 0.0 ], [ -70.1309498, 41.2655575, 0.0 ], [ -70.1309129, 41.2655751, 0.0 ], [ -70.1308764, 41.265593, 0.0 ], [ -70.1308399, 41.2656111, 0.0 ], [ -70.1308035, 41.2656294, 0.0 ], [ -70.1307674, 41.265648, 0.0 ], [ -70.1307319, 41.2656668, 0.0 ], [ -70.1306958, 41.2656859, 0.0 ], [ -70.1306607, 41.2657052, 0.0 ], [ -70.1306256, 41.2657247, 0.0 ], [ -70.1305905, 41.2657445, 0.0 ], [ -70.1305558, 41.2657645, 0.0 ], [ -70.1305216, 41.2657847, 0.0 ], [ -70.1304874, 41.2658052, 0.0 ], [ -70.1304532, 41.2658259, 0.0 ], [ -70.1301203, 41.2660682, 0.0 ], [ -70.1314815, 41.2669783, 0.0 ], [ -70.133737, 41.2684908, 0.0 ], [ -70.133767, 41.268477, 0.0 ], [ -70.1356725, 41.2676045, 0.0 ], [ -70.1370592, 41.2685309, 0.0 ] ] ] } },
{ "type": "Feature", "properties": { "Name": "Bachman", "Acres": 1.36983, "Address": "158 Orange St", "Area": 59669.686415999997, "FID": 224, "Field_1": "Bachman", "Hunting": null, "Name2": "Bachman", "Owner": "NLB", "Perimeter": 1561.611811, "Seller_Nam": null }, "geometry": { "type": "Polygon", "coordinates": [ [ [ -70.090134, 41.2730397, 0.0 ], [ -70.0898921, 41.2728033, 0.0 ], [ -70.0898536, 41.2728375, 0.0 ], [ -70.0897437, 41.2729404, 0.0 ], [ -70.0895398, 41.2731312, 0.0 ], [ -70.0884909, 41.2741127, 0.0 ], [ -70.0885144, 41.2741414, 0.0 ], [ -70.0884334, 41.2742281, 0.0 ], [ -70.0883738, 41.2742918, 0.0 ], [ -70.0883138, 41.2743608, 0.0 ], [ -70.0883316, 41.2743673, 0.0 ], [ -70.0883765, 41.2743768, 0.0 ], [ -70.0884459, 41.2744046, 0.0 ], [ -70.0884831, 41.2744227, 0.0 ], [ -70.0901045, 41.2730635, 0.0 ], [ -70.090134, 41.2730397, 0.0 ] ] ] } },
{ "type": "Feature", "properties": { "Name": "246 Milestone Rd", "Acres": 2.8191, "Address": "246 Milestone Rd", "Area": 122799.682461, "FID": 225, "Field_1": "246 Milestone Rd", "Hunting": null, "Name2": "246 Milestone Rd", "Owner": "NLB", "Perimeter": 1540.55331, "Seller_Nam": "Coffin" }, "geometry": { "type": "Polygon", "coordinates": [ [ [ -69.9870467, 41.2624138, 0.0 ], [ -69.9869529, 41.2624126, 0.0 ], [ -69.9869474, 41.2626596, 0.0 ], [ -69.9875583, 41.2629967, 0.0 ], [ -69.9888094, 41.2634017, 0.0 ], [ -69.9888309, 41.2624364, 0.0 ], [ -69.9870467, 41.2624138, 0.0 ] ] ] } },
{ "type": "Feature", "properties": { "Name": "Maxcy Pond", "Acres": 6.0652, "Address": "204 Cliff Rd", "Area": 264199.07946699997, "FID": 226, "Field_1": "Maxcy Pond", "Hunting": null, "Name2": "Maxcy Pond", "Owner": "NLB", "Perimeter": 4110.311423, "Seller_Nam": null }, "geometry": { "type": "Polygon", "coordinates": [ [ [ -70.1328401, 41.2873124, 0.0 ], [ -70.1328619, 41.2874311, 0.0 ], [ -70.1338151, 41.2874291, 0.0 ], [ -70.1338129, 41.287396, 0.0 ], [ -70.1337937, 41.2871801, 0.0 ], [ -70.1337218, 41.2871873, 0.0 ], [ -70.1336836, 41.2871829, 0.0 ], [ -70.1336177, 41.2871668, 0.0 ], [ -70.1335401, 41.2871512, 0.0 ], [ -70.1335069, 41.2871401, 0.0 ], [ -70.1333955, 41.2870607, 0.0 ], [ -70.133377, 41.2870323, 0.0 ], [ -70.133363, 41.287007, 0.0 ], [ -70.1333509, 41.2869811, 0.0 ], [ -70.133341, 41.2869546, 0.0 ], [ -70.1333334, 41.2869278, 0.0 ], [ -70.1333281, 41.2869007, 0.0 ], [ -70.1333251, 41.2868733, 0.0 ], [ -70.1333135, 41.2868425, 0.0 ], [ -70.1332981, 41.2868178, 0.0 ], [ -70.1332855, 41.286792, 0.0 ], [ -70.1332757, 41.2867656, 0.0 ], [ -70.133269, 41.2867386, 0.0 ], [ -70.1332655, 41.2867113, 0.0 ], [ -70.1332657, 41.2866839, 0.0 ], [ -70.1332686, 41.2866565, 0.0 ], [ -70.1332746, 41.2866294, 0.0 ], [ -70.133288, 41.2865996, 0.0 ], [ -70.1333018, 41.2865742, 0.0 ], [ -70.1333142, 41.2865484, 0.0 ], [ -70.1333244, 41.286522, 0.0 ], [ -70.1333327, 41.2864953, 0.0 ], [ -70.1333392, 41.2864683, 0.0 ], [ -70.1333439, 41.2864411, 0.0 ], [ -70.1333463, 41.2864137, 0.0 ], [ -70.1333469, 41.2863863, 0.0 ], [ -70.1333469, 41.2863107, 0.0 ], [ -70.1333575, 41.2862812, 0.0 ], [ -70.1333659, 41.2862545, 0.0 ], [ -70.1333724, 41.2862275, 0.0 ], [ -70.133378, 41.2862004, 0.0 ], [ -70.1333818, 41.2861731, 0.0 ], [ -70.1333842, 41.2861457, 0.0 ], [ -70.1333857, 41.2861183, 0.0 ], [ -70.1333854, 41.2860909, 0.0 ], [ -70.1333842, 41.2860634, 0.0 ], [ -70.1333812, 41.2860361, 0.0 ], [ -70.1333773, 41.2860088, 0.0 ], [ -70.1333715, 41.2859817, 0.0 ], [ -70.1333648, 41.2859547, 0.0 ], [ -70.1333563, 41.285928, 0.0 ], [ -70.1333469, 41.2859016, 0.0 ], [ -70.1333362, 41.2858754, 0.0 ], [ -70.1333236, 41.2858495, 0.0 ], [ -70.1333105, 41.285824, 0.0 ], [ -70.133292, 41.2857961, 0.0 ], [ -70.1332776, 41.2857709, 0.0 ], [ -70.1332646, 41.2857453, 0.0 ], [ -70.1332534, 41.2857191, 0.0 ], [ -70.133244, 41.2856927, 0.0 ], [ -70.1332359, 41.2856659, 0.0 ], [ -70.1332302, 41.2856388, 0.0 ], [ -70.1332258, 41.2856116, 0.0 ], [ -70.1332227, 41.2855842, 0.0 ], [ -70.133222, 41.2855568, 0.0 ], [ -70.1332226, 41.2855294, 0.0 ], [ -70.133225, 41.285502, 0.0 ], [ -70.1332202, 41.2854724, 0.0 ], [ -70.1332117, 41.2854457, 0.0 ], [ -70.1332036, 41.2854189, 0.0 ], [ -70.1331965, 41.285392, 0.0 ], [ -70.1331903, 41.285365, 0.0 ], [ -70.1331841, 41.2853379, 0.0 ], [ -70.1331792, 41.2853107, 0.0 ], [ -70.1331744, 41.2852835, 0.0 ], [ -70.1331704, 41.2852562, 0.0 ], [ -70.1331674, 41.2852289, 0.0 ], [ -70.1331648, 41.2852015, 0.0 ], [ -70.1331632, 41.2851741, 0.0 ], [ -70.1331665, 41.2851441, 0.0 ], [ -70.1331703, 41.2851168, 0.0 ], [ -70.1331723, 41.2850895, 0.0 ], [ -70.1331724, 41.285062, 0.0 ], [ -70.1331708, 41.2850346, 0.0 ], [ -70.1331668, 41.2850073, 0.0 ], [ -70.1331615, 41.2849802, 0.0 ], [ -70.133154, 41.2849533, 0.0 ], [ -70.1331446, 41.2849268, 0.0 ], [ -70.1331329, 41.2849008, 0.0 ], [ -70.1331198, 41.2848752, 0.0 ], [ -70.133105, 41.2848501, 0.0 ], [ -70.1330874, 41.2848236, 0.0 ], [ -70.133072, 41.2847986, 0.0 ], [ -70.1330585, 41.2847732, 0.0 ], [ -70.133046, 41.2847474, 0.0 ], [ -70.1330352, 41.2847212, 0.0 ], [ -70.1330258, 41.2846947, 0.0 ], [ -70.1330182, 41.2846679, 0.0 ], [ -70.133012, 41.2846408, 0.0 ], [ -70.1330071, 41.2846136, 0.0 ], [ -70.1330037, 41.2845863, 0.0 ], [ -70.133002, 41.2845589, 0.0 ], [ -70.1330021, 41.2845314, 0.0 ], [ -70.1330032, 41.284504, 0.0 ], [ -70.1330061, 41.2844767, 0.0 ], [ -70.1330108, 41.2844494, 0.0 ], [ -70.1330096, 41.284249, 0.0 ], [ -70.1330563, 41.2842078, 0.0 ], [ -70.1331038, 41.2841739, 0.0 ], [ -70.1334254, 41.2840815, 0.0 ], [ -70.1339522, 41.2840484, 0.0 ], [ -70.1339936, 41.2840442, 0.0 ], [ -70.13403, 41.2840428, 0.0 ], [ -70.1340664, 41.2840436, 0.0 ], [ -70.1341023, 41.2840464, 0.0 ], [ -70.1341382, 41.2840514, 0.0 ], [ -70.1341732, 41.2840584, 0.0 ], [ -70.1342077, 41.2840674, 0.0 ], [ -70.1342408, 41.2840785, 0.0 ], [ -70.134274, 41.2840904, 0.0 ], [ -70.1343062, 41.2841029, 0.0 ], [ -70.1343384, 41.2841157, 0.0 ], [ -70.1343702, 41.2841291, 0.0 ], [ -70.1344015, 41.2841429, 0.0 ], [ -70.1344328, 41.2841571, 0.0 ], [ -70.1344636, 41.2841718, 0.0 ], [ -70.134494, 41.2841869, 0.0 ], [ -70.134524, 41.2842024, 0.0 ], [ -70.134553, 41.284219, 0.0 ], [ -70.1345802, 41.284237, 0.0 ], [ -70.134606, 41.2842563, 0.0 ], [ -70.1346304, 41.2842768, 0.0 ], [ -70.1346526, 41.2842984, 0.0 ], [ -70.1346734, 41.2843211, 0.0 ], [ -70.1346836, 41.2843345, 0.0 ], [ -70.1348254, 41.2841925, 0.0 ], [ -70.1347316, 41.2839101, 0.0 ], [ -70.1339444, 41.2838886, 0.0 ], [ -70.1329969, 41.2840045, 0.0 ], [ -70.1323145, 41.284088, 0.0 ], [ -70.1323365, 41.2841723, 0.0 ], [ -70.1323642, 41.2843496, 0.0 ], [ -70.13247, 41.2850248, 0.0 ], [ -70.1327064, 41.2864871, 0.0 ], [ -70.1327166, 41.2865493, 0.0 ], [ -70.1328401, 41.2873124, 0.0 ] ] ] } },
{ "type": "Feature", "properties": { "Name": "Larrabee", "Acres": 14.9624, "Address": "5 Millbrook Rd, 101 Hummock Pond Rd", "Area": 651761.41111600003, "FID": 227, "Field_1": "Larrabee", "Hunting": null, "Name2": "Larrabee", "Owner": "NLB", "Perimeter": 4254.144663, "Seller_Nam": null }, "geometry": { "type": "Polygon", "coordinates": [ [ [ -70.1268484, 41.2723201, 0.0 ], [ -70.1256342, 41.2706696, 0.0 ], [ -70.1255613, 41.2705705, 0.0 ], [ -70.1252794, 41.2701872, 0.0 ], [ -70.1262779, 41.2699905, 0.0 ], [ -70.1267157, 41.2699042, 0.0 ], [ -70.1265372, 41.2694607, 0.0 ], [ -70.1257829, 41.2695166, 0.0 ], [ -70.1252789, 41.2695539, 0.0 ], [ -70.1248327, 41.269582, 0.0 ], [ -70.1243259, 41.2696245, 0.0 ], [ -70.1235981, 41.2696785, 0.0 ], [ -70.1235922, 41.2697424, 0.0 ], [ -70.1235673, 41.2699607, 0.0 ], [ -70.1235372, 41.270228, 0.0 ], [ -70.1235256, 41.2703312, 0.0 ], [ -70.1235103, 41.2704657, 0.0 ], [ -70.123481, 41.2705746, 0.0 ], [ -70.124689, 41.2713237, 0.0 ], [ -70.1243921, 41.2716361, 0.0 ], [ -70.1242438, 41.2718803, 0.0 ], [ -70.1253598, 41.2729821, 0.0 ], [ -70.1268227, 41.2723316, 0.0 ], [ -70.1268484, 41.2723201, 0.0 ] ] ] } },
{ "type": "Feature", "properties": { "Name": "Industrial Park", "Acres": 0.240856, "Address": "16, 16 R Shadbush Rd", "Area": 10491.638266, "FID": 228, "Field_1": "Industrial Park", "Hunting": null, "Name2": "Industrial Park", "Owner": "NLB", "Perimeter": 412.933727, "Seller_Nam": null }, "geometry": { "type": "Polygon", "coordinates": [ [ [ -70.0463096, 41.2579776, 0.0 ], [ -70.0462905, 41.2576613, 0.0 ], [ -70.0459604, 41.2576662, 0.0 ], [ -70.0459819, 41.2579858, 0.0 ], [ -70.0463096, 41.2579776, 0.0 ] ] ] } },
{ "type": "Feature", "properties": { "Name": "Hinsdale Rd", "Acres": 20.823, "Address": "Hinsdale Rd", "Area": 907045.79151600006, "FID": 229, "Field_1": "Hinsdale Rd", "Hunting": null, "Name2": "Hinsdale Rd", "Owner": "NLB", "Perimeter": 4949.472393, "Seller_Nam": null }, "geometry": { "type": "Polygon", "coordinates": [ [ [ -70.0440412, 41.2606868, 0.0 ], [ -70.0440713, 41.2605991, 0.0 ], [ -70.0430941, 41.2603848, 0.0 ], [ -70.042407, 41.2598936, 0.0 ], [ -70.0418223, 41.2591647, 0.0 ], [ -70.0416381, 41.2585532, 0.0 ], [ -70.0417931, 41.2575782, 0.0 ], [ -70.039612, 41.2572596, 0.0 ], [ -70.0382188, 41.2570372, 0.0 ], [ -70.0380901, 41.2570491, 0.0 ], [ -70.0387461, 41.2594439, 0.0 ], [ -70.0387377, 41.2595349, 0.0 ], [ -70.0440412, 41.2606868, 0.0 ] ] ] } },
{ "type": "Feature", "properties": { "Name": "65 and 67 Easton St.", "Acres": 0.217788, "Address": "65, 67 Easton St", "Area": 9486.819375, "FID": 230, "Field_1": "65 and 67 Easton St.", "Hunting": null, "Name2": "65 and 67 Easton St.", "Owner": "NLB", "Perimeter": 450.156909, "Seller_Nam": null }, "geometry": { "type": "Polygon", "coordinates": [ [ [ -70.0998423, 41.2881687, 0.0 ], [ -70.0998431, 41.2881685, 0.0 ], [ -70.0997866, 41.2880011, 0.0 ], [ -70.0995128, 41.2880734, 0.0 ], [ -70.0992531, 41.288142, 0.0 ], [ -70.0992436, 41.2881454, 0.0 ], [ -70.0992331, 41.2881509, 0.0 ], [ -70.099224, 41.2881577, 0.0 ], [ -70.0992166, 41.2881656, 0.0 ], [ -70.0992112, 41.2881743, 0.0 ], [ -70.0992078, 41.2881836, 0.0 ], [ -70.0992066, 41.2881932, 0.0 ], [ -70.0992077, 41.2882028, 0.0 ], [ -70.0992109, 41.2882122, 0.0 ], [ -70.0992163, 41.2882209, 0.0 ], [ -70.0992236, 41.2882289, 0.0 ], [ -70.0992259, 41.2882309, 0.0 ], [ -70.0993222, 41.2883046, 0.0 ], [ -70.0994642, 41.2882258, 0.0 ], [ -70.0995704, 41.2882161, 0.0 ], [ -70.0996937, 41.2882049, 0.0 ], [ -70.0998399, 41.2881693, 0.0 ], [ -70.0998423, 41.2881687, 0.0 ] ] ] } },
{ "type": "Feature", "properties": { "Name": "271 Polpis", "Acres": 7.1486, "Address": "271 Polpis", "Area": 311391.7195, "FID": 231, "Field_1": "271 Polpis", "Hunting": null, "Name2": "271 Polpis", "Owner": "NLB", "Perimeter": 2600.142356, "Seller_Nam": null }, "geometry": { "type": "Polygon", "coordinates": [ [ [ -70.0152852, 41.2961986, 0.0 ], [ -70.0143375, 41.2943836, 0.0 ], [ -70.0145521, 41.2938442, 0.0 ], [ -70.0142456, 41.2939632, 0.0 ], [ -70.0138425, 41.2939666, 0.0 ], [ -70.0134687, 41.2942574, 0.0 ], [ -70.0134228, 41.2944444, 0.0 ], [ -70.0130947, 41.29458, 0.0 ], [ -70.0133716, 41.2949641, 0.0 ], [ -70.0130404, 41.2952058, 0.0 ], [ -70.0141175, 41.2964393, 0.0 ], [ -70.0145648, 41.2963065, 0.0 ], [ -70.0148979, 41.2962284, 0.0 ], [ -70.0152852, 41.2961986, 0.0 ] ] ] } },
{ "type": "Feature", "properties": { "Name": "Madden", "Acres": 3.29296, "Address": "19 Wauwinet Rd", "Area": 143440.76265300001, "FID": 232, "Field_1": "Madden", "Hunting": null, "Name2": "Madden", "Owner": "NLB", "Perimeter": 2175.353872, "Seller_Nam": "Madden" }, "geometry": { "type": "Polygon", "coordinates": [ [ [ -70.0082443, 41.3054604, 0.0 ], [ -70.0077542, 41.3054694, 0.0 ], [ -70.007759, 41.3054407, 0.0 ], [ -70.0067985, 41.305212, 0.0 ], [ -70.0064549, 41.3051718, 0.0 ], [ -70.0064887, 41.3059952, 0.0 ], [ -70.0064987, 41.3062392, 0.0 ], [ -70.0063951, 41.3068158, 0.0 ], [ -70.0068961, 41.3067517, 0.0 ], [ -70.0069982, 41.3060645, 0.0 ], [ -70.0069279, 41.306035, 0.0 ], [ -70.0069322, 41.305829, 0.0 ], [ -70.0074215, 41.3058547, 0.0 ], [ -70.0074237, 41.3059233, 0.0 ], [ -70.0074642, 41.3059253, 0.0 ], [ -70.0075197, 41.305928, 0.0 ], [ -70.0082621, 41.3059425, 0.0 ], [ -70.0082709, 41.3059137, 0.0 ], [ -70.0082784, 41.3058813, 0.0 ], [ -70.0082851, 41.3058488, 0.0 ], [ -70.0082903, 41.305816, 0.0 ], [ -70.0082937, 41.3057832, 0.0 ], [ -70.0082953, 41.3057503, 0.0 ], [ -70.008291, 41.3057174, 0.0 ], [ -70.0082936, 41.3056845, 0.0 ], [ -70.0082902, 41.3056517, 0.0 ], [ -70.0082854, 41.3056189, 0.0 ], [ -70.0082793, 41.3055863, 0.0 ], [ -70.0082723, 41.3055538, 0.0 ], [ -70.0082639, 41.3055215, 0.0 ], [ -70.0082541, 41.3054894, 0.0 ], [ -70.0082443, 41.3054604, 0.0 ] ] ] } },
{ "type": "Feature", "properties": { "Name": "Peterson 321 Polpis", "Acres": 3.36408, "Address": "321 Polpis Rd", "Area": 89768.691951000001, "FID": 233, "Field_1": "Peterson 321 Polpis", "Hunting": null, "Name2": "Peterson 321 Polpis", "Owner": "NLB", "Perimeter": 1255.045368, "Seller_Nam": "Peterson" }, "geometry": { "type": "Polygon", "coordinates": [ [ [ -69.9979066, 41.2974025, 0.0 ], [ -69.9978867, 41.2976001, 0.0 ], [ -69.9978738, 41.2977283, 0.0 ], [ -69.9978767, 41.297759, 0.0 ], [ -70.000164, 41.2976326, 0.0 ], [ -69.9998604, 41.2974508, 0.0 ], [ -69.9995103, 41.2975, 0.0 ], [ -69.9994534, 41.2971117, 0.0 ], [ -69.9991002, 41.2969616, 0.0 ], [ -69.9983978, 41.2966631, 0.0 ], [ -69.9979104, 41.2968118, 0.0 ], [ -69.9979303, 41.2969457, 0.0 ], [ -69.9979364, 41.2970388, 0.0 ], [ -69.9979368, 41.2971047, 0.0 ], [ -69.9979066, 41.2974025, 0.0 ] ] ] } },
{ "type": "Feature", "properties": { "Name": "Dooley", "Acres": 4.66338, "Address": "201 Hummock Pond Rd", "Area": 203136.02846500001, "FID": 234, "Field_1": "Dooley", "Hunting": null, "Name2": "Dooley", "Owner": "NLB", "Perimeter": 2480.313514, "Seller_Nam": "Dooley Family Trust" }, "geometry": { "type": "Polygon", "coordinates": [ [ [ -70.1436955, 41.2618812, 0.0 ], [ -70.1437107, 41.2618861, 0.0 ], [ -70.1438431, 41.2617262, 0.0 ], [ -70.1439456, 41.2615039, 0.0 ], [ -70.1419539, 41.2607511, 0.0 ], [ -70.1407647, 41.2603017, 0.0 ], [ -70.1400724, 41.2608634, 0.0 ], [ -70.1422805, 41.2614271, 0.0 ], [ -70.1433608, 41.2617738, 0.0 ], [ -70.1436955, 41.2618812, 0.0 ] ] ] } },
{ "type": "Feature", "properties": { "Name": "3 Wannacomet Rd", "Acres": 0.969527, "Address": "3 Wannacomet Rd", "Area": 42232.442467000001, "FID": 235, "Field_1": "3 Wannacomet Rd", "Hunting": null, "Name2": "3 Wannacomet Rd", "Owner": "NLB", "Perimeter": 861.54346, "Seller_Nam": "NHA" }, "geometry": { "type": "Polygon", "coordinates": [ [ [ -70.1246808, 41.2835408, 0.0 ], [ -70.1247108, 41.2836024, 0.0 ], [ -70.1247033, 41.2836438, 0.0 ], [ -70.1246974, 41.2836766, 0.0 ], [ -70.1245824, 41.2837052, 0.0 ], [ -70.1247351, 41.2839847, 0.0 ], [ -70.1256539, 41.2839624, 0.0 ], [ -70.1253708, 41.2835086, 0.0 ], [ -70.1254055, 41.2834904, 0.0 ], [ -70.1253014, 41.2834049, 0.0 ], [ -70.1246808, 41.2835408, 0.0 ] ] ] } },
{ "type": "Feature", "properties": { "Name": "Smooth Hummocks", "Acres": 20.774799, "Address": "Smooth Hummocks", "Area": 904945.46901400003, "FID": 236, "Field_1": "Smooth Hummocks", "Hunting": null, "Name2": "Smooth Hummocks", "Owner": "NLB", "Perimeter": 7806.606308, "Seller_Nam": "NCF swap" }, "geometry": { "type": "Polygon", "coordinates": [ [ [ -70.1202383, 41.2536196, 0.0 ], [ -70.1201869, 41.2536996, 0.0 ], [ -70.1207253, 41.2538272, 0.0 ], [ -70.1209935, 41.253412, 0.0 ], [ -70.1212559, 41.2530055, 0.0 ], [ -70.1216209, 41.2524401, 0.0 ], [ -70.1225496, 41.2510018, 0.0 ], [ -70.1230707, 41.25105, 0.0 ], [ -70.1260117, 41.2465306, 0.0 ], [ -70.1268082, 41.245261, 0.0 ], [ -70.1268129, 41.2452535, 0.0 ], [ -70.1269599, 41.2450192, 0.0 ], [ -70.1269195, 41.245014, 0.0 ], [ -70.1268554, 41.2450041, 0.0 ], [ -70.1267979, 41.2449748, 0.0 ], [ -70.1266758, 41.2449405, 0.0 ], [ -70.1265093, 41.2448866, 0.0 ], [ -70.1263486, 41.2448521, 0.0 ], [ -70.1261306, 41.2448126, 0.0 ], [ -70.1259414, 41.2447609, 0.0 ], [ -70.1258316, 41.2449333, 0.0 ], [ -70.1258217, 41.2449489, 0.0 ], [ -70.1248131, 41.2465325, 0.0 ], [ -70.1235363, 41.2484909, 0.0 ], [ -70.1234827, 41.2485742, 0.0 ], [ -70.1202383, 41.2536196, 0.0 ] ] ] } },
{ "type": "Feature", "properties": { "Name": "112 Orange St.", "Acres": 0.11771, "Address": "112 Orange St", "Area": 5127.426866, "FID": 237, "Field_1": "112 Orange St.", "Hunting": null, "Name2": "112 Orange St.", "Owner": "NLB", "Perimeter": 293.09946, "Seller_Nam": "NCF swap" }, "geometry": { "type": "Polygon", "coordinates": [ [ [ -70.0934504, 41.2759253, 0.0 ], [ -70.0936123, 41.2760164, 0.0 ], [ -70.0938316, 41.2758327, 0.0 ], [ -70.0938012, 41.2758126, 0.0 ], [ -70.0936557, 41.2757391, 0.0 ], [ -70.0934504, 41.2759253, 0.0 ] ] ] } },
{ "type": "Feature", "properties": { "Name": "19 East Creek", "Acres": 0.850534, "Address": "19 East Creek Rd", "Area": 0.0, "FID": 238, "Field_1": "19 East Creek", "Hunting": null, "Name2": "19 East Creek", "Owner": "NLB", "Perimeter": 0.0, "Seller_Nam": null }, "geometry": { "type": "Polygon", "coordinates": [ [ [ -70.0894355, 41.2751778, 0.0 ], [ -70.0894742, 41.2751536, 0.0 ], [ -70.089635, 41.2750531, 0.0 ], [ -70.0896151, 41.275038, 0.0 ], [ -70.0893334, 41.2748525, 0.0 ], [ -70.0892093, 41.2747492, 0.0 ], [ -70.0890891, 41.2746584, 0.0 ], [ -70.0888198, 41.2743917, 0.0 ], [ -70.0886188, 41.2745268, 0.0 ], [ -70.088659, 41.2745753, 0.0 ], [ -70.0886737, 41.2746286, 0.0 ], [ -70.0886887, 41.2746907, 0.0 ], [ -70.0886967, 41.2747198, 0.0 ], [ -70.0887129, 41.2747589, 0.0 ], [ -70.0887217, 41.2748061, 0.0 ], [ -70.088733, 41.2748743, 0.0 ], [ -70.088739, 41.2749403, 0.0 ], [ -70.0887344, 41.2750212, 0.0 ], [ -70.0887326, 41.2750911, 0.0 ], [ -70.0887414, 41.2751361, 0.0 ], [ -70.0887991, 41.2751414, 0.0 ], [ -70.0888491, 41.2751489, 0.0 ], [ -70.0888951, 41.2751333, 0.0 ], [ -70.0889303, 41.2751105, 0.0 ], [ -70.0889745, 41.2750898, 0.0 ], [ -70.0890228, 41.2750748, 0.0 ], [ -70.0890734, 41.2750658, 0.0 ], [ -70.0891252, 41.2750631, 0.0 ], [ -70.089177, 41.2750668, 0.0 ], [ -70.0892274, 41.2750767, 0.0 ], [ -70.0892751, 41.2750926, 0.0 ], [ -70.0893186, 41.2751141, 0.0 ], [ -70.0893571, 41.2751406, 0.0 ], [ -70.0894133, 41.275169, 0.0 ], [ -70.0894355, 41.2751778, 0.0 ] ] ] } },
{ "type": "Feature", "properties": { "Name": "189 Eel Point Rd", "Acres": 4.67858, "Address": "189 Eel Point Rd", "Area": 0.0, "FID": 239, "Field_1": "189 Eel Point Rd", "Hunting": null, "Name2": "189 Eel Point Rd", "Owner": "NLB", "Perimeter": 0.0, "Seller_Nam": null }, "geometry": { "type": "Polygon", "coordinates": [ [ [ -70.1958157, 41.2915774, 0.0 ], [ -70.1945688, 41.2909353, 0.0 ], [ -70.193804, 41.2913543, 0.0 ], [ -70.1935729, 41.2914692, 0.0 ], [ -70.1925975, 41.2912101, 0.0 ], [ -70.1928241, 41.2915731, 0.0 ], [ -70.1926972, 41.292256, 0.0 ], [ -70.1926811, 41.2922873, 0.0 ], [ -70.1936951, 41.2920715, 0.0 ], [ -70.1937826, 41.292047, 0.0 ], [ -70.1958157, 41.2915774, 0.0 ] ] ] } },
{ "type": "Feature", "properties": { "Name": "Eel Point Rd", "Acres": 0.950015, "Address": "Eel Point Rd", "Area": 0.0, "FID": 240, "Field_1": "Eel Point Rd", "Hunting": null, "Name2": "Eel Point Rd", "Owner": "NLB", "Perimeter": 0.0, "Seller_Nam": null }, "geometry": { "type": "Polygon", "coordinates": [ [ [ -70.1958856, 41.2915055, 0.0 ], [ -70.1962994, 41.2910517, 0.0 ], [ -70.1959451, 41.2908383, 0.0 ], [ -70.1956795, 41.2907495, 0.0 ], [ -70.1956209, 41.2908136, 0.0 ], [ -70.1955918, 41.2908455, 0.0 ], [ -70.1952771, 41.2911898, 0.0 ], [ -70.1952949, 41.291199, 0.0 ], [ -70.1958831, 41.2915042, 0.0 ], [ -70.1958856, 41.2915055, 0.0 ] ] ] } },
{ "type": "Feature", "properties": { "Name": "Nobadeer Ball Fields", "Acres": 16.5557, "Address": "7 Nobadeer Farm Rd", "Area": 0.0, "FID": 241, "Field_1": "Nobadeer Ball Fields", "Hunting": null, "Name2": "Nobadeer Ball Fields", "Owner": "NLB", "Perimeter": 0.0, "Seller_Nam": null }, "geometry": { "type": "Polygon", "coordinates": [ [ [ -70.0600899, 41.2666935, 0.0 ], [ -70.0601381, 41.2667104, 0.0 ], [ -70.0601658, 41.2667258, 0.0 ], [ -70.0601984, 41.2667621, 0.0 ], [ -70.0602109, 41.2667888, 0.0 ], [ -70.0602208, 41.2668175, 0.0 ], [ -70.0602256, 41.2668556, 0.0 ], [ -70.0602228, 41.2668861, 0.0 ], [ -70.0602227, 41.2669147, 0.0 ], [ -70.0602452, 41.2669433, 0.0 ], [ -70.060293, 41.2669664, 0.0 ], [ -70.0603485, 41.26698, 0.0 ], [ -70.0604065, 41.2669935, 0.0 ], [ -70.0604746, 41.2670052, 0.0 ], [ -70.0605327, 41.2670093, 0.0 ], [ -70.0605857, 41.2670133, 0.0 ], [ -70.0606388, 41.2670058, 0.0 ], [ -70.0606844, 41.2669946, 0.0 ], [ -70.0607274, 41.2669814, 0.0 ], [ -70.0607654, 41.2669701, 0.0 ], [ -70.0608261, 41.2669551, 0.0 ], [ -70.0608767, 41.266942, 0.0 ], [ -70.0609348, 41.2669403, 0.0 ], [ -70.060998, 41.2669386, 0.0 ], [ -70.0610536, 41.2669388, 0.0 ], [ -70.061104, 41.2669466, 0.0 ], [ -70.0611671, 41.2669564, 0.0 ], [ -70.0612579, 41.2669739, 0.0 ], [ -70.0613563, 41.2669895, 0.0 ], [ -70.0614396, 41.2670051, 0.0 ], [ -70.0615279, 41.2670207, 0.0 ], [ -70.0616112, 41.2670343, 0.0 ], [ -70.0616919, 41.2670442, 0.0 ], [ -70.0617677, 41.2670483, 0.0 ], [ -70.061836, 41.267039, 0.0 ], [ -70.0618967, 41.2670183, 0.0 ], [ -70.0619373, 41.2669975, 0.0 ], [ -70.061983, 41.2669652, 0.0 ], [ -70.0620161, 41.2669158, 0.0 ], [ -70.0620419, 41.2668416, 0.0 ], [ -70.06206, 41.2667787, 0.0 ], [ -70.0620781, 41.2667102, 0.0 ], [ -70.0620937, 41.2666436, 0.0 ], [ -70.062117, 41.2665655, 0.0 ], [ -70.0621326, 41.2665008, 0.0 ], [ -70.0621457, 41.266436, 0.0 ], [ -70.0621639, 41.2663503, 0.0 ], [ -70.0621924, 41.2662418, 0.0 ], [ -70.0622182, 41.2661599, 0.0 ], [ -70.062254, 41.2661029, 0.0 ], [ -70.0622948, 41.2660421, 0.0 ], [ -70.0623331, 41.2659812, 0.0 ], [ -70.0623815, 41.2659147, 0.0 ], [ -70.0623994, 41.2658938, 0.0 ], [ -70.0634433, 41.2661722, 0.0 ], [ -70.0633992, 41.2663341, 0.0 ], [ -70.0633055, 41.2663775, 0.0 ], [ -70.0629806, 41.2673655, 0.0 ], [ -70.0624811, 41.2672721, 0.0 ], [ -70.0624205, 41.2672604, 0.0 ], [ -70.0624582, 41.2672853, 0.0 ], [ -70.062491, 41.2673045, 0.0 ], [ -70.0625135, 41.267337, 0.0 ], [ -70.0625436, 41.2673581, 0.0 ], [ -70.0625688, 41.2673811, 0.0 ], [ -70.0625963, 41.2674155, 0.0 ], [ -70.0626289, 41.2674499, 0.0 ], [ -70.0626718, 41.2674558, 0.0 ], [ -70.0627298, 41.2674751, 0.0 ], [ -70.0632267, 41.2675856, 0.0 ], [ -70.0628821, 41.2684972, 0.0 ], [ -70.0626943, 41.2689986, 0.0 ], [ -70.0618288, 41.2688094, 0.0 ], [ -70.061767, 41.2688414, 0.0 ], [ -70.0605656, 41.2685938, 0.0 ], [ -70.0596621, 41.2684223, 0.0 ], [ -70.0600875, 41.2671554, 0.0 ], [ -70.0599384, 41.2671195, 0.0 ], [ -70.0599224, 41.2671646, 0.0 ], [ -70.0598306, 41.267423, 0.0 ], [ -70.0597347, 41.2676934, 0.0 ], [ -70.0596378, 41.2679661, 0.0 ], [ -70.059565, 41.2681704, 0.0 ], [ -70.0595372, 41.2682577, 0.0 ], [ -70.0593319, 41.268892, 0.0 ], [ -70.0592897, 41.2690147, 0.0 ], [ -70.0592832, 41.2690415, 0.0 ], [ -70.0592921, 41.2690678, 0.0 ], [ -70.0593156, 41.2690885, 0.0 ], [ -70.0593977, 41.2691101, 0.0 ], [ -70.0609027, 41.2693276, 0.0 ], [ -70.0626698, 41.2695766, 0.0 ], [ -70.0645132, 41.2645972, 0.0 ], [ -70.0629892, 41.2643229, 0.0 ], [ -70.0628039, 41.2642895, 0.0 ], [ -70.062533, 41.2650264, 0.0 ], [ -70.0623811, 41.2654391, 0.0 ], [ -70.0623, 41.2656588, 0.0 ], [ -70.0621736, 41.2660029, 0.0 ], [ -70.0618841, 41.2667897, 0.0 ], [ -70.0601657, 41.2664802, 0.0 ], [ -70.0601333, 41.2665709, 0.0 ], [ -70.060111, 41.2666342, 0.0 ], [ -70.0600899, 41.2666935, 0.0 ] ] ] } },
{ "type": "Feature", "properties": { "Name": "Mill Hill Park/Dead Horse Valley", "Acres": 6.29771, "Address": "47 Prospect St", "Area": 0.0, "FID": 242, "Field_1": "Mill Hill Park/Dead Horse Valley", "Hunting": null, "Name2": "Mill Hill Park/Dead Horse Valley", "Owner": "NLB", "Perimeter": 0.0, "Seller_Nam": null }, "geometry": { "type": "Polygon", "coordinates": [ [ [ -70.1028451, 41.277638, 0.0 ], [ -70.102954, 41.2770088, 0.0 ], [ -70.1030025, 41.2766527, 0.0 ], [ -70.1030966, 41.2759838, 0.0 ], [ -70.1019888, 41.2759118, 0.0 ], [ -70.100581, 41.2758249, 0.0 ], [ -70.1011267, 41.2766492, 0.0 ], [ -70.1013765, 41.2769319, 0.0 ], [ -70.1020637, 41.2773542, 0.0 ], [ -70.1028451, 41.277638, 0.0 ] ] ] } },
{ "type": "Feature", "properties": { "Name": "Mill Hill Park/Dead Horse Valley", "Acres": 7.58447, "Address": "29 Vesper Ln", "Area": 0.0, "FID": 243, "Field_1": "Mill Hill Park/Dead Horse Valley", "Hunting": null, "Name2": "Mill Hill Park/Dead Horse Valley", "Owner": "NLB", "Perimeter": 0.0, "Seller_Nam": null }, "geometry": { "type": "Polygon", "coordinates": [ [ [ -70.1039553, 41.2771302, 0.0 ], [ -70.1039569, 41.2771312, 0.0 ], [ -70.1039572, 41.2771303, 0.0 ], [ -70.104061, 41.2768074, 0.0 ], [ -70.1041542, 41.2765177, 0.0 ], [ -70.1041787, 41.2764417, 0.0 ], [ -70.1041788, 41.2764412, 0.0 ], [ -70.1048676, 41.2765039, 0.0 ], [ -70.105171, 41.2765302, 0.0 ], [ -70.1056185, 41.276571, 0.0 ], [ -70.1057899, 41.2760893, 0.0 ], [ -70.1054256, 41.2760285, 0.0 ], [ -70.1054256, 41.2759621, 0.0 ], [ -70.1054256, 41.2758926, 0.0 ], [ -70.1054257, 41.2757506, 0.0 ], [ -70.1054257, 41.2756121, 0.0 ], [ -70.1054257, 41.2755743, 0.0 ], [ -70.1054258, 41.2754716, 0.0 ], [ -70.1050668, 41.2754271, 0.0 ], [ -70.1048223, 41.2753968, 0.0 ], [ -70.1047755, 41.2753919, 0.0 ], [ -70.1047389, 41.2753499, 0.0 ], [ -70.1047456, 41.2752336, 0.0 ], [ -70.1047562, 41.2750505, 0.0 ], [ -70.1047732, 41.2750169, 0.0 ], [ -70.1048061, 41.274991, 0.0 ], [ -70.1048677, 41.2749695, 0.0 ], [ -70.1045569, 41.2749312, 0.0 ], [ -70.1044911, 41.2752293, 0.0 ], [ -70.1044603, 41.2752259, 0.0 ], [ -70.1042896, 41.2752074, 0.0 ], [ -70.1041033, 41.2751857, 0.0 ], [ -70.1039506, 41.2751678, 0.0 ], [ -70.1037643, 41.2751461, 0.0 ], [ -70.1035762, 41.2751242, 0.0 ], [ -70.1034076, 41.2751057, 0.0 ], [ -70.1032045, 41.2763494, 0.0 ], [ -70.1031539, 41.2766578, 0.0 ], [ -70.1031351, 41.2768363, 0.0 ], [ -70.1037721, 41.2770172, 0.0 ], [ -70.1039406, 41.2771211, 0.0 ], [ -70.1039553, 41.2771302, 0.0 ] ] ] } },
{ "type": "Feature", "properties": { "Name": "Mill Hill Park/Dead Horse Valley", "Acres": 2.12322, "Address": "37, 39 Prospect St", "Area": 0.0, "FID": 244, "Field_1": "Mill Hill Park/Dead Horse Valley", "Hunting": null, "Name2": "Mill Hill Park/Dead Horse Valley", "Owner": "NLB", "Perimeter": 0.0, "Seller_Nam": null }, "geometry": { "type": "Polygon", "coordinates": [ [ [ -70.1036161, 41.2781415, 0.0 ], [ -70.1040891, 41.2777596, 0.0 ], [ -70.1043432, 41.2775463, 0.0 ], [ -70.1036955, 41.2771139, 0.0 ], [ -70.1031103, 41.2769513, 0.0 ], [ -70.102982, 41.2777191, 0.0 ], [ -70.1030414, 41.2777395, 0.0 ], [ -70.1036161, 41.2781415, 0.0 ] ] ] } },
{ "type": "Feature", "properties": { "Name": " ", "Acres": 0.086576, "Address": null, "Area": 0.0, "FID": 245, "Field_1": null, "Hunting": null, "Name2": null, "Owner": "NLB", "Perimeter": 0.0, "Seller_Nam": null }, "geometry": { "type": "Polygon", "coordinates": [ [ [ -70.0944706, 41.2799455, 0.0 ], [ -70.0945991, 41.2798554, 0.0 ], [ -70.0946765, 41.2798011, 0.0 ], [ -70.0946436, 41.2797746, 0.0 ], [ -70.0945227, 41.279677, 0.0 ], [ -70.0944922, 41.2796984, 0.0 ], [ -70.0944534, 41.2797303, 0.0 ], [ -70.094413, 41.2798987, 0.0 ], [ -70.0944706, 41.2799455, 0.0 ] ] ] } },
{ "type": "Feature", "properties": { "Name": " ", "Acres": 2.19313, "Address": null, "Area": 0.0, "FID": 246, "Field_1": null, "Hunting": null, "Name2": null, "Owner": "NLB", "Perimeter": 0.0, "Seller_Nam": null }, "geometry": { "type": "Polygon", "coordinates": [ [ [ -70.0788117, 41.2468114, 0.0 ], [ -70.0789433, 41.2458092, 0.0 ], [ -70.0790121, 41.2458157, 0.0 ], [ -70.079049, 41.2455317, 0.0 ], [ -70.0789809, 41.2455268, 0.0 ], [ -70.0782645, 41.2454681, 0.0 ], [ -70.0780898, 41.246753, 0.0 ], [ -70.0788117, 41.2468114, 0.0 ] ] ] } },
{ "type": "Feature", "properties": { "Name": " ", "Acres": 0.096598, "Address": null, "Area": 0.0, "FID": 247, "Field_1": null, "Hunting": null, "Name2": null, "Owner": "NLB", "Perimeter": 0.0, "Seller_Nam": null }, "geometry": { "type": "Polygon", "coordinates": [ [ [ -70.0939004, 41.280355, 0.0 ], [ -70.0942612, 41.2801079, 0.0 ], [ -70.0941824, 41.2800421, 0.0 ], [ -70.0938853, 41.2802518, 0.0 ], [ -70.0938517, 41.2802755, 0.0 ], [ -70.0938239, 41.2802951, 0.0 ], [ -70.0938488, 41.2803141, 0.0 ], [ -70.0939004, 41.280355, 0.0 ] ] ] } },
{ "type": "Feature", "properties": { "Name": " ", "Acres": 6.3e-05, "Address": null, "Area": 0.0, "FID": 248, "Field_1": null, "Hunting": null, "Name2": null, "Owner": "NLB", "Perimeter": 0.0, "Seller_Nam": null }, "geometry": { "type": "Polygon", "coordinates": [ [ [ -70.1098955, 41.2590838, 0.0 ], [ -70.1090794, 41.2587058, 0.0 ], [ -70.1081337, 41.2582678, 0.0 ], [ -70.1098955, 41.2590838, 0.0 ] ] ] } },
{ "type": "Feature", "properties": { "Name": " ", "Acres": 6.12142, "Address": null, "Area": 0.0, "FID": 249, "Field_1": null, "Hunting": null, "Name2": null, "Owner": "NLB", "Perimeter": 0.0, "Seller_Nam": null }, "geometry": { "type": "Polygon", "coordinates": [ [ [ -70.1098955, 41.2590838, 0.0 ], [ -70.1100225, 41.2586699, 0.0 ], [ -70.1101788, 41.2581628, 0.0 ], [ -70.1103323, 41.2576526, 0.0 ], [ -70.1104913, 41.2571421, 0.0 ], [ -70.1106386, 41.2567474, 0.0 ], [ -70.1102525, 41.2569304, 0.0 ], [ -70.1091424, 41.2574502, 0.0 ], [ -70.1087312, 41.2576436, 0.0 ], [ -70.1081337, 41.2582678, 0.0 ], [ -70.1090794, 41.2587058, 0.0 ], [ -70.1098955, 41.2590838, 0.0 ] ] ] } },
{ "type": "Feature", "properties": { "Name": " ", "Acres": 3.36046, "Address": null, "Area": 0.0, "FID": 250, "Field_1": null, "Hunting": null, "Name2": null, "Owner": "NLB", "Perimeter": 0.0, "Seller_Nam": null }, "geometry": { "type": "Polygon", "coordinates": [ [ [ -70.1327277, 41.279148, 0.0 ], [ -70.1327416, 41.2787796, 0.0 ], [ -70.1327849, 41.2785971, 0.0 ], [ -70.1315263, 41.2780661, 0.0 ], [ -70.1299299, 41.2785932, 0.0 ], [ -70.130048, 41.2787751, 0.0 ], [ -70.1301884, 41.2789543, 0.0 ], [ -70.1307512, 41.2787689, 0.0 ], [ -70.131619, 41.2784832, 0.0 ], [ -70.1322608, 41.2792781, 0.0 ], [ -70.1327277, 41.279148, 0.0 ] ] ] } },
{ "type": "Feature", "properties": { "Name": " ", "Acres": 0.64961, "Address": null, "Area": 0.0, "FID": 251, "Field_1": null, "Hunting": null, "Name2": null, "Owner": "NLB", "Perimeter": 0.0, "Seller_Nam": null }, "geometry": { "type": "Polygon", "coordinates": [ [ [ -70.1036296, 41.2789773, 0.0 ], [ -70.1036363, 41.2789833, 0.0 ], [ -70.1036606, 41.2789625, 0.0 ], [ -70.103399, 41.278729, 0.0 ], [ -70.103516, 41.2785987, 0.0 ], [ -70.1035511, 41.2785596, 0.0 ], [ -70.1034375, 41.2784145, 0.0 ], [ -70.1028136, 41.2783153, 0.0 ], [ -70.1027819, 41.2786736, 0.0 ], [ -70.1030813, 41.2786885, 0.0 ], [ -70.1030723, 41.2787984, 0.0 ], [ -70.1031461, 41.2787979, 0.0 ], [ -70.1031733, 41.2788998, 0.0 ], [ -70.1034238, 41.2787966, 0.0 ], [ -70.1034239, 41.2787968, 0.0 ], [ -70.1036296, 41.2789773, 0.0 ] ] ] } },
{ "type": "Feature", "properties": { "Name": " ", "Acres": 0.148485, "Address": null, "Area": 0.0, "FID": 252, "Field_1": null, "Hunting": null, "Name2": null, "Owner": "NLB", "Perimeter": 0.0, "Seller_Nam": null }, "geometry": { "type": "Polygon", "coordinates": [ [ [ -70.09141, 41.2735053, 0.0 ], [ -70.0912281, 41.273363, 0.0 ], [ -70.0909801, 41.2735401, 0.0 ], [ -70.0911903, 41.2736665, 0.0 ], [ -70.09141, 41.2735053, 0.0 ] ] ] } },
{ "type": "Feature", "properties": { "Name": " ", "Acres": 1.08231, "Address": null, "Area": 0.0, "FID": 253, "Field_1": null, "Hunting": null, "Name2": null, "Owner": "NLB", "Perimeter": 0.0, "Seller_Nam": null }, "geometry": { "type": "Polygon", "coordinates": [ [ [ -70.0773842, 41.2806343, 0.0 ], [ -70.0773874, 41.2806474, 0.0 ], [ -70.0773898, 41.2806573, 0.0 ], [ -70.0779028, 41.2805867, 0.0 ], [ -70.0779588, 41.280579, 0.0 ], [ -70.0781583, 41.2804639, 0.0 ], [ -70.078161, 41.2804623, 0.0 ], [ -70.0775496, 41.2797962, 0.0 ], [ -70.0772197, 41.2799588, 0.0 ], [ -70.0773842, 41.2806343, 0.0 ] ] ] } },
{ "type": "Feature", "properties": { "Name": " ", "Acres": 52.5937, "Address": null, "Area": 0.0, "FID": 254, "Field_1": null, "Hunting": null, "Name2": null, "Owner": "NLB", "Perimeter": 0.0, "Seller_Nam": null }, "geometry": { "type": "Polygon", "coordinates": [ [ [ -70.075221, 41.2688317, 0.0 ], [ -70.0759767, 41.2668419, 0.0 ], [ -70.0725311, 41.2661629, 0.0 ], [ -70.0708436, 41.2707641, 0.0 ], [ -70.0709713, 41.2707797, 0.0 ], [ -70.0765372, 41.2708153, 0.0 ], [ -70.0781588, 41.2673558, 0.0 ], [ -70.0765384, 41.2669729, 0.0 ], [ -70.0757586, 41.2689227, 0.0 ], [ -70.075221, 41.2688317, 0.0 ] ] ] } },
{ "type": "Feature", "properties": { "Name": " ", "Acres": 2.59415, "Address": null, "Area": 0.0, "FID": 255, "Field_1": null, "Hunting": null, "Name2": null, "Owner": "NLB", "Perimeter": 0.0, "Seller_Nam": null }, "geometry": { "type": "Polygon", "coordinates": [ [ [ -70.1176294, 41.2781106, 0.0 ], [ -70.1176814, 41.2776897, 0.0 ], [ -70.1177425, 41.2772001, 0.0 ], [ -70.1171896, 41.2771767, 0.0 ], [ -70.1171137, 41.2771735, 0.0 ], [ -70.116996, 41.2771543, 0.0 ], [ -70.1168773, 41.2771395, 0.0 ], [ -70.1167577, 41.2771291, 0.0 ], [ -70.1166377, 41.2771231, 0.0 ], [ -70.1166327, 41.2771531, 0.0 ], [ -70.1165586, 41.2776839, 0.0 ], [ -70.1164818, 41.2782335, 0.0 ], [ -70.1170515, 41.2781724, 0.0 ], [ -70.1176294, 41.2781106, 0.0 ] ] ] } },
{ "type": "Feature", "properties": { "Name": " ", "Acres": 0.339397, "Address": null, "Area": 0.0, "FID": 256, "Field_1": null, "Hunting": null, "Name2": null, "Owner": "NLB", "Perimeter": 0.0, "Seller_Nam": null }, "geometry": { "type": "Polygon", "coordinates": [ [ [ -69.9645658, 41.2600735, 0.0 ], [ -69.9645797, 41.260067, 0.0 ], [ -69.9645954, 41.2600359, 0.0 ], [ -69.9646094, 41.2600082, 0.0 ], [ -69.9643511, 41.2599605, 0.0 ], [ -69.9642058, 41.2599343, 0.0 ], [ -69.9625245, 41.2596099, 0.0 ], [ -69.9624976, 41.2596768, 0.0 ], [ -69.9633823, 41.2598465, 0.0 ], [ -69.9635525, 41.2598791, 0.0 ], [ -69.9635525, 41.2598791, 0.0 ], [ -69.9641785, 41.2599992, 0.0 ], [ -69.9643215, 41.2600244, 0.0 ], [ -69.9645039, 41.2600592, 0.0 ], [ -69.9645658, 41.2600735, 0.0 ] ] ] } },
{ "type": "Feature", "properties": { "Name": " ", "Acres": 0.062116, "Address": null, "Area": 0.0, "FID": 257, "Field_1": null, "Hunting": null, "Name2": null, "Owner": "NLB", "Perimeter": 0.0, "Seller_Nam": null }, "geometry": { "type": "Polygon", "coordinates": [ [ [ -70.0946264, 41.2800929, 0.0 ], [ -70.0945455, 41.2800257, 0.0 ], [ -70.0945646, 41.2800112, 0.0 ], [ -70.0945207, 41.2799716, 0.0 ], [ -70.0944943, 41.2799899, 0.0 ], [ -70.0943646, 41.2800792, 0.0 ], [ -70.0944898, 41.2801814, 0.0 ], [ -70.0946264, 41.2800929, 0.0 ] ] ] } },
{ "type": "Feature", "properties": { "Name": " ", "Acres": 5.64519, "Address": null, "Area": 0.0, "FID": 258, "Field_1": null, "Hunting": null, "Name2": null, "Owner": "NLB", "Perimeter": 0.0, "Seller_Nam": null }, "geometry": { "type": "Polygon", "coordinates": [ [ [ -70.0221416, 41.2943679, 0.0 ], [ -70.0222188, 41.2943754, 0.0 ], [ -70.0222585, 41.2943646, 0.0 ], [ -70.022285, 41.2943452, 0.0 ], [ -70.0223201, 41.2943391, 0.0 ], [ -70.0223624, 41.2943421, 0.0 ], [ -70.0223983, 41.29434, 0.0 ], [ -70.0224343, 41.2943335, 0.0 ], [ -70.0224689, 41.2943252, 0.0 ], [ -70.0225054, 41.2943228, 0.0 ], [ -70.022565, 41.2943099, 0.0 ], [ -70.0226216, 41.2943556, 0.0 ], [ -70.022657, 41.2943609, 0.0 ], [ -70.0227225, 41.2943561, 0.0 ], [ -70.0227589, 41.2943557, 0.0 ], [ -70.0227949, 41.2943576, 0.0 ], [ -70.0228308, 41.2943618, 0.0 ], [ -70.0228634, 41.2943725, 0.0 ], [ -70.0228764, 41.2944025, 0.0 ], [ -70.0228981, 41.2944244, 0.0 ], [ -70.0229248, 41.294443, 0.0 ], [ -70.0230048, 41.2945136, 0.0 ], [ -70.0230192, 41.2945386, 0.0 ], [ -70.0230477, 41.2945555, 0.0 ], [ -70.0230877, 41.2945601, 0.0 ], [ -70.0231315, 41.2945438, 0.0 ], [ -70.0231121, 41.2945206, 0.0 ], [ -70.0230968, 41.2944956, 0.0 ], [ -70.0230865, 41.2944693, 0.0 ], [ -70.0230808, 41.2944422, 0.0 ], [ -70.0230792, 41.2944148, 0.0 ], [ -70.0230812, 41.2943874, 0.0 ], [ -70.0230973, 41.2943611, 0.0 ], [ -70.0231134, 41.2943364, 0.0 ], [ -70.02313, 41.294312, 0.0 ], [ -70.0232121, 41.2942137, 0.0 ], [ -70.0232332, 41.2941914, 0.0 ], [ -70.0232538, 41.2941686, 0.0 ], [ -70.0232731, 41.2941454, 0.0 ], [ -70.0232915, 41.2941217, 0.0 ], [ -70.0233089, 41.2940977, 0.0 ], [ -70.0233255, 41.2940733, 0.0 ], [ -70.0233411, 41.2940485, 0.0 ], [ -70.0233568, 41.2940205, 0.0 ], [ -70.0233117, 41.2939717, 0.0 ], [ -70.0232937, 41.2939389, 0.0 ], [ -70.0232557, 41.2939166, 0.0 ], [ -70.0232207, 41.2939085, 0.0 ], [ -70.0231903, 41.2938938, 0.0 ], [ -70.0231646, 41.2938718, 0.0 ], [ -70.023086, 41.2937872, 0.0 ], [ -70.0230635, 41.2937657, 0.0 ], [ -70.0230422, 41.2937432, 0.0 ], [ -70.0230233, 41.2937198, 0.0 ], [ -70.0230062, 41.2936957, 0.0 ], [ -70.0229896, 41.2936692, 0.0 ], [ -70.0229971, 41.2936332, 0.0 ], [ -70.0230014, 41.2936059, 0.0 ], [ -70.023008, 41.2935783, 0.0 ], [ -70.0230186, 41.2935525, 0.0 ], [ -70.0230074, 41.2935268, 0.0 ], [ -70.0229812, 41.293504, 0.0 ], [ -70.0229737, 41.2934774, 0.0 ], [ -70.022978, 41.2934502, 0.0 ], [ -70.0229936, 41.2934257, 0.0 ], [ -70.0230183, 41.2934057, 0.0 ], [ -70.0230444, 41.2933835, 0.0 ], [ -70.0230523, 41.293357, 0.0 ], [ -70.0230444, 41.2933267, 0.0 ], [ -70.023045, 41.2932993, 0.0 ], [ -70.0230507, 41.2932722, 0.0 ], [ -70.0230618, 41.2932461, 0.0 ], [ -70.0230784, 41.2932214, 0.0 ], [ -70.0230964, 41.2931727, 0.0 ], [ -70.0231044, 41.2931462, 0.0 ], [ -70.0230977, 41.2931195, 0.0 ], [ -70.0230765, 41.2930973, 0.0 ], [ -70.0230399, 41.2930632, 0.0 ], [ -70.0228805, 41.2930276, 0.0 ], [ -70.0224873, 41.2929395, 0.0 ], [ -70.0217711, 41.2927825, 0.0 ], [ -70.0216441, 41.2929142, 0.0 ], [ -70.0214899, 41.2930432, 0.0 ], [ -70.021428, 41.2931123, 0.0 ], [ -70.0212985, 41.2932136, 0.0 ], [ -70.0212637, 41.2932376, 0.0 ], [ -70.0212121, 41.2932734, 0.0 ], [ -70.0210641, 41.2933607, 0.0 ], [ -70.0209841, 41.2934113, 0.0 ], [ -70.0208831, 41.2934707, 0.0 ], [ -70.0209329, 41.2935102, 0.0 ], [ -70.022023, 41.2942801, 0.0 ], [ -70.022119, 41.2943415, 0.0 ], [ -70.0221416, 41.2943679, 0.0 ] ] ] } },
{ "type": "Feature", "properties": { "Name": "Hinsdale Rd (Paper Rd)", "Acres": 0.91502, "Address": "Hinsdale Rd", "Area": 0.0, "FID": 259, "Field_1": "Hinsdale Rd (Paper Rd)", "Hunting": null, "Name2": "Hinsdale Rd (Paper Rd)", "Owner": "NLB", "Perimeter": 0.0, "Seller_Nam": null }, "geometry": { "type": "Polygon", "coordinates": [ [ [ -70.070348, 41.2656404, 0.0 ], [ -70.070317, 41.26573, 0.0 ], [ -70.072349, 41.2661278, 0.0 ], [ -70.0725311, 41.2661629, 0.0 ], [ -70.0745371, 41.2665562, 0.0 ], [ -70.0745711, 41.2664699, 0.0 ], [ -70.0735843, 41.2662769, 0.0 ], [ -70.0729899, 41.2661587, 0.0 ], [ -70.0723051, 41.2660243, 0.0 ], [ -70.0715164, 41.2658696, 0.0 ], [ -70.070806, 41.2657303, 0.0 ], [ -70.070348, 41.2656404, 0.0 ] ] ] } },
{ "type": "Feature", "properties": { "Name": "Backus/Dias", "Acres": 12.395, "Address": "5, 9 Backus Ln, 64 Surfside Rd, 3, 7 Pilot Whale Dr", "Area": 539925.84618200001, "FID": 260, "Field_1": "Backus/Dias", "Hunting": null, "Name2": "Backus/Dias", "Owner": "NLB", "Perimeter": 6650.13623, "Seller_Nam": null }, "geometry": { "type": "Polygon", "coordinates": [ [ [ -70.0972717, 41.2665102, 0.0 ], [ -70.0972757, 41.2665119, 0.0 ], [ -70.0972728, 41.2665094, 0.0 ], [ -70.0972717, 41.2665102, 0.0 ] ] ] } },
{ "type": "Feature", "properties": { "Name": "Backus/Dias", "Acres": 12.395, "Address": "5, 9 Backus Ln, 64 Surfside Rd, 3, 7 Pilot Whale Dr", "Area": 539925.84618200001, "FID": 261, "Field_1": "Backus/Dias", "Hunting": null, "Name2": "Backus/Dias", "Owner": "NLB", "Perimeter": 6650.13623, "Seller_Nam": null }, "geometry": { "type": "Polygon", "coordinates": [ [ [ -70.0993052, 41.2654046, 0.0 ], [ -70.0990256, 41.2655469, 0.0 ], [ -70.098783, 41.2656704, 0.0 ], [ -70.0989483, 41.265844, 0.0 ], [ -70.0993234, 41.2657061, 0.0 ], [ -70.0994292, 41.2656438, 0.0 ], [ -70.0999052, 41.2653644, 0.0 ], [ -70.1003662, 41.2653668, 0.0 ], [ -70.1003646, 41.2653339, 0.0 ], [ -70.100362, 41.265301, 0.0 ], [ -70.1003595, 41.2652682, 0.0 ], [ -70.1003565, 41.2652353, 0.0 ], [ -70.1002357, 41.2646257, 0.0 ], [ -70.0998499, 41.264664, 0.0 ], [ -70.0998684, 41.2647585, 0.0 ], [ -70.0997641, 41.2650143, 0.0 ], [ -70.0995802, 41.265262, 0.0 ], [ -70.0993052, 41.2654046, 0.0 ] ] ] } },
{ "type": "Feature", "properties": { "Name": " ", "Acres": 0.0, "Address": null, "Area": 0.0, "FID": 262, "Field_1": null, "Hunting": null, "Name2": null, "Owner": "NLB", "Perimeter": 0.0, "Seller_Nam": null }, "geometry": { "type": "Polygon", "coordinates": [ [ [ -70.0938316, 41.2758327, 0.0 ], [ -70.0936557, 41.2757391, 0.0 ], [ -70.0934504, 41.2759253, 0.0 ], [ -70.0936031, 41.2760113, 0.0 ], [ -70.0936123, 41.2760164, 0.0 ], [ -70.0938316, 41.2758327, 0.0 ] ] ] } },
{ "type": "Feature", "properties": { "Name": " ", "Acres": 0.0, "Address": null, "Area": 0.0, "FID": 263, "Field_1": null, "Hunting": false, "Name2": null, "Owner": "NLB", "Perimeter": 0.0, "Seller_Nam": null }, "geometry": { "type": "Polygon", "coordinates": [ [ [ -70.1228004, 41.2758746, 0.0 ], [ -70.1227983, 41.2756598, 0.0 ], [ -70.1226252, 41.2756357, 0.0 ], [ -70.1216989, 41.2758694, 0.0 ], [ -70.1204452, 41.2761725, 0.0 ], [ -70.1204465, 41.2766418, 0.0 ], [ -70.1205081, 41.2774739, 0.0 ], [ -70.1215946, 41.2776969, 0.0 ], [ -70.1219392, 41.2777961, 0.0 ], [ -70.1229308, 41.277838, 0.0 ], [ -70.1227936, 41.2774206, 0.0 ], [ -70.1234565, 41.2772869, 0.0 ], [ -70.1233602, 41.2764797, 0.0 ], [ -70.1228058, 41.2764133, 0.0 ], [ -70.1228004, 41.2758746, 0.0 ] ] ] } },
{ "type": "Feature", "properties": { "Name": " ", "Acres": 0.0, "Address": null, "Area": 0.0, "FID": 264, "Field_1": null, "Hunting": null, "Name2": null, "Owner": "NLB", "Perimeter": 0.0, "Seller_Nam": null }, "geometry": { "type": "Polygon", "coordinates": [ [ [ -70.1152215, 41.2468786, 0.0 ], [ -70.1152619, 41.2468065, 0.0 ], [ -70.1150984, 41.2467815, 0.0 ], [ -70.1150694, 41.2468498, 0.0 ], [ -70.1152215, 41.2468786, 0.0 ] ] ] } },
{ "type": "Feature", "properties": { "Name": " ", "Acres": 0.0, "Address": null, "Area": 0.0, "FID": 265, "Field_1": null, "Hunting": null, "Name2": null, "Owner": "NLB", "Perimeter": 0.0, "Seller_Nam": null }, "geometry": { "type": "Polygon", "coordinates": [ [ [ -70.1559199, 41.2538604, 0.0 ], [ -70.1566331, 41.2533583, 0.0 ], [ -70.1554552, 41.253106, 0.0 ], [ -70.1552429, 41.2531901, 0.0 ], [ -70.1532593, 41.2539199, 0.0 ], [ -70.153124, 41.2539705, 0.0 ], [ -70.1529131, 41.2540491, 0.0 ], [ -70.1531682, 41.2544729, 0.0 ], [ -70.1534426, 41.2549324, 0.0 ], [ -70.153468, 41.2549522, 0.0 ], [ -70.1534947, 41.2549709, 0.0 ], [ -70.1535223, 41.2549887, 0.0 ], [ -70.1535513, 41.2550051, 0.0 ], [ -70.1535822, 41.2550198, 0.0 ], [ -70.1536144, 41.2550326, 0.0 ], [ -70.1536475, 41.2550436, 0.0 ], [ -70.153682, 41.2550526, 0.0 ], [ -70.153717, 41.2550595, 0.0 ], [ -70.1537529, 41.2550644, 0.0 ], [ -70.1537892, 41.2550672, 0.0 ], [ -70.1538251, 41.255068, 0.0 ], [ -70.1538615, 41.2550666, 0.0 ], [ -70.1538979, 41.255063, 0.0 ], [ -70.1539334, 41.2550575, 0.0 ], [ -70.1539684, 41.2550498, 0.0 ], [ -70.1540021, 41.2550402, 0.0 ], [ -70.1540354, 41.2550286, 0.0 ], [ -70.1540668, 41.2550152, 0.0 ], [ -70.1540973, 41.2549999, 0.0 ], [ -70.1541256, 41.2549829, 0.0 ], [ -70.1541584, 41.2549654, 0.0 ], [ -70.1541894, 41.2549508, 0.0 ], [ -70.1542191, 41.2549347, 0.0 ], [ -70.1542469, 41.254917, 0.0 ], [ -70.1542729, 41.2548979, 0.0 ], [ -70.1542971, 41.2548775, 0.0 ], [ -70.1545372, 41.254703, 0.0 ], [ -70.1547932, 41.254509, 0.0 ], [ -70.1548905, 41.2545882, 0.0 ], [ -70.1549804, 41.2545218, 0.0 ], [ -70.1558151, 41.2539342, 0.0 ], [ -70.1559199, 41.2538604, 0.0 ] ] ] } },
{ "type": "Feature", "properties": { "Name": " ", "Acres": 0.0, "Address": null, "Area": 0.0, "FID": 266, "Field_1": null, "Hunting": null, "Name2": null, "Owner": "NLB", "Perimeter": 0.0, "Seller_Nam": null }, "geometry": { "type": "Polygon", "coordinates": [ [ [ -70.1155515, 41.2638942, 0.0 ], [ -70.1155528, 41.2638936, 0.0 ], [ -70.1156171, 41.2638643, 0.0 ], [ -70.1154381, 41.263635, 0.0 ], [ -70.115381, 41.2635616, 0.0 ], [ -70.1153809, 41.2635615, 0.0 ], [ -70.1153807, 41.2635616, 0.0 ], [ -70.1153267, 41.2636083, 0.0 ], [ -70.1152404, 41.2636834, 0.0 ], [ -70.1154559, 41.2639497, 0.0 ], [ -70.1154683, 41.2639321, 0.0 ], [ -70.1155515, 41.2638942, 0.0 ] ] ] } },
{ "type": "Feature", "properties": { "Name": " ", "Acres": 0.0, "Address": null, "Area": 0.0, "FID": 267, "Field_1": null, "Hunting": null, "Name2": null, "Owner": "NLB", "Perimeter": 0.0, "Seller_Nam": null }, "geometry": { "type": "Polygon", "coordinates": [ [ [ -70.1228919, 41.2780659, 0.0 ], [ -70.1229148, 41.2780724, 0.0 ], [ -70.1231868, 41.2781494, 0.0 ], [ -70.1230668, 41.2780637, 0.0 ], [ -70.1229899, 41.2780056, 0.0 ], [ -70.1229308, 41.277838, 0.0 ], [ -70.1219392, 41.2777961, 0.0 ], [ -70.1228919, 41.2780659, 0.0 ] ] ] } },
{ "type": "Feature", "properties": { "Name": " ", "Acres": 0.0, "Address": null, "Area": 0.0, "FID": 268, "Field_1": null, "Hunting": null, "Name2": null, "Owner": "NLB", "Perimeter": 0.0, "Seller_Nam": null }, "geometry": { "type": "Polygon", "coordinates": [ [ [ -70.1266889, 41.2720986, 0.0 ], [ -70.1268513, 41.2723189, 0.0 ], [ -70.1275887, 41.2733188, 0.0 ], [ -70.1275893, 41.2733196, 0.0 ], [ -70.1282988, 41.2729417, 0.0 ], [ -70.1283563, 41.2729111, 0.0 ], [ -70.1283566, 41.2729092, 0.0 ], [ -70.1284003, 41.2725029, 0.0 ], [ -70.1284018, 41.2724886, 0.0 ], [ -70.1277854, 41.2718346, 0.0 ], [ -70.1277784, 41.2718271, 0.0 ], [ -70.1276946, 41.27169, 0.0 ], [ -70.1266889, 41.2720986, 0.0 ] ] ] } },
{ "type": "Feature", "properties": { "Name": "41 Jefferson Ave", "Acres": 1.13719, "Address": "41 Jefferson Ave", "Area": 49536.124281999997, "FID": 269, "Field_1": "41 Jefferson Ave", "Hunting": null, "Name2": "41 Jefferson Ave", "Owner": "NLB", "Perimeter": 1165.359513, "Seller_Nam": null }, "geometry": { "type": "Polygon", "coordinates": [ [ [ -70.1081817, 41.2961493, 0.0 ], [ -70.1081863, 41.296148, 0.0 ], [ -70.1079966, 41.2953953, 0.0 ], [ -70.1078938, 41.2950238, 0.0 ], [ -70.1078764, 41.2949599, 0.0 ], [ -70.1077761, 41.2950039, 0.0 ], [ -70.1077978, 41.2951043, 0.0 ], [ -70.1076669, 41.2951188, 0.0 ], [ -70.1076539, 41.2950576, 0.0 ], [ -70.1074983, 41.2951259, 0.0 ], [ -70.107561, 41.2953748, 0.0 ], [ -70.1077694, 41.2962703, 0.0 ], [ -70.1078391, 41.2962415, 0.0 ], [ -70.1078879, 41.2962284, 0.0 ], [ -70.1081394, 41.2961608, 0.0 ], [ -70.1081817, 41.2961493, 0.0 ] ] ] } },
{ "type": "Feature", "properties": { "Name": "Field of Dreams", "Acres": 0.229608, "Address": null, "Area": 0.229608, "FID": 270, "Field_1": "Field of Dreams", "Hunting": null, "Name2": "Field of Dreams", "Owner": "NLB", "Perimeter": 0.0, "Seller_Nam": null }, "geometry": { "type": "Polygon", "coordinates": [ [ [ -69.9674789, 41.2639037, 0.0 ], [ -69.9675314, 41.2637637, 0.0 ], [ -69.9675834, 41.2636249, 0.0 ], [ -69.9675379, 41.2636188, 0.0 ], [ -69.9674099, 41.263601, 0.0 ], [ -69.9672359, 41.2635769, 0.0 ], [ -69.9672191, 41.2635746, 0.0 ], [ -69.9672168, 41.2635963, 0.0 ], [ -69.9672098, 41.2636627, 0.0 ], [ -69.967205, 41.2637072, 0.0 ], [ -69.9672031, 41.2637208, 0.0 ], [ -69.9671874, 41.263812, 0.0 ], [ -69.9671758, 41.2638826, 0.0 ], [ -69.9672069, 41.2638848, 0.0 ], [ -69.967332, 41.2638938, 0.0 ], [ -69.9674789, 41.2639037, 0.0 ] ] ] } },
{ "type": "Feature", "properties": { "Name": "Millbrook Orchard", "Acres": 23.806, "Address": null, "Area": 0.0, "FID": 271, "Field_1": "Millbrook Orchard", "Hunting": null, "Name2": "Millbrook Orchard", "Owner": "NLB", "Perimeter": 0.0, "Seller_Nam": null }, "geometry": { "type": "Polygon", "coordinates": [ [ [ -70.1304702, 41.2764954, 0.0 ], [ -70.1304733, 41.2764939, 0.0 ], [ -70.1304754, 41.276493, 0.0 ], [ -70.1306975, 41.2766033, 0.0 ], [ -70.1308532, 41.2764736, 0.0 ], [ -70.1312388, 41.2762847, 0.0 ], [ -70.1313167, 41.2761841, 0.0 ], [ -70.131454, 41.2760439, 0.0 ], [ -70.1315832, 41.2759088, 0.0 ], [ -70.1315917, 41.2758999, 0.0 ], [ -70.1317007, 41.2757726, 0.0 ], [ -70.1318011, 41.275521, 0.0 ], [ -70.1315214, 41.2754577, 0.0 ], [ -70.130385, 41.2752031, 0.0 ], [ -70.1294833, 41.2750112, 0.0 ], [ -70.1288376, 41.2745087, 0.0 ], [ -70.1284, 41.2741686, 0.0 ], [ -70.1284571, 41.2740791, 0.0 ], [ -70.1283572, 41.2740082, 0.0 ], [ -70.1279392, 41.273712, 0.0 ], [ -70.1276106, 41.2734753, 0.0 ], [ -70.1274928, 41.2736121, 0.0 ], [ -70.1272202, 41.2739338, 0.0 ], [ -70.1270139, 41.2741822, 0.0 ], [ -70.1268943, 41.2744245, 0.0 ], [ -70.1266373, 41.2749447, 0.0 ], [ -70.1263826, 41.2754602, 0.0 ], [ -70.1262959, 41.2756087, 0.0 ], [ -70.1261174, 41.275916, 0.0 ], [ -70.1261149, 41.2759513, 0.0 ], [ -70.1261221, 41.2760095, 0.0 ], [ -70.1261499, 41.2760781, 0.0 ], [ -70.1261893, 41.2761328, 0.0 ], [ -70.12625, 41.2761809, 0.0 ], [ -70.1266766, 41.2763043, 0.0 ], [ -70.1273191, 41.2764902, 0.0 ], [ -70.1274726, 41.2765421, 0.0 ], [ -70.1281673, 41.2767781, 0.0 ], [ -70.1287832, 41.27699, 0.0 ], [ -70.1288887, 41.2770231, 0.0 ], [ -70.1289673, 41.2770405, 0.0 ], [ -70.1291699, 41.2770883, 0.0 ], [ -70.1296704, 41.2768601, 0.0 ], [ -70.1304702, 41.2764954, 0.0 ] ] ] } },
{ "type": "Feature", "properties": { "Name": "31 Fairgrounds Rd", "Acres": 0.594667, "Address": "31 Fairgrounds Rd", "Area": 0.594667, "FID": 272, "Field_1": "31 Fairgrounds Rd", "Hunting": null, "Name2": "31 Fairgrounds Rd", "Owner": "NLB", "Perimeter": 0.0, "Seller_Nam": null }, "geometry": { "type": "Polygon", "coordinates": [ [ [ -70.0907181, 41.2658417, 0.0 ], [ -70.0903141, 41.2662375, 0.0 ], [ -70.0906095, 41.2665027, 0.0 ], [ -70.0911041, 41.2661909, 0.0 ], [ -70.0907181, 41.2658417, 0.0 ] ] ] } },
{ "type": "Feature", "properties": { "Name": "Boynton", "Acres": 0.0, "Address": "17, 19, 21 Boynton Ln", "Area": 0.0, "FID": 273, "Field_1": "Boynton", "Hunting": null, "Name2": "Boynton", "Owner": "NLB/Nourish Nantucket", "Perimeter": 0.0, "Seller_Nam": null }, "geometry": { "type": "Polygon", "coordinates": [ [ [ -70.1019969, 41.2673714, 0.0 ], [ -70.1020208, 41.2672707, 0.0 ], [ -70.102032, 41.2672233, 0.0 ], [ -70.1020322, 41.2672227, 0.0 ], [ -70.102032, 41.2672227, 0.0 ], [ -70.1018409, 41.267276, 0.0 ], [ -70.1018017, 41.2672869, 0.0 ], [ -70.1018016, 41.267287, 0.0 ], [ -70.1015918, 41.2673456, 0.0 ], [ -70.1015558, 41.2673556, 0.0 ], [ -70.1015556, 41.2673556, 0.0 ], [ -70.1013176, 41.2674221, 0.0 ], [ -70.1012356, 41.2677467, 0.0 ], [ -70.1012183, 41.2678153, 0.0 ], [ -70.1014547, 41.2677565, 0.0 ], [ -70.1015139, 41.2677418, 0.0 ], [ -70.1016424, 41.2677098, 0.0 ], [ -70.1016505, 41.2677078, 0.0 ], [ -70.1016896, 41.267698, 0.0 ], [ -70.1017215, 41.2676901, 0.0 ], [ -70.1019342, 41.2676371, 0.0 ], [ -70.1019715, 41.2674785, 0.0 ], [ -70.1019969, 41.2673714, 0.0 ] ] ] } },
{ "type": "Feature", "properties": { "Name": "Surfside Wastewater Treatment Plant CR area", "Acres": 0.0, "Address": null, "Area": 0.0, "FID": 274, "Field_1": "Surfside Wastewater Treatment Plant CR area", "Hunting": null, "Name2": "Surfside Wastewater Treatment Plant CR area", "Owner": "NLB", "Perimeter": 0.0, "Seller_Nam": null }, "geometry": { "type": "Polygon", "coordinates": [ [ [ -70.1066359, 41.2466291, 0.0 ], [ -70.1067222, 41.246477, 0.0 ], [ -70.1067836, 41.2463688, 0.0 ], [ -70.1068268, 41.2462836, 0.0 ], [ -70.1068397, 41.2462584, 0.0 ], [ -70.1046632, 41.2456179, 0.0 ], [ -70.1044842, 41.2459687, 0.0 ], [ -70.1044239, 41.2460912, 0.0 ], [ -70.1045033, 41.2461159, 0.0 ], [ -70.1056353, 41.2464602, 0.0 ], [ -70.1059701, 41.2465656, 0.0 ], [ -70.1058203, 41.2468386, 0.0 ], [ -70.1060182, 41.2468958, 0.0 ], [ -70.1064216, 41.2470119, 0.0 ], [ -70.1064744, 41.2469167, 0.0 ], [ -70.106553, 41.2467766, 0.0 ], [ -70.1066058, 41.2466821, 0.0 ], [ -70.1066359, 41.2466291, 0.0 ] ] ] } },
{ "type": "Feature", "properties": { "Name": "Surfside Wastewater Treatment Plant CR area", "Acres": 0.0, "Address": null, "Area": 0.0, "FID": 275, "Field_1": "Surfside Wastewater Treatment Plant CR area", "Hunting": null, "Name2": "Surfside Wastewater Treatment Plant CR area", "Owner": "NLB", "Perimeter": 0.0, "Seller_Nam": null }, "geometry": { "type": "MultiPolygon", "coordinates": [ [ [ [ -70.1136781, 41.2430162, 0.0 ], [ -70.1136783, 41.2429625, 0.0 ], [ -70.1136788, 41.2428324, 0.0 ], [ -70.1136789, 41.2428215, 0.0 ], [ -70.113908, 41.24283, 0.0 ], [ -70.1139081, 41.2427751, 0.0 ], [ -70.1138118, 41.2427689, 0.0 ], [ -70.1136353, 41.2427228, 0.0 ], [ -70.1134545, 41.2426998, 0.0 ], [ -70.1127709, 41.2427807, 0.0 ], [ -70.11199, 41.2427697, 0.0 ], [ -70.1116874, 41.2427643, 0.0 ], [ -70.1114116, 41.2427981, 0.0 ], [ -70.1102618, 41.2430665, 0.0 ], [ -70.1102703, 41.2431472, 0.0 ], [ -70.1103683, 41.2436698, 0.0 ], [ -70.1104722, 41.2442001, 0.0 ], [ -70.1100652, 41.2443329, 0.0 ], [ -70.1093932, 41.2442985, 0.0 ], [ -70.1087646, 41.2442665, 0.0 ], [ -70.1086372, 41.2442712, 0.0 ], [ -70.1079582, 41.2441738, 0.0 ], [ -70.1079241, 41.2442365, 0.0 ], [ -70.107918, 41.24424, 0.0 ], [ -70.1076703, 41.2442027, 0.0 ], [ -70.1078674, 41.2443487, 0.0 ], [ -70.1078635, 41.2443481, 0.0 ], [ -70.1078634, 41.2443481, 0.0 ], [ -70.1078654, 41.2443496, 0.0 ], [ -70.1089771, 41.2445125, 0.0 ], [ -70.1094774, 41.2445863, 0.0 ], [ -70.1099784, 41.2446603, 0.0 ], [ -70.1108186, 41.2447843, 0.0 ], [ -70.1108299, 41.2447439, 0.0 ], [ -70.1109188, 41.2444246, 0.0 ], [ -70.1109308, 41.2443816, 0.0 ], [ -70.1109777, 41.2443884, 0.0 ], [ -70.1119431, 41.2445297, 0.0 ], [ -70.1120139, 41.2445401, 0.0 ], [ -70.1120605, 41.2445469, 0.0 ], [ -70.1120708, 41.2445079, 0.0 ], [ -70.1121663, 41.2441447, 0.0 ], [ -70.1122058, 41.2439942, 0.0 ], [ -70.112305, 41.2440082, 0.0 ], [ -70.1123213, 41.2439478, 0.0 ], [ -70.1120506, 41.243905, 0.0 ], [ -70.1121393, 41.2435711, 0.0 ], [ -70.1121866, 41.2433904, 0.0 ], [ -70.1122223, 41.2432453, 0.0 ], [ -70.1126763, 41.2432198, 0.0 ], [ -70.1130743, 41.2431978, 0.0 ], [ -70.1134926, 41.2431757, 0.0 ], [ -70.1136775, 41.2431643, 0.0 ], [ -70.1136781, 41.2430162, 0.0 ] ] ], [ [ [ -70.1069048, 41.2451975, 0.0 ], [ -70.1066649, 41.2455381, 0.0 ], [ -70.1052508, 41.2455332, 0.0 ], [ -70.1051867, 41.245695, 0.0 ], [ -70.1068716, 41.246196, 0.0 ], [ -70.1069971, 41.245974, 0.0 ], [ -70.1070522, 41.2458764, 0.0 ], [ -70.1071264, 41.245745, 0.0 ], [ -70.1072125, 41.2455927, 0.0 ], [ -70.107223, 41.245574, 0.0 ], [ -70.1072596, 41.2455041, 0.0 ], [ -70.1073387, 41.2453526, 0.0 ], [ -70.1073718, 41.2452892, 0.0 ], [ -70.1074339, 41.2451705, 0.0 ], [ -70.1074728, 41.2450958, 0.0 ], [ -70.1074838, 41.2450749, 0.0 ], [ -70.1075065, 41.2450313, 0.0 ], [ -70.1075352, 41.2449765, 0.0 ], [ -70.1078654, 41.2443496, 0.0 ], [ -70.1078629, 41.2443492, 0.0 ], [ -70.1078634, 41.2443481, 0.0 ], [ -70.1076694, 41.2442038, 0.0 ], [ -70.1071677, 41.2448243, 0.0 ], [ -70.1069048, 41.2451975, 0.0 ] ] ] ] } }
]
}
